key,scientificName,species,decimalLatitude,decimalLongitude,stateProvince,municipality,basisOfRecord,year,datasetKey,datasetName,institutionCode,collectionCode,coordinateUncertaintyInMeters,issues,especie_consulta
6133321895,"Atelopus spurrelli Boulenger, 1914",Atelopus spurrelli,6.178314,-77.433965,Chocó,,HUMAN_OBSERVATION,2026.0,50c9509d-22c7-4a22-a47d-8c48425ef4a7,iNaturalist research-grade observations,iNaturalist,Observations,31362.0,"['COORDINATE_ROUNDED', 'CONTINENT_DERIVED_FROM_COORDINATES', 'TAXON_ID_NOT_FOUND']",Atelopus
6163002180,"Atelopus spurrelli Boulenger, 1914",Atelopus spurrelli,5.981648,-77.28776,Chocó,,HUMAN_OBSERVATION,2026.0,50c9509d-22c7-4a22-a47d-8c48425ef4a7,iNaturalist research-grade observations,iNaturalist,Observations,31368.0,"['COORDINATE_ROUNDED', 'CONTINENT_DERIVED_FROM_COORDINATES', 'TAXON_ID_NOT_FOUND']",Atelopus
6234955645,"Atelopus laetissimus Ruiz-Carranza, Ardila-Robayo & Hernández-Camacho, 1994",Atelopus laetissimus,11.150515,-74.023372,Magdalena,,HUMAN_OBSERVATION,2026.0,50c9509d-22c7-4a22-a47d-8c48425ef4a7,iNaturalist research-grade observations,iNaturalist,Observations,31158.0,"['COORDINATE_ROUNDED', 'CONTINENT_DERIVED_FROM_COORDINATES', 'TAXON_ID_NOT_FOUND']",Atelopus
6235651099,"Atelopus spurrelli Boulenger, 1914",Atelopus spurrelli,6.254949,-77.574333,Chocó,,HUMAN_OBSERVATION,2026.0,50c9509d-22c7-4a22-a47d-8c48425ef4a7,iNaturalist research-grade observations,iNaturalist,Observations,31356.0,"['COORDINATE_ROUNDED', 'TAXON_ID_NOT_FOUND']",Atelopus
6400598488,"Atelopus spurrelli Boulenger, 1914",Atelopus spurrelli,5.979327,-77.302848,Chocó,,HUMAN_OBSERVATION,2026.0,50c9509d-22c7-4a22-a47d-8c48425ef4a7,iNaturalist research-grade observations,iNaturalist,Observations,31368.0,"['COORDINATE_ROUNDED', 'CONTINENT_DERIVED_FROM_COORDINATES', 'TAXON_ID_NOT_FOUND']",Atelopus
6334473081,"Atelopus spurrelli Boulenger, 1914",Atelopus spurrelli,6.330204,-77.451909,Chocó,,HUMAN_OBSERVATION,2026.0,50c9509d-22c7-4a22-a47d-8c48425ef4a7,iNaturalist research-grade observations,iNaturalist,Observations,31356.0,"['COORDINATE_ROUNDED', 'CONTINENT_DERIVED_FROM_COORDINATES', 'TAXON_ID_NOT_FOUND']",Atelopus
6469978981,"Atelopus spurrelli Boulenger, 1914",Atelopus spurrelli,6.025047,-77.417145,Chocó,,HUMAN_OBSERVATION,2026.0,50c9509d-22c7-4a22-a47d-8c48425ef4a7,iNaturalist research-grade observations,iNaturalist,Observations,31362.0,"['COORDINATE_ROUNDED', 'CONTINENT_DERIVED_FROM_COORDINATES', 'TAXON_ID_NOT_FOUND']",Atelopus
6469693996,"Atelopus spurrelli Boulenger, 1914",Atelopus spurrelli,6.114629,-77.510617,Chocó,,HUMAN_OBSERVATION,2026.0,50c9509d-22c7-4a22-a47d-8c48425ef4a7,iNaturalist research-grade observations,iNaturalist,Observations,31362.0,"['COORDINATE_ROUNDED', 'CONTINENT_DERIVED_FROM_COORDINATES', 'TAXON_ID_NOT_FOUND']",Atelopus
6498337711,"Atelopus spurrelli Boulenger, 1914",Atelopus spurrelli,5.907266,-77.305452,Chocó,,HUMAN_OBSERVATION,2026.0,50c9509d-22c7-4a22-a47d-8c48425ef4a7,iNaturalist research-grade observations,iNaturalist,Observations,31368.0,"['COORDINATE_ROUNDED', 'CONTINENT_DERIVED_FROM_COORDINATES', 'TAXON_ID_NOT_FOUND']",Atelopus
6500277428,"Atelopus spurrelli Boulenger, 1914",Atelopus spurrelli,5.965334,-77.243316,Chocó,,HUMAN_OBSERVATION,2026.0,50c9509d-22c7-4a22-a47d-8c48425ef4a7,iNaturalist research-grade observations,iNaturalist,Observations,31368.0,"['COORDINATE_ROUNDED', 'CONTINENT_DERIVED_FROM_COORDINATES', 'TAXON_ID_NOT_FOUND']",Atelopus
5087379343,"Atelopus spurrelli Boulenger, 1914",Atelopus spurrelli,6.32411,-77.280694,Chocó,,HUMAN_OBSERVATION,2025.0,50c9509d-22c7-4a22-a47d-8c48425ef4a7,iNaturalist research-grade observations,iNaturalist,Observations,31356.0,"['COORDINATE_ROUNDED', 'CONTINENT_DERIVED_FROM_COORDINATES', 'TAXON_ID_NOT_FOUND']",Atelopus
5087494510,"Atelopus spurrelli Boulenger, 1914",Atelopus spurrelli,6.387289,-77.366184,Chocó,,HUMAN_OBSERVATION,2025.0,50c9509d-22c7-4a22-a47d-8c48425ef4a7,iNaturalist research-grade observations,iNaturalist,Observations,31356.0,"['COORDINATE_ROUNDED', 'CONTINENT_DERIVED_FROM_COORDINATES', 'TAXON_ID_NOT_FOUND']",Atelopus
5087341599,"Atelopus spurrelli Boulenger, 1914",Atelopus spurrelli,6.105391,-77.591714,Chocó,,HUMAN_OBSERVATION,2025.0,50c9509d-22c7-4a22-a47d-8c48425ef4a7,iNaturalist research-grade observations,iNaturalist,Observations,31362.0,"['COORDINATE_ROUNDED', 'TAXON_ID_NOT_FOUND']",Atelopus
5167233542,"Atelopus spurrelli Boulenger, 1914",Atelopus spurrelli,6.03066,-77.402027,Chocó,,HUMAN_OBSERVATION,2025.0,50c9509d-22c7-4a22-a47d-8c48425ef4a7,iNaturalist research-grade observations,iNaturalist,Observations,31362.0,"['COORDINATE_ROUNDED', 'CONTINENT_DERIVED_FROM_COORDINATES', 'TAXON_ID_NOT_FOUND']",Atelopus
5108421371,"Atelopus spurrelli Boulenger, 1914",Atelopus spurrelli,6.065168,-77.350443,Chocó,,HUMAN_OBSERVATION,2025.0,50c9509d-22c7-4a22-a47d-8c48425ef4a7,iNaturalist research-grade observations,iNaturalist,Observations,31362.0,"['COORDINATE_ROUNDED', 'CONTINENT_DERIVED_FROM_COORDINATES', 'TAXON_ID_NOT_FOUND']",Atelopus
5140604194,"Atelopus laetissimus Ruiz-Carranza, Ardila-Robayo & Hernández-Camacho, 1994",Atelopus laetissimus,11.060836,-74.089227,Magdalena,,HUMAN_OBSERVATION,2025.0,50c9509d-22c7-4a22-a47d-8c48425ef4a7,iNaturalist research-grade observations,iNaturalist,Observations,31158.0,"['COORDINATE_ROUNDED', 'CONTINENT_DERIVED_FROM_COORDINATES', 'TAXON_ID_NOT_FOUND']",Atelopus
5140616207,"Atelopus laetissimus Ruiz-Carranza, Ardila-Robayo & Hernández-Camacho, 1994",Atelopus laetissimus,11.076016,-74.138872,Magdalena,,HUMAN_OBSERVATION,2025.0,50c9509d-22c7-4a22-a47d-8c48425ef4a7,iNaturalist research-grade observations,iNaturalist,Observations,31158.0,"['COORDINATE_ROUNDED', 'CONTINENT_DERIVED_FROM_COORDINATES', 'TAXON_ID_NOT_FOUND']",Atelopus
6186025428,"Atelopus spurrelli Boulenger, 1914",Atelopus spurrelli,6.054484,-77.55413,Chocó,,HUMAN_OBSERVATION,2025.0,50c9509d-22c7-4a22-a47d-8c48425ef4a7,iNaturalist research-grade observations,iNaturalist,Observations,31362.0,"['COORDINATE_ROUNDED', 'TAXON_ID_NOT_FOUND']",Atelopus
5167959319,"Atelopus spurrelli Boulenger, 1914",Atelopus spurrelli,6.055512,-77.586004,Chocó,,HUMAN_OBSERVATION,2025.0,50c9509d-22c7-4a22-a47d-8c48425ef4a7,iNaturalist research-grade observations,iNaturalist,Observations,31362.0,"['COORDINATE_ROUNDED', 'TAXON_ID_NOT_FOUND']",Atelopus
5168443034,"Atelopus lozanoi Osorno-Muñoz, Ardila-Robayo & Ruiz-Carranza, 2001",Atelopus lozanoi,4.433729,-73.708387,Cundinamarca,,HUMAN_OBSERVATION,2025.0,50c9509d-22c7-4a22-a47d-8c48425ef4a7,iNaturalist research-grade observations,iNaturalist,Observations,31403.0,"['COORDINATE_ROUNDED', 'CONTINENT_DERIVED_FROM_COORDINATES', 'TAXON_ID_NOT_FOUND']",Atelopus
5199248575,"Atelopus nahumae Ruiz-Carranza, Ardila-Robayo & Hernández-Camacho, 1994",Atelopus nahumae,10.812734,-73.92527,Magdalena,,HUMAN_OBSERVATION,2025.0,50c9509d-22c7-4a22-a47d-8c48425ef4a7,iNaturalist research-grade observations,iNaturalist,Observations,31169.0,"['COORDINATE_ROUNDED', 'CONTINENT_DERIVED_FROM_COORDINATES', 'TAXON_ID_NOT_FOUND']",Atelopus
5206092750,"Atelopus spurrelli Boulenger, 1914",Atelopus spurrelli,6.177099,-77.406533,Chocó,,HUMAN_OBSERVATION,2025.0,50c9509d-22c7-4a22-a47d-8c48425ef4a7,iNaturalist research-grade observations,iNaturalist,Observations,31362.0,"['COORDINATE_ROUNDED', 'CONTINENT_DERIVED_FROM_COORDINATES', 'TAXON_ID_NOT_FOUND']",Atelopus
5206098790,"Atelopus spurrelli Boulenger, 1914",Atelopus spurrelli,6.031574,-77.41811,Chocó,,HUMAN_OBSERVATION,2025.0,50c9509d-22c7-4a22-a47d-8c48425ef4a7,iNaturalist research-grade observations,iNaturalist,Observations,31362.0,"['COORDINATE_ROUNDED', 'CONTINENT_DERIVED_FROM_COORDINATES', 'TAXON_ID_NOT_FOUND']",Atelopus
5215679234,"Atelopus spurrelli Boulenger, 1914",Atelopus spurrelli,6.029149,-77.476264,Chocó,,HUMAN_OBSERVATION,2025.0,50c9509d-22c7-4a22-a47d-8c48425ef4a7,iNaturalist research-grade observations,iNaturalist,Observations,31362.0,"['COORDINATE_ROUNDED', 'CONTINENT_DERIVED_FROM_COORDINATES', 'TAXON_ID_NOT_FOUND']",Atelopus
5215817436,"Atelopus spurrelli Boulenger, 1914",Atelopus spurrelli,6.027214,-77.494859,Chocó,,HUMAN_OBSERVATION,2025.0,50c9509d-22c7-4a22-a47d-8c48425ef4a7,iNaturalist research-grade observations,iNaturalist,Observations,31362.0,"['COORDINATE_ROUNDED', 'CONTINENT_DERIVED_FROM_COORDINATES', 'TAXON_ID_NOT_FOUND']",Atelopus
5215826308,"Atelopus spurrelli Boulenger, 1914",Atelopus spurrelli,6.133933,-77.411114,Chocó,,HUMAN_OBSERVATION,2025.0,50c9509d-22c7-4a22-a47d-8c48425ef4a7,iNaturalist research-grade observations,iNaturalist,Observations,31362.0,"['COORDINATE_ROUNDED', 'CONTINENT_DERIVED_FROM_COORDINATES', 'TAXON_ID_NOT_FOUND']",Atelopus
5216056265,"Atelopus spurrelli Boulenger, 1914",Atelopus spurrelli,6.10633,-77.525237,Chocó,,HUMAN_OBSERVATION,2025.0,50c9509d-22c7-4a22-a47d-8c48425ef4a7,iNaturalist research-grade observations,iNaturalist,Observations,31362.0,"['COORDINATE_ROUNDED', 'CONTINENT_DERIVED_FROM_COORDINATES', 'TAXON_ID_NOT_FOUND']",Atelopus
5216093294,"Atelopus spurrelli Boulenger, 1914",Atelopus spurrelli,6.278802,-77.208151,Chocó,,HUMAN_OBSERVATION,2025.0,50c9509d-22c7-4a22-a47d-8c48425ef4a7,iNaturalist research-grade observations,iNaturalist,Observations,31356.0,"['COORDINATE_ROUNDED', 'CONTINENT_DERIVED_FROM_COORDINATES', 'TAXON_ID_NOT_FOUND']",Atelopus
5216246245,"Atelopus spurrelli Boulenger, 1914",Atelopus spurrelli,6.154755,-77.587405,Chocó,,HUMAN_OBSERVATION,2025.0,50c9509d-22c7-4a22-a47d-8c48425ef4a7,iNaturalist research-grade observations,iNaturalist,Observations,31362.0,"['COORDINATE_ROUNDED', 'TAXON_ID_NOT_FOUND']",Atelopus
5216271007,"Atelopus spurrelli Boulenger, 1914",Atelopus spurrelli,6.00037,-77.407115,Chocó,,HUMAN_OBSERVATION,2025.0,50c9509d-22c7-4a22-a47d-8c48425ef4a7,iNaturalist research-grade observations,iNaturalist,Observations,31362.0,"['COORDINATE_ROUNDED', 'CONTINENT_DERIVED_FROM_COORDINATES', 'TAXON_ID_NOT_FOUND']",Atelopus
5216577804,"Atelopus spurrelli Boulenger, 1914",Atelopus spurrelli,6.079282,-77.541798,Chocó,,HUMAN_OBSERVATION,2025.0,50c9509d-22c7-4a22-a47d-8c48425ef4a7,iNaturalist research-grade observations,iNaturalist,Observations,31362.0,"['COORDINATE_ROUNDED', 'TAXON_ID_NOT_FOUND']",Atelopus
5216662406,"Atelopus spurrelli Boulenger, 1914",Atelopus spurrelli,6.371424,-77.269719,Chocó,,HUMAN_OBSERVATION,2025.0,50c9509d-22c7-4a22-a47d-8c48425ef4a7,iNaturalist research-grade observations,iNaturalist,Observations,31356.0,"['COORDINATE_ROUNDED', 'CONTINENT_DERIVED_FROM_COORDINATES', 'TAXON_ID_NOT_FOUND']",Atelopus
5216825690,"Atelopus spurrelli Boulenger, 1914",Atelopus spurrelli,6.262966,-77.263904,Chocó,,HUMAN_OBSERVATION,2025.0,50c9509d-22c7-4a22-a47d-8c48425ef4a7,iNaturalist research-grade observations,iNaturalist,Observations,31356.0,"['COORDINATE_ROUNDED', 'CONTINENT_DERIVED_FROM_COORDINATES', 'TAXON_ID_NOT_FOUND']",Atelopus
5216882005,"Atelopus spurrelli Boulenger, 1914",Atelopus spurrelli,6.033245,-77.401319,Chocó,,HUMAN_OBSERVATION,2025.0,50c9509d-22c7-4a22-a47d-8c48425ef4a7,iNaturalist research-grade observations,iNaturalist,Observations,31362.0,"['COORDINATE_ROUNDED', 'CONTINENT_DERIVED_FROM_COORDINATES', 'TAXON_ID_NOT_FOUND']",Atelopus
5216971261,"Atelopus spurrelli Boulenger, 1914",Atelopus spurrelli,6.056657,-77.521757,Chocó,,HUMAN_OBSERVATION,2025.0,50c9509d-22c7-4a22-a47d-8c48425ef4a7,iNaturalist research-grade observations,iNaturalist,Observations,31362.0,"['COORDINATE_ROUNDED', 'CONTINENT_DERIVED_FROM_COORDINATES', 'TAXON_ID_NOT_FOUND']",Atelopus
5217076233,"Atelopus spurrelli Boulenger, 1914",Atelopus spurrelli,6.013161,-77.530366,Chocó,,HUMAN_OBSERVATION,2025.0,50c9509d-22c7-4a22-a47d-8c48425ef4a7,iNaturalist research-grade observations,iNaturalist,Observations,31362.0,"['COORDINATE_ROUNDED', 'TAXON_ID_NOT_FOUND']",Atelopus
5217116270,"Atelopus spurrelli Boulenger, 1914",Atelopus spurrelli,6.336685,-77.522078,Chocó,,HUMAN_OBSERVATION,2025.0,50c9509d-22c7-4a22-a47d-8c48425ef4a7,iNaturalist research-grade observations,iNaturalist,Observations,31356.0,"['COORDINATE_ROUNDED', 'CONTINENT_DERIVED_FROM_COORDINATES', 'TAXON_ID_NOT_FOUND']",Atelopus
5292721380,"Atelopus spurrelli Boulenger, 1914",Atelopus spurrelli,6.314233,-77.247316,Chocó,,HUMAN_OBSERVATION,2025.0,50c9509d-22c7-4a22-a47d-8c48425ef4a7,iNaturalist research-grade observations,iNaturalist,Observations,31356.0,"['COORDINATE_ROUNDED', 'CONTINENT_DERIVED_FROM_COORDINATES', 'TAXON_ID_NOT_FOUND']",Atelopus
5935179936,"Atelopus spurrelli Boulenger, 1914",Atelopus spurrelli,6.145442,-77.453298,Chocó,,HUMAN_OBSERVATION,2025.0,50c9509d-22c7-4a22-a47d-8c48425ef4a7,iNaturalist research-grade observations,iNaturalist,Observations,31362.0,"['COORDINATE_ROUNDED', 'CONTINENT_DERIVED_FROM_COORDINATES', 'TAXON_ID_NOT_FOUND']",Atelopus
6130365708,"Atelopus spurrelli Boulenger, 1914",Atelopus spurrelli,6.063757,-77.597191,Chocó,,HUMAN_OBSERVATION,2025.0,50c9509d-22c7-4a22-a47d-8c48425ef4a7,iNaturalist research-grade observations,iNaturalist,Observations,31362.0,"['COORDINATE_ROUNDED', 'TAXON_ID_NOT_FOUND']",Atelopus
6130752194,"Atelopus spurrelli Boulenger, 1914",Atelopus spurrelli,6.171212,-77.402536,Chocó,,HUMAN_OBSERVATION,2025.0,50c9509d-22c7-4a22-a47d-8c48425ef4a7,iNaturalist research-grade observations,iNaturalist,Observations,31362.0,"['COORDINATE_ROUNDED', 'CONTINENT_DERIVED_FROM_COORDINATES', 'TAXON_ID_NOT_FOUND']",Atelopus
6130959929,"Atelopus spurrelli Boulenger, 1914",Atelopus spurrelli,6.287236,-77.272584,Chocó,,HUMAN_OBSERVATION,2025.0,50c9509d-22c7-4a22-a47d-8c48425ef4a7,iNaturalist research-grade observations,iNaturalist,Observations,31356.0,"['COORDINATE_ROUNDED', 'CONTINENT_DERIVED_FROM_COORDINATES', 'TAXON_ID_NOT_FOUND']",Atelopus
6131161294,"Atelopus spurrelli Boulenger, 1914",Atelopus spurrelli,6.046798,-77.594766,Chocó,,HUMAN_OBSERVATION,2025.0,50c9509d-22c7-4a22-a47d-8c48425ef4a7,iNaturalist research-grade observations,iNaturalist,Observations,31362.0,"['COORDINATE_ROUNDED', 'TAXON_ID_NOT_FOUND']",Atelopus
6131167515,"Atelopus spurrelli Boulenger, 1914",Atelopus spurrelli,6.20795,-77.217779,Chocó,,HUMAN_OBSERVATION,2025.0,50c9509d-22c7-4a22-a47d-8c48425ef4a7,iNaturalist research-grade observations,iNaturalist,Observations,31356.0,"['COORDINATE_ROUNDED', 'CONTINENT_DERIVED_FROM_COORDINATES', 'TAXON_ID_NOT_FOUND']",Atelopus
6131548257,"Atelopus spurrelli Boulenger, 1914",Atelopus spurrelli,6.207965,-77.2332,Chocó,,HUMAN_OBSERVATION,2025.0,50c9509d-22c7-4a22-a47d-8c48425ef4a7,iNaturalist research-grade observations,iNaturalist,Observations,31356.0,"['COORDINATE_ROUNDED', 'CONTINENT_DERIVED_FROM_COORDINATES', 'TAXON_ID_NOT_FOUND']",Atelopus
5230327505,"Atelopus spurrelli Boulenger, 1914",Atelopus spurrelli,6.159057,-77.471251,Chocó,,HUMAN_OBSERVATION,2025.0,50c9509d-22c7-4a22-a47d-8c48425ef4a7,iNaturalist research-grade observations,iNaturalist,Observations,31362.0,"['COORDINATE_ROUNDED', 'CONTINENT_DERIVED_FROM_COORDINATES', 'TAXON_ID_NOT_FOUND']",Atelopus
5293062526,"Atelopus spurrelli Boulenger, 1914",Atelopus spurrelli,5.525738,-77.512931,Chocó,,HUMAN_OBSERVATION,2025.0,50c9509d-22c7-4a22-a47d-8c48425ef4a7,iNaturalist research-grade observations,iNaturalist,Observations,31379.0,"['COORDINATE_ROUNDED', 'CONTINENT_DERIVED_FROM_COORDINATES', 'TAXON_ID_NOT_FOUND']",Atelopus
5827535507,"Atelopus elegans (Boulenger, 1882)",Atelopus elegans,1.540291,-78.035598,Nariño,,HUMAN_OBSERVATION,2025.0,50c9509d-22c7-4a22-a47d-8c48425ef4a7,iNaturalist research-grade observations,iNaturalist,Observations,31446.0,"['COORDINATE_ROUNDED', 'CONTINENT_DERIVED_FROM_COORDINATES', 'TAXON_ID_NOT_FOUND']",Atelopus
5292290445,"Atelopus spurrelli Boulenger, 1914",Atelopus spurrelli,6.091994,-77.593255,Chocó,,HUMAN_OBSERVATION,2025.0,50c9509d-22c7-4a22-a47d-8c48425ef4a7,iNaturalist research-grade observations,iNaturalist,Observations,31362.0,"['COORDINATE_ROUNDED', 'TAXON_ID_NOT_FOUND']",Atelopus
5828713672,"Atelopus spurrelli Boulenger, 1914",Atelopus spurrelli,5.892975,-77.388045,Chocó,,HUMAN_OBSERVATION,2025.0,50c9509d-22c7-4a22-a47d-8c48425ef4a7,iNaturalist research-grade observations,iNaturalist,Observations,31368.0,"['COORDINATE_ROUNDED', 'CONTINENT_DERIVED_FROM_COORDINATES', 'TAXON_ID_NOT_FOUND']",Atelopus
5938208007,"Atelopus spurrelli Boulenger, 1914",Atelopus spurrelli,6.084103,-77.580317,Chocó,,HUMAN_OBSERVATION,2025.0,50c9509d-22c7-4a22-a47d-8c48425ef4a7,iNaturalist research-grade observations,iNaturalist,Observations,31362.0,"['COORDINATE_ROUNDED', 'TAXON_ID_NOT_FOUND']",Atelopus
6413763313,"Atelopus spurrelli Boulenger, 1914",Atelopus spurrelli,6.097304,-77.445837,Chocó,,HUMAN_OBSERVATION,2025.0,50c9509d-22c7-4a22-a47d-8c48425ef4a7,iNaturalist research-grade observations,iNaturalist,Observations,31362.0,"['COORDINATE_ROUNDED', 'CONTINENT_DERIVED_FROM_COORDINATES', 'TAXON_ID_NOT_FOUND']",Atelopus
5828605130,"Atelopus fronterizo Vesely & Batista, 2021",Atelopus fronterizo,8.383844,-77.123467,Chocó,,HUMAN_OBSERVATION,2025.0,50c9509d-22c7-4a22-a47d-8c48425ef4a7,iNaturalist research-grade observations,iNaturalist,Observations,,"['COORDINATE_ROUNDED', 'CONTINENT_DERIVED_FROM_COORDINATES', 'TAXON_ID_NOT_FOUND']",Atelopus
5830529496,"Atelopus spurrelli Boulenger, 1914",Atelopus spurrelli,6.107592,-77.242578,Chocó,,HUMAN_OBSERVATION,2025.0,50c9509d-22c7-4a22-a47d-8c48425ef4a7,iNaturalist research-grade observations,iNaturalist,Observations,31362.0,"['COORDINATE_ROUNDED', 'CONTINENT_DERIVED_FROM_COORDINATES', 'TAXON_ID_NOT_FOUND']",Atelopus
5837706564,"Atelopus spurrelli Boulenger, 1914",Atelopus spurrelli,5.779726,-77.539581,Chocó,,HUMAN_OBSERVATION,2025.0,50c9509d-22c7-4a22-a47d-8c48425ef4a7,iNaturalist research-grade observations,iNaturalist,Observations,31373.0,"['COORDINATE_ROUNDED', 'TAXON_ID_NOT_FOUND']",Atelopus
5839806895,"Atelopus nahumae Ruiz-Carranza, Ardila-Robayo & Hernández-Camacho, 1994",Atelopus nahumae,10.878669,-73.839418,Magdalena,,HUMAN_OBSERVATION,2025.0,50c9509d-22c7-4a22-a47d-8c48425ef4a7,iNaturalist research-grade observations,iNaturalist,Observations,31169.0,"['COORDINATE_ROUNDED', 'CONTINENT_DERIVED_FROM_COORDINATES', 'TAXON_ID_NOT_FOUND']",Atelopus
5840062428,"Atelopus nahumae Ruiz-Carranza, Ardila-Robayo & Hernández-Camacho, 1994",Atelopus nahumae,10.899657,-73.81021,Magdalena,,HUMAN_OBSERVATION,2025.0,50c9509d-22c7-4a22-a47d-8c48425ef4a7,iNaturalist research-grade observations,iNaturalist,Observations,31169.0,"['COORDINATE_ROUNDED', 'CONTINENT_DERIVED_FROM_COORDINATES', 'TAXON_ID_NOT_FOUND']",Atelopus
5840471961,"Atelopus carrikeri Ruthven, 1916",Atelopus carrikeri,10.9771,-73.949432,Magdalena,,HUMAN_OBSERVATION,2025.0,50c9509d-22c7-4a22-a47d-8c48425ef4a7,iNaturalist research-grade observations,iNaturalist,Observations,31169.0,"['COORDINATE_ROUNDED', 'CONTINENT_DERIVED_FROM_COORDINATES', 'TAXON_ID_NOT_FOUND']",Atelopus
6195472121,"Atelopus spurrelli Boulenger, 1914",Atelopus spurrelli,5.684109,-77.469331,Chocó,,HUMAN_OBSERVATION,2025.0,50c9509d-22c7-4a22-a47d-8c48425ef4a7,iNaturalist research-grade observations,iNaturalist,Observations,31373.0,"['COORDINATE_ROUNDED', 'CONTINENT_DERIVED_FROM_COORDINATES', 'TAXON_ID_NOT_FOUND']",Atelopus
6195594969,"Atelopus spurrelli Boulenger, 1914",Atelopus spurrelli,5.726023,-77.543099,Chocó,,HUMAN_OBSERVATION,2025.0,50c9509d-22c7-4a22-a47d-8c48425ef4a7,iNaturalist research-grade observations,iNaturalist,Observations,31373.0,"['COORDINATE_ROUNDED', 'TAXON_ID_NOT_FOUND']",Atelopus
5889419485,"Atelopus spurrelli Boulenger, 1914",Atelopus spurrelli,6.180949,-77.58342,Chocó,,HUMAN_OBSERVATION,2025.0,50c9509d-22c7-4a22-a47d-8c48425ef4a7,iNaturalist research-grade observations,iNaturalist,Observations,31362.0,"['COORDINATE_ROUNDED', 'TAXON_ID_NOT_FOUND']",Atelopus
5889472722,"Atelopus spurrelli Boulenger, 1914",Atelopus spurrelli,6.170419,-77.545772,Chocó,,HUMAN_OBSERVATION,2025.0,50c9509d-22c7-4a22-a47d-8c48425ef4a7,iNaturalist research-grade observations,iNaturalist,Observations,31362.0,"['COORDINATE_ROUNDED', 'CONTINENT_DERIVED_FROM_COORDINATES', 'TAXON_ID_NOT_FOUND']",Atelopus
5889776516,"Atelopus spurrelli Boulenger, 1914",Atelopus spurrelli,6.177913,-77.579736,Chocó,,HUMAN_OBSERVATION,2025.0,50c9509d-22c7-4a22-a47d-8c48425ef4a7,iNaturalist research-grade observations,iNaturalist,Observations,31362.0,"['COORDINATE_ROUNDED', 'TAXON_ID_NOT_FOUND']",Atelopus
5892540266,"Atelopus laetissimus Ruiz-Carranza, Ardila-Robayo & Hernández-Camacho, 1994",Atelopus laetissimus,11.062276,-74.006738,Magdalena,,HUMAN_OBSERVATION,2025.0,50c9509d-22c7-4a22-a47d-8c48425ef4a7,iNaturalist research-grade observations,iNaturalist,Observations,31158.0,"['COORDINATE_ROUNDED', 'CONTINENT_DERIVED_FROM_COORDINATES', 'TAXON_ID_NOT_FOUND']",Atelopus
5892547616,"Atelopus laetissimus Ruiz-Carranza, Ardila-Robayo & Hernández-Camacho, 1994",Atelopus laetissimus,11.101179,-74.015833,Magdalena,,HUMAN_OBSERVATION,2025.0,50c9509d-22c7-4a22-a47d-8c48425ef4a7,iNaturalist research-grade observations,iNaturalist,Observations,31158.0,"['COORDINATE_ROUNDED', 'CONTINENT_DERIVED_FROM_COORDINATES', 'TAXON_ID_NOT_FOUND']",Atelopus
5903721861,"Atelopus fronterizo Vesely & Batista, 2021",Atelopus fronterizo,8.574452,-77.394506,Chocó,,HUMAN_OBSERVATION,2025.0,50c9509d-22c7-4a22-a47d-8c48425ef4a7,iNaturalist research-grade observations,iNaturalist,Observations,8.0,"['COORDINATE_ROUNDED', 'CONTINENT_DERIVED_FROM_COORDINATES', 'TAXON_ID_NOT_FOUND']",Atelopus
5908680806,"Atelopus fronterizo Vesely & Batista, 2021",Atelopus fronterizo,8.574136,-77.39273,Chocó,,HUMAN_OBSERVATION,2025.0,50c9509d-22c7-4a22-a47d-8c48425ef4a7,iNaturalist research-grade observations,iNaturalist,Observations,210.0,"['COORDINATE_ROUNDED', 'CONTINENT_DERIVED_FROM_COORDINATES', 'TAXON_ID_NOT_FOUND']",Atelopus
5920201928,"Atelopus laetissimus Ruiz-Carranza, Ardila-Robayo & Hernández-Camacho, 1994",Atelopus laetissimus,11.074562,-74.164909,Magdalena,,HUMAN_OBSERVATION,2025.0,50c9509d-22c7-4a22-a47d-8c48425ef4a7,iNaturalist research-grade observations,iNaturalist,Observations,31158.0,"['COORDINATE_ROUNDED', 'CONTINENT_DERIVED_FROM_COORDINATES', 'TAXON_ID_NOT_FOUND']",Atelopus
5932542383,"Atelopus laetissimus Ruiz-Carranza, Ardila-Robayo & Hernández-Camacho, 1994",Atelopus laetissimus,11.077915,-74.049253,Magdalena,,HUMAN_OBSERVATION,2025.0,50c9509d-22c7-4a22-a47d-8c48425ef4a7,iNaturalist research-grade observations,iNaturalist,Observations,31158.0,"['COORDINATE_ROUNDED', 'CONTINENT_DERIVED_FROM_COORDINATES', 'TAXON_ID_NOT_FOUND']",Atelopus
5935601591,"Atelopus laetissimus Ruiz-Carranza, Ardila-Robayo & Hernández-Camacho, 1994",Atelopus laetissimus,11.015257,-74.009934,Magdalena,,HUMAN_OBSERVATION,2025.0,50c9509d-22c7-4a22-a47d-8c48425ef4a7,iNaturalist research-grade observations,iNaturalist,Observations,31158.0,"['COORDINATE_ROUNDED', 'CONTINENT_DERIVED_FROM_COORDINATES', 'TAXON_ID_NOT_FOUND']",Atelopus
6147318357,"Atelopus laetissimus Ruiz-Carranza, Ardila-Robayo & Hernández-Camacho, 1994",Atelopus laetissimus,11.093381,-74.017313,Magdalena,,HUMAN_OBSERVATION,2025.0,50c9509d-22c7-4a22-a47d-8c48425ef4a7,iNaturalist research-grade observations,iNaturalist,Observations,31158.0,"['COORDINATE_ROUNDED', 'CONTINENT_DERIVED_FROM_COORDINATES', 'TAXON_ID_NOT_FOUND']",Atelopus
6147519718,"Atelopus nahumae Ruiz-Carranza, Ardila-Robayo & Hernández-Camacho, 1994",Atelopus nahumae,11.088868,-74.022232,Magdalena,,HUMAN_OBSERVATION,2025.0,50c9509d-22c7-4a22-a47d-8c48425ef4a7,iNaturalist research-grade observations,iNaturalist,Observations,31158.0,"['COORDINATE_ROUNDED', 'CONTINENT_DERIVED_FROM_COORDINATES', 'TAXON_ID_NOT_FOUND']",Atelopus
4525155106,"Atelopus laetissimus Ruiz-Carranza, Ardila-Robayo & Hernández-Camacho, 1994",Atelopus laetissimus,10.918577,-73.907789,Magdalena,,HUMAN_OBSERVATION,2024.0,50c9509d-22c7-4a22-a47d-8c48425ef4a7,iNaturalist research-grade observations,iNaturalist,Observations,31169.0,"['COORDINATE_ROUNDED', 'CONTINENT_DERIVED_FROM_COORDINATES', 'TAXON_ID_NOT_FOUND']",Atelopus
4993898504,"Atelopus laetissimus Ruiz-Carranza, Ardila-Robayo & Hernández-Camacho, 1994",Atelopus laetissimus,10.949686,-73.93254,Magdalena,,HUMAN_OBSERVATION,2024.0,50c9509d-22c7-4a22-a47d-8c48425ef4a7,iNaturalist research-grade observations,iNaturalist,Observations,31169.0,"['COORDINATE_ROUNDED', 'CONTINENT_DERIVED_FROM_COORDINATES', 'TAXON_ID_NOT_FOUND']",Atelopus
5036913288,"Atelopus spurrelli Boulenger, 1914",Atelopus spurrelli,5.898497,-77.304861,Chocó,,HUMAN_OBSERVATION,2024.0,50c9509d-22c7-4a22-a47d-8c48425ef4a7,iNaturalist research-grade observations,iNaturalist,Observations,31368.0,"['COORDINATE_ROUNDED', 'CONTINENT_DERIVED_FROM_COORDINATES', 'TAXON_ID_NOT_FOUND']",Atelopus
5062966993,"Atelopus laetissimus Ruiz-Carranza, Ardila-Robayo & Hernández-Camacho, 1994",Atelopus laetissimus,10.925527,-73.827583,Magdalena,,HUMAN_OBSERVATION,2024.0,50c9509d-22c7-4a22-a47d-8c48425ef4a7,iNaturalist research-grade observations,iNaturalist,Observations,31169.0,"['COORDINATE_ROUNDED', 'CONTINENT_DERIVED_FROM_COORDINATES', 'TAXON_ID_NOT_FOUND']",Atelopus
6133413316,"Atelopus laetissimus Ruiz-Carranza, Ardila-Robayo & Hernández-Camacho, 1994",Atelopus laetissimus,10.934469,-73.9997,Magdalena,,HUMAN_OBSERVATION,2024.0,50c9509d-22c7-4a22-a47d-8c48425ef4a7,iNaturalist research-grade observations,iNaturalist,Observations,31169.0,"['COORDINATE_ROUNDED', 'CONTINENT_DERIVED_FROM_COORDINATES', 'TAXON_ID_NOT_FOUND']",Atelopus
4519146285,"Atelopus spurrelli Boulenger, 1914",Atelopus spurrelli,6.324965,-77.275883,Chocó,,HUMAN_OBSERVATION,2024.0,50c9509d-22c7-4a22-a47d-8c48425ef4a7,iNaturalist research-grade observations,iNaturalist,Observations,31356.0,"['COORDINATE_ROUNDED', 'CONTINENT_DERIVED_FROM_COORDINATES', 'TAXON_ID_NOT_FOUND']",Atelopus
4525289304,"Atelopus spurrelli Boulenger, 1914",Atelopus spurrelli,5.621436,-77.406673,Chocó,,HUMAN_OBSERVATION,2024.0,50c9509d-22c7-4a22-a47d-8c48425ef4a7,iNaturalist research-grade observations,iNaturalist,Observations,31373.0,"['COORDINATE_ROUNDED', 'CONTINENT_DERIVED_FROM_COORDINATES', 'TAXON_ID_NOT_FOUND']",Atelopus
4597464987,"Atelopus spurrelli Boulenger, 1914",Atelopus spurrelli,6.15525,-77.358077,Chocó,,HUMAN_OBSERVATION,2024.0,50c9509d-22c7-4a22-a47d-8c48425ef4a7,iNaturalist research-grade observations,iNaturalist,Observations,31362.0,"['COORDINATE_ROUNDED', 'CONTINENT_DERIVED_FROM_COORDINATES', 'TAXON_ID_NOT_FOUND']",Atelopus
4597530977,"Atelopus spurrelli Boulenger, 1914",Atelopus spurrelli,6.180324,-77.571536,Chocó,,HUMAN_OBSERVATION,2024.0,50c9509d-22c7-4a22-a47d-8c48425ef4a7,iNaturalist research-grade observations,iNaturalist,Observations,31362.0,"['COORDINATE_ROUNDED', 'TAXON_ID_NOT_FOUND']",Atelopus
4597564055,"Atelopus spurrelli Boulenger, 1914",Atelopus spurrelli,6.031796,-77.590021,Chocó,,HUMAN_OBSERVATION,2024.0,50c9509d-22c7-4a22-a47d-8c48425ef4a7,iNaturalist research-grade observations,iNaturalist,Observations,31362.0,"['COORDINATE_ROUNDED', 'TAXON_ID_NOT_FOUND']",Atelopus
4980498831,"Atelopus spurrelli Boulenger, 1914",Atelopus spurrelli,6.14005,-77.418908,Chocó,,HUMAN_OBSERVATION,2024.0,50c9509d-22c7-4a22-a47d-8c48425ef4a7,iNaturalist research-grade observations,iNaturalist,Observations,31362.0,"['COORDINATE_ROUNDED', 'CONTINENT_DERIVED_FROM_COORDINATES', 'TAXON_ID_NOT_FOUND']",Atelopus
4980657434,"Atelopus spurrelli Boulenger, 1914",Atelopus spurrelli,6.188807,-77.224568,Chocó,,HUMAN_OBSERVATION,2024.0,50c9509d-22c7-4a22-a47d-8c48425ef4a7,iNaturalist research-grade observations,iNaturalist,Observations,31362.0,"['COORDINATE_ROUNDED', 'CONTINENT_DERIVED_FROM_COORDINATES', 'TAXON_ID_NOT_FOUND']",Atelopus
4994446425,"Atelopus spurrelli Boulenger, 1914",Atelopus spurrelli,6.046328,-77.531847,Chocó,,HUMAN_OBSERVATION,2024.0,50c9509d-22c7-4a22-a47d-8c48425ef4a7,iNaturalist research-grade observations,iNaturalist,Observations,31362.0,"['COORDINATE_ROUNDED', 'TAXON_ID_NOT_FOUND']",Atelopus
5006867547,"Atelopus spurrelli Boulenger, 1914",Atelopus spurrelli,6.132645,-77.250815,Chocó,,HUMAN_OBSERVATION,2024.0,50c9509d-22c7-4a22-a47d-8c48425ef4a7,iNaturalist research-grade observations,iNaturalist,Observations,31362.0,"['COORDINATE_ROUNDED', 'CONTINENT_DERIVED_FROM_COORDINATES', 'TAXON_ID_NOT_FOUND']",Atelopus
5008086052,"Atelopus spurrelli Boulenger, 1914",Atelopus spurrelli,6.16587,-77.450571,Chocó,,HUMAN_OBSERVATION,2024.0,50c9509d-22c7-4a22-a47d-8c48425ef4a7,iNaturalist research-grade observations,iNaturalist,Observations,31362.0,"['COORDINATE_ROUNDED', 'CONTINENT_DERIVED_FROM_COORDINATES', 'TAXON_ID_NOT_FOUND']",Atelopus
5087839695,"Atelopus elegans (Boulenger, 1882)",Atelopus elegans,2.943609,-78.166711,Valle del Cauca,,HUMAN_OBSERVATION,2024.0,50c9509d-22c7-4a22-a47d-8c48425ef4a7,iNaturalist research-grade observations,iNaturalist,Observations,31431.0,"['COORDINATE_ROUNDED', 'CONTINENT_DERIVED_FROM_COORDINATES', 'TAXON_ID_NOT_FOUND']",Atelopus
5828529120,"Atelopus spurrelli Boulenger, 1914",Atelopus spurrelli,5.607452,-77.526127,Chocó,,HUMAN_OBSERVATION,2024.0,50c9509d-22c7-4a22-a47d-8c48425ef4a7,iNaturalist research-grade observations,iNaturalist,Observations,31373.0,"['COORDINATE_ROUNDED', 'CONTINENT_DERIVED_FROM_COORDINATES', 'TAXON_ID_NOT_FOUND']",Atelopus
4535821402,"Atelopus spurrelli Boulenger, 1914",Atelopus spurrelli,6.053572,-77.475978,Chocó,,HUMAN_OBSERVATION,2024.0,50c9509d-22c7-4a22-a47d-8c48425ef4a7,iNaturalist research-grade observations,iNaturalist,Observations,31362.0,"['COORDINATE_ROUNDED', 'CONTINENT_DERIVED_FROM_COORDINATES', 'TAXON_ID_NOT_FOUND']",Atelopus
4597077965,"Atelopus spurrelli Boulenger, 1914",Atelopus spurrelli,6.290398,-77.340682,Chocó,,HUMAN_OBSERVATION,2024.0,50c9509d-22c7-4a22-a47d-8c48425ef4a7,iNaturalist research-grade observations,iNaturalist,Observations,31356.0,"['COORDINATE_ROUNDED', 'CONTINENT_DERIVED_FROM_COORDINATES', 'TAXON_ID_NOT_FOUND']",Atelopus
4597091961,"Atelopus spurrelli Boulenger, 1914",Atelopus spurrelli,6.088626,-77.491124,Chocó,,HUMAN_OBSERVATION,2024.0,50c9509d-22c7-4a22-a47d-8c48425ef4a7,iNaturalist research-grade observations,iNaturalist,Observations,31362.0,"['COORDINATE_ROUNDED', 'CONTINENT_DERIVED_FROM_COORDINATES', 'TAXON_ID_NOT_FOUND']",Atelopus
4980277208,"Atelopus spurrelli Boulenger, 1914",Atelopus spurrelli,6.069714,-77.512244,Chocó,,HUMAN_OBSERVATION,2024.0,50c9509d-22c7-4a22-a47d-8c48425ef4a7,iNaturalist research-grade observations,iNaturalist,Observations,31362.0,"['COORDINATE_ROUNDED', 'CONTINENT_DERIVED_FROM_COORDINATES', 'TAXON_ID_NOT_FOUND']",Atelopus
4993756218,"Atelopus spurrelli Boulenger, 1914",Atelopus spurrelli,6.245767,-77.393109,Chocó,,HUMAN_OBSERVATION,2024.0,50c9509d-22c7-4a22-a47d-8c48425ef4a7,iNaturalist research-grade observations,iNaturalist,Observations,31356.0,"['COORDINATE_ROUNDED', 'CONTINENT_DERIVED_FROM_COORDINATES', 'TAXON_ID_NOT_FOUND']",Atelopus
5007522150,"Atelopus spurrelli Boulenger, 1914",Atelopus spurrelli,6.024433,-77.551549,Chocó,,HUMAN_OBSERVATION,2024.0,50c9509d-22c7-4a22-a47d-8c48425ef4a7,iNaturalist research-grade observations,iNaturalist,Observations,31362.0,"['COORDINATE_ROUNDED', 'TAXON_ID_NOT_FOUND']",Atelopus
6481217444,"Atelopus spurrelli Boulenger, 1914",Atelopus spurrelli,5.59879,-77.504104,Chocó,,HUMAN_OBSERVATION,2024.0,50c9509d-22c7-4a22-a47d-8c48425ef4a7,iNaturalist research-grade observations,iNaturalist,Observations,31379.0,"['COORDINATE_ROUNDED', 'CONTINENT_DERIVED_FROM_COORDINATES', 'TAXON_ID_NOT_FOUND']",Atelopus
4851784692,"Atelopus nahumae Ruiz-Carranza, Ardila-Robayo & Hernández-Camacho, 1994",Atelopus nahumae,10.996575,-73.745471,Magdalena,,HUMAN_OBSERVATION,2024.0,50c9509d-22c7-4a22-a47d-8c48425ef4a7,iNaturalist research-grade observations,iNaturalist,Observations,31169.0,"['COORDINATE_ROUNDED', 'CONTINENT_DERIVED_FROM_COORDINATES', 'TAXON_ID_NOT_FOUND']",Atelopus
4854860665,"Atelopus carrikeri Ruthven, 1916",Atelopus carrikeri,10.931444,-73.926965,Magdalena,,HUMAN_OBSERVATION,2024.0,50c9509d-22c7-4a22-a47d-8c48425ef4a7,iNaturalist research-grade observations,iNaturalist,Observations,31169.0,"['COORDINATE_ROUNDED', 'CONTINENT_DERIVED_FROM_COORDINATES', 'TAXON_ID_NOT_FOUND']",Atelopus
4855324413,"Atelopus carrikeri Ruthven, 1916",Atelopus carrikeri,10.820416,-73.90848,Magdalena,,HUMAN_OBSERVATION,2024.0,50c9509d-22c7-4a22-a47d-8c48425ef4a7,iNaturalist research-grade observations,iNaturalist,Observations,31169.0,"['COORDINATE_ROUNDED', 'CONTINENT_DERIVED_FROM_COORDINATES', 'TAXON_ID_NOT_FOUND']",Atelopus
4919313446,"Atelopus laetissimus Ruiz-Carranza, Ardila-Robayo & Hernández-Camacho, 1994",Atelopus laetissimus,10.938105,-73.822509,Magdalena,,HUMAN_OBSERVATION,2024.0,50c9509d-22c7-4a22-a47d-8c48425ef4a7,iNaturalist research-grade observations,iNaturalist,Observations,31169.0,"['COORDINATE_ROUNDED', 'CONTINENT_DERIVED_FROM_COORDINATES', 'TAXON_ID_NOT_FOUND']",Atelopus
4949912235,"Atelopus nahumae Ruiz-Carranza, Ardila-Robayo & Hernández-Camacho, 1994",Atelopus nahumae,10.88503,-73.974346,Magdalena,,HUMAN_OBSERVATION,2024.0,50c9509d-22c7-4a22-a47d-8c48425ef4a7,iNaturalist research-grade observations,iNaturalist,Observations,31169.0,"['COORDINATE_ROUNDED', 'CONTINENT_DERIVED_FROM_COORDINATES', 'TAXON_ID_NOT_FOUND']",Atelopus
4950533463,"Atelopus nahumae Ruiz-Carranza, Ardila-Robayo & Hernández-Camacho, 1994",Atelopus nahumae,10.92419,-73.975305,Magdalena,,HUMAN_OBSERVATION,2024.0,50c9509d-22c7-4a22-a47d-8c48425ef4a7,iNaturalist research-grade observations,iNaturalist,Observations,31169.0,"['COORDINATE_ROUNDED', 'CONTINENT_DERIVED_FROM_COORDINATES', 'TAXON_ID_NOT_FOUND']",Atelopus
5006790147,"Atelopus nahumae Ruiz-Carranza, Ardila-Robayo & Hernández-Camacho, 1994",Atelopus nahumae,10.8499,-73.891009,Magdalena,,HUMAN_OBSERVATION,2024.0,50c9509d-22c7-4a22-a47d-8c48425ef4a7,iNaturalist research-grade observations,iNaturalist,Observations,31169.0,"['COORDINATE_ROUNDED', 'CONTINENT_DERIVED_FROM_COORDINATES', 'TAXON_ID_NOT_FOUND']",Atelopus
4863651981,"Atelopus carrikeri Ruthven, 1916",Atelopus carrikeri,10.983037,-73.926926,Magdalena,,HUMAN_OBSERVATION,2024.0,50c9509d-22c7-4a22-a47d-8c48425ef4a7,iNaturalist research-grade observations,iNaturalist,Observations,31169.0,"['COORDINATE_ROUNDED', 'CONTINENT_DERIVED_FROM_COORDINATES', 'TAXON_ID_NOT_FOUND']",Atelopus
4872380689,"Atelopus laetissimus Ruiz-Carranza, Ardila-Robayo & Hernández-Camacho, 1994",Atelopus laetissimus,10.905462,-73.985094,Magdalena,,HUMAN_OBSERVATION,2024.0,50c9509d-22c7-4a22-a47d-8c48425ef4a7,iNaturalist research-grade observations,iNaturalist,Observations,31169.0,"['COORDINATE_ROUNDED', 'CONTINENT_DERIVED_FROM_COORDINATES', 'TAXON_ID_NOT_FOUND']",Atelopus
4901293171,"Atelopus fronterizo Vesely & Batista, 2021",Atelopus fronterizo,8.371221,-77.135141,Chocó,,HUMAN_OBSERVATION,2024.0,50c9509d-22c7-4a22-a47d-8c48425ef4a7,iNaturalist research-grade observations,iNaturalist,Observations,1723.0,"['COORDINATE_ROUNDED', 'CONTINENT_DERIVED_FROM_COORDINATES', 'TAXON_ID_NOT_FOUND']",Atelopus
4901446926,"Atelopus fronterizo Vesely & Batista, 2021",Atelopus fronterizo,8.371217,-77.135678,Chocó,,HUMAN_OBSERVATION,2024.0,50c9509d-22c7-4a22-a47d-8c48425ef4a7,iNaturalist research-grade observations,iNaturalist,Observations,1738.0,"['COORDINATE_ROUNDED', 'CONTINENT_DERIVED_FROM_COORDINATES', 'TAXON_ID_NOT_FOUND']",Atelopus
4919555941,"Atelopus laetissimus Ruiz-Carranza, Ardila-Robayo & Hernández-Camacho, 1994",Atelopus laetissimus,10.90267,-73.924586,Magdalena,,HUMAN_OBSERVATION,2024.0,50c9509d-22c7-4a22-a47d-8c48425ef4a7,iNaturalist research-grade observations,iNaturalist,Observations,31169.0,"['COORDINATE_ROUNDED', 'CONTINENT_DERIVED_FROM_COORDINATES', 'TAXON_ID_NOT_FOUND']",Atelopus
4923712873,"Atelopus nahumae Ruiz-Carranza, Ardila-Robayo & Hernández-Camacho, 1994",Atelopus nahumae,10.966751,-73.930997,Magdalena,,HUMAN_OBSERVATION,2024.0,50c9509d-22c7-4a22-a47d-8c48425ef4a7,iNaturalist research-grade observations,iNaturalist,Observations,31169.0,"['COORDINATE_ROUNDED', 'CONTINENT_DERIVED_FROM_COORDINATES', 'TAXON_ID_NOT_FOUND']",Atelopus
4923713571,"Atelopus nahumae Ruiz-Carranza, Ardila-Robayo & Hernández-Camacho, 1994",Atelopus nahumae,10.837394,-73.834141,Magdalena,,HUMAN_OBSERVATION,2024.0,50c9509d-22c7-4a22-a47d-8c48425ef4a7,iNaturalist research-grade observations,iNaturalist,Observations,31169.0,"['COORDINATE_ROUNDED', 'CONTINENT_DERIVED_FROM_COORDINATES', 'TAXON_ID_NOT_FOUND']",Atelopus
4923819329,"Atelopus nahumae Ruiz-Carranza, Ardila-Robayo & Hernández-Camacho, 1994",Atelopus nahumae,10.995585,-73.828712,Magdalena,,HUMAN_OBSERVATION,2024.0,50c9509d-22c7-4a22-a47d-8c48425ef4a7,iNaturalist research-grade observations,iNaturalist,Observations,31169.0,"['COORDINATE_ROUNDED', 'CONTINENT_DERIVED_FROM_COORDINATES', 'TAXON_ID_NOT_FOUND']",Atelopus
6195305146,"Atelopus laetissimus Ruiz-Carranza, Ardila-Robayo & Hernández-Camacho, 1994",Atelopus laetissimus,10.97073,-73.795234,Magdalena,,HUMAN_OBSERVATION,2024.0,50c9509d-22c7-4a22-a47d-8c48425ef4a7,iNaturalist research-grade observations,iNaturalist,Observations,31169.0,"['COORDINATE_ROUNDED', 'CONTINENT_DERIVED_FROM_COORDINATES', 'TAXON_ID_NOT_FOUND']",Atelopus
4978316643,"Atelopus spurrelli Boulenger, 1914",Atelopus spurrelli,6.014736,-77.309827,Chocó,,HUMAN_OBSERVATION,2024.0,50c9509d-22c7-4a22-a47d-8c48425ef4a7,iNaturalist research-grade observations,iNaturalist,Observations,31362.0,"['COORDINATE_ROUNDED', 'CONTINENT_DERIVED_FROM_COORDINATES', 'TAXON_ID_NOT_FOUND']",Atelopus
5008261970,"Atelopus spurrelli Boulenger, 1914",Atelopus spurrelli,6.124017,-77.263566,Chocó,,HUMAN_OBSERVATION,2024.0,50c9509d-22c7-4a22-a47d-8c48425ef4a7,iNaturalist research-grade observations,iNaturalist,Observations,31362.0,"['COORDINATE_ROUNDED', 'CONTINENT_DERIVED_FROM_COORDINATES', 'TAXON_ID_NOT_FOUND']",Atelopus
5104494919,"Atelopus spurrelli Boulenger, 1914",Atelopus spurrelli,6.123662,-77.236108,Chocó,,HUMAN_OBSERVATION,2024.0,50c9509d-22c7-4a22-a47d-8c48425ef4a7,iNaturalist research-grade observations,iNaturalist,Observations,31362.0,"['COORDINATE_ROUNDED', 'CONTINENT_DERIVED_FROM_COORDINATES', 'TAXON_ID_NOT_FOUND']",Atelopus
5104531063,"Atelopus spurrelli Boulenger, 1914",Atelopus spurrelli,6.118065,-77.445,Chocó,,HUMAN_OBSERVATION,2024.0,50c9509d-22c7-4a22-a47d-8c48425ef4a7,iNaturalist research-grade observations,iNaturalist,Observations,31362.0,"['COORDINATE_ROUNDED', 'CONTINENT_DERIVED_FROM_COORDINATES', 'TAXON_ID_NOT_FOUND']",Atelopus
4973969887,"Atelopus spurrelli Boulenger, 1914",Atelopus spurrelli,6.153536,-77.491301,Chocó,,HUMAN_OBSERVATION,2024.0,50c9509d-22c7-4a22-a47d-8c48425ef4a7,iNaturalist research-grade observations,iNaturalist,Observations,31362.0,"['COORDINATE_ROUNDED', 'CONTINENT_DERIVED_FROM_COORDINATES', 'TAXON_ID_NOT_FOUND']",Atelopus
4974231437,"Atelopus spurrelli Boulenger, 1914",Atelopus spurrelli,6.218343,-77.324092,Chocó,,HUMAN_OBSERVATION,2024.0,50c9509d-22c7-4a22-a47d-8c48425ef4a7,iNaturalist research-grade observations,iNaturalist,Observations,31356.0,"['COORDINATE_ROUNDED', 'CONTINENT_DERIVED_FROM_COORDINATES', 'TAXON_ID_NOT_FOUND']",Atelopus
6171134147,"Atelopus spurrelli Boulenger, 1914",Atelopus spurrelli,6.162152,-77.480416,Chocó,,HUMAN_OBSERVATION,2024.0,50c9509d-22c7-4a22-a47d-8c48425ef4a7,iNaturalist research-grade observations,iNaturalist,Observations,31362.0,"['COORDINATE_ROUNDED', 'CONTINENT_DERIVED_FROM_COORDINATES', 'TAXON_ID_NOT_FOUND']",Atelopus
4980587052,"Atelopus spurrelli Boulenger, 1914",Atelopus spurrelli,6.115975,-77.543439,Chocó,,HUMAN_OBSERVATION,2024.0,50c9509d-22c7-4a22-a47d-8c48425ef4a7,iNaturalist research-grade observations,iNaturalist,Observations,31362.0,"['COORDINATE_ROUNDED', 'CONTINENT_DERIVED_FROM_COORDINATES', 'TAXON_ID_NOT_FOUND']",Atelopus
6159652365,"Atelopus spurrelli Boulenger, 1914",Atelopus spurrelli,5.812902,-77.223267,Chocó,,HUMAN_OBSERVATION,2024.0,50c9509d-22c7-4a22-a47d-8c48425ef4a7,iNaturalist research-grade observations,iNaturalist,Observations,31368.0,"['COORDINATE_ROUNDED', 'CONTINENT_DERIVED_FROM_COORDINATES', 'TAXON_ID_NOT_FOUND']",Atelopus
4994223842,"Atelopus spurrelli Boulenger, 1914",Atelopus spurrelli,6.042438,-77.466967,Chocó,,HUMAN_OBSERVATION,2024.0,50c9509d-22c7-4a22-a47d-8c48425ef4a7,iNaturalist research-grade observations,iNaturalist,Observations,31362.0,"['COORDINATE_ROUNDED', 'CONTINENT_DERIVED_FROM_COORDINATES', 'TAXON_ID_NOT_FOUND']",Atelopus
5007928375,"Atelopus spurrelli Boulenger, 1914",Atelopus spurrelli,6.144704,-77.432245,Chocó,,HUMAN_OBSERVATION,2024.0,50c9509d-22c7-4a22-a47d-8c48425ef4a7,iNaturalist research-grade observations,iNaturalist,Observations,31362.0,"['COORDINATE_ROUNDED', 'CONTINENT_DERIVED_FROM_COORDINATES', 'TAXON_ID_NOT_FOUND']",Atelopus
5008004197,"Atelopus spurrelli Boulenger, 1914",Atelopus spurrelli,6.111205,-77.387995,Chocó,,HUMAN_OBSERVATION,2024.0,50c9509d-22c7-4a22-a47d-8c48425ef4a7,iNaturalist research-grade observations,iNaturalist,Observations,31362.0,"['COORDINATE_ROUNDED', 'CONTINENT_DERIVED_FROM_COORDINATES', 'TAXON_ID_NOT_FOUND']",Atelopus
5063836275,"Atelopus spurrelli Boulenger, 1914",Atelopus spurrelli,6.027295,-77.531687,Chocó,,HUMAN_OBSERVATION,2024.0,50c9509d-22c7-4a22-a47d-8c48425ef4a7,iNaturalist research-grade observations,iNaturalist,Observations,31362.0,"['COORDINATE_ROUNDED', 'TAXON_ID_NOT_FOUND']",Atelopus
5063921296,"Atelopus laetissimus Ruiz-Carranza, Ardila-Robayo & Hernández-Camacho, 1994",Atelopus laetissimus,10.964009,-73.891453,Magdalena,,HUMAN_OBSERVATION,2024.0,50c9509d-22c7-4a22-a47d-8c48425ef4a7,iNaturalist research-grade observations,iNaturalist,Observations,31169.0,"['COORDINATE_ROUNDED', 'CONTINENT_DERIVED_FROM_COORDINATES', 'TAXON_ID_NOT_FOUND']",Atelopus
5087362952,"Atelopus laetissimus Ruiz-Carranza, Ardila-Robayo & Hernández-Camacho, 1994",Atelopus laetissimus,10.802895,-73.967527,Magdalena,,HUMAN_OBSERVATION,2024.0,50c9509d-22c7-4a22-a47d-8c48425ef4a7,iNaturalist research-grade observations,iNaturalist,Observations,31169.0,"['COORDINATE_ROUNDED', 'CONTINENT_DERIVED_FROM_COORDINATES', 'TAXON_ID_NOT_FOUND']",Atelopus
5153589849,"Atelopus spurrelli Boulenger, 1914",Atelopus spurrelli,6.098354,-77.534372,Chocó,,HUMAN_OBSERVATION,2024.0,50c9509d-22c7-4a22-a47d-8c48425ef4a7,iNaturalist research-grade observations,iNaturalist,Observations,31362.0,"['COORDINATE_ROUNDED', 'TAXON_ID_NOT_FOUND']",Atelopus
6159436071,"Atelopus spurrelli Boulenger, 1914",Atelopus spurrelli,5.984668,-77.36745,Chocó,,HUMAN_OBSERVATION,2024.0,50c9509d-22c7-4a22-a47d-8c48425ef4a7,iNaturalist research-grade observations,iNaturalist,Observations,31368.0,"['COORDINATE_ROUNDED', 'CONTINENT_DERIVED_FROM_COORDINATES', 'TAXON_ID_NOT_FOUND']",Atelopus
4018216033,"Atelopus spurrelli Boulenger, 1914",Atelopus spurrelli,5.851435,-77.365767,Chocó,,HUMAN_OBSERVATION,2023.0,50c9509d-22c7-4a22-a47d-8c48425ef4a7,iNaturalist research-grade observations,iNaturalist,Observations,31368.0,"['COORDINATE_ROUNDED', 'CONTINENT_DERIVED_FROM_COORDINATES', 'TAXON_ID_NOT_FOUND']",Atelopus
4022048723,"Atelopus spurrelli Boulenger, 1914",Atelopus spurrelli,6.125044,-77.439407,Chocó,,HUMAN_OBSERVATION,2023.0,50c9509d-22c7-4a22-a47d-8c48425ef4a7,iNaturalist research-grade observations,iNaturalist,Observations,31362.0,"['COORDINATE_ROUNDED', 'CONTINENT_DERIVED_FROM_COORDINATES', 'TAXON_ID_NOT_FOUND']",Atelopus
4028723249,"Atelopus spurrelli Boulenger, 1914",Atelopus spurrelli,6.104901,-77.433522,Chocó,,HUMAN_OBSERVATION,2023.0,50c9509d-22c7-4a22-a47d-8c48425ef4a7,iNaturalist research-grade observations,iNaturalist,Observations,31362.0,"['COORDINATE_ROUNDED', 'CONTINENT_DERIVED_FROM_COORDINATES', 'TAXON_ID_NOT_FOUND']",Atelopus
4028742029,"Atelopus spurrelli Boulenger, 1914",Atelopus spurrelli,6.024943,-77.570584,Chocó,,HUMAN_OBSERVATION,2023.0,50c9509d-22c7-4a22-a47d-8c48425ef4a7,iNaturalist research-grade observations,iNaturalist,Observations,31362.0,"['COORDINATE_ROUNDED', 'TAXON_ID_NOT_FOUND']",Atelopus
4034990497,"Atelopus spurrelli Boulenger, 1914",Atelopus spurrelli,6.101308,-77.357769,Chocó,,HUMAN_OBSERVATION,2023.0,50c9509d-22c7-4a22-a47d-8c48425ef4a7,iNaturalist research-grade observations,iNaturalist,Observations,31362.0,"['COORDINATE_ROUNDED', 'CONTINENT_DERIVED_FROM_COORDINATES', 'TAXON_ID_NOT_FOUND']",Atelopus
4417504462,"Atelopus spumarius Cope, 1871",Atelopus spumarius,-0.962736,-73.038661,Amazonas,La Chorrera,HUMAN_OBSERVATION,2023.0,cc3fd2fa-ee0b-4549-bef8-f228ec1c40cc,"Expedición científica a la chorrera (amazonas), última expresión del escudo guayanés en el suroccidente de la amazonía colombiana",Instituto Amazónico de Investigaciones Científicas - SINCHI,SINCHI-A,,['COORDINATE_ROUNDED'],Atelopus
5069340269,"Atelopus spumarius Cope, 1871",Atelopus spumarius,-0.962736,-73.038661,Amazonas,,PRESERVED_SPECIMEN,2023.0,8f2fc771-a2a9-4364-a919-d8b27087dd50,,Instituto Amazónico de Investigaciones Científicas - SINCHI,SINCHI-A,,"['COORDINATE_ROUNDED', 'INSTITUTION_MATCH_FUZZY']",Atelopus
4062567124,"Atelopus spurrelli Boulenger, 1914",Atelopus spurrelli,6.335669,-77.480419,Chocó,,HUMAN_OBSERVATION,2023.0,50c9509d-22c7-4a22-a47d-8c48425ef4a7,iNaturalist research-grade observations,iNaturalist,Observations,31356.0,"['COORDINATE_ROUNDED', 'CONTINENT_DERIVED_FROM_COORDINATES', 'TAXON_ID_NOT_FOUND']",Atelopus
4506480309,"Atelopus spurrelli Boulenger, 1914",Atelopus spurrelli,5.516757,-77.453023,Chocó,,HUMAN_OBSERVATION,2023.0,50c9509d-22c7-4a22-a47d-8c48425ef4a7,iNaturalist research-grade observations,iNaturalist,Observations,31379.0,"['COORDINATE_ROUNDED', 'CONTINENT_DERIVED_FROM_COORDINATES', 'TAXON_ID_NOT_FOUND']",Atelopus
4954697617,"Atelopus laetissimus Ruiz-Carranza, Ardila-Robayo & Hernández-Camacho, 1994",Atelopus laetissimus,11.195803,-74.187674,Magdalena,,HUMAN_OBSERVATION,2023.0,50c9509d-22c7-4a22-a47d-8c48425ef4a7,iNaturalist research-grade observations,iNaturalist,Observations,31158.0,"['COORDINATE_ROUNDED', 'CONTINENT_DERIVED_FROM_COORDINATES', 'TAXON_ID_NOT_FOUND']",Atelopus
4116578337,"Atelopus spurrelli Boulenger, 1914",Atelopus spurrelli,5.614611,-77.552563,Chocó,,HUMAN_OBSERVATION,2023.0,50c9509d-22c7-4a22-a47d-8c48425ef4a7,iNaturalist research-grade observations,iNaturalist,Observations,31373.0,"['COORDINATE_ROUNDED', 'CONTINENT_DERIVED_FROM_COORDINATES', 'TAXON_ID_NOT_FOUND']",Atelopus
4126921326,"Atelopus fronterizo Vesely & Batista, 2021",Atelopus fronterizo,8.384982,-77.126337,Chocó,,HUMAN_OBSERVATION,2023.0,50c9509d-22c7-4a22-a47d-8c48425ef4a7,iNaturalist research-grade observations,iNaturalist,Observations,1209.0,"['COORDINATE_ROUNDED', 'CONTINENT_DERIVED_FROM_COORDINATES', 'TAXON_ID_NOT_FOUND']",Atelopus
4596815182,"Atelopus laetissimus Ruiz-Carranza, Ardila-Robayo & Hernández-Camacho, 1994",Atelopus laetissimus,11.022723,-74.175589,Magdalena,,HUMAN_OBSERVATION,2023.0,50c9509d-22c7-4a22-a47d-8c48425ef4a7,iNaturalist research-grade observations,iNaturalist,Observations,31158.0,"['COORDINATE_ROUNDED', 'CONTINENT_DERIVED_FROM_COORDINATES', 'TAXON_ID_NOT_FOUND']",Atelopus
4596830282,"Atelopus laetissimus Ruiz-Carranza, Ardila-Robayo & Hernández-Camacho, 1994",Atelopus laetissimus,11.03131,-74.111127,Magdalena,,HUMAN_OBSERVATION,2023.0,50c9509d-22c7-4a22-a47d-8c48425ef4a7,iNaturalist research-grade observations,iNaturalist,Observations,31158.0,"['COORDINATE_ROUNDED', 'CONTINENT_DERIVED_FROM_COORDINATES', 'TAXON_ID_NOT_FOUND']",Atelopus
4596851180,"Atelopus laetissimus Ruiz-Carranza, Ardila-Robayo & Hernández-Camacho, 1994",Atelopus laetissimus,11.150973,-74.14097,Magdalena,,HUMAN_OBSERVATION,2023.0,50c9509d-22c7-4a22-a47d-8c48425ef4a7,iNaturalist research-grade observations,iNaturalist,Observations,31158.0,"['COORDINATE_ROUNDED', 'CONTINENT_DERIVED_FROM_COORDINATES', 'TAXON_ID_NOT_FOUND']",Atelopus
4153834826,"Atelopus nahumae Ruiz-Carranza, Ardila-Robayo & Hernández-Camacho, 1994",Atelopus nahumae,11.001909,-74.108363,Magdalena,,HUMAN_OBSERVATION,2023.0,50c9509d-22c7-4a22-a47d-8c48425ef4a7,iNaturalist research-grade observations,iNaturalist,Observations,31158.0,"['COORDINATE_ROUNDED', 'CONTINENT_DERIVED_FROM_COORDINATES', 'TAXON_ID_NOT_FOUND']",Atelopus
4596823215,"Atelopus laetissimus Ruiz-Carranza, Ardila-Robayo & Hernández-Camacho, 1994",Atelopus laetissimus,10.889891,-74.170282,Magdalena,,HUMAN_OBSERVATION,2023.0,50c9509d-22c7-4a22-a47d-8c48425ef4a7,iNaturalist research-grade observations,iNaturalist,Observations,31169.0,"['COORDINATE_ROUNDED', 'CONTINENT_DERIVED_FROM_COORDINATES', 'TAXON_ID_NOT_FOUND']",Atelopus
4596834114,"Atelopus laetissimus Ruiz-Carranza, Ardila-Robayo & Hernández-Camacho, 1994",Atelopus laetissimus,10.919936,-74.16942,Magdalena,,HUMAN_OBSERVATION,2023.0,50c9509d-22c7-4a22-a47d-8c48425ef4a7,iNaturalist research-grade observations,iNaturalist,Observations,31169.0,"['COORDINATE_ROUNDED', 'CONTINENT_DERIVED_FROM_COORDINATES', 'TAXON_ID_NOT_FOUND']",Atelopus
4597261210,"Atelopus laetissimus Ruiz-Carranza, Ardila-Robayo & Hernández-Camacho, 1994",Atelopus laetissimus,10.933942,-74.023434,Magdalena,,HUMAN_OBSERVATION,2023.0,50c9509d-22c7-4a22-a47d-8c48425ef4a7,iNaturalist research-grade observations,iNaturalist,Observations,31169.0,"['COORDINATE_ROUNDED', 'CONTINENT_DERIVED_FROM_COORDINATES', 'TAXON_ID_NOT_FOUND']",Atelopus
4597297124,"Atelopus laetissimus Ruiz-Carranza, Ardila-Robayo & Hernández-Camacho, 1994",Atelopus laetissimus,10.964684,-74.142695,Magdalena,,HUMAN_OBSERVATION,2023.0,50c9509d-22c7-4a22-a47d-8c48425ef4a7,iNaturalist research-grade observations,iNaturalist,Observations,31169.0,"['COORDINATE_ROUNDED', 'CONTINENT_DERIVED_FROM_COORDINATES', 'TAXON_ID_NOT_FOUND']",Atelopus
4597299198,"Atelopus laetissimus Ruiz-Carranza, Ardila-Robayo & Hernández-Camacho, 1994",Atelopus laetissimus,10.931096,-74.158303,Magdalena,,HUMAN_OBSERVATION,2023.0,50c9509d-22c7-4a22-a47d-8c48425ef4a7,iNaturalist research-grade observations,iNaturalist,Observations,31169.0,"['COORDINATE_ROUNDED', 'CONTINENT_DERIVED_FROM_COORDINATES', 'TAXON_ID_NOT_FOUND']",Atelopus
4597308147,"Atelopus laetissimus Ruiz-Carranza, Ardila-Robayo & Hernández-Camacho, 1994",Atelopus laetissimus,10.920641,-74.127331,Magdalena,,HUMAN_OBSERVATION,2023.0,50c9509d-22c7-4a22-a47d-8c48425ef4a7,iNaturalist research-grade observations,iNaturalist,Observations,31169.0,"['COORDINATE_ROUNDED', 'CONTINENT_DERIVED_FROM_COORDINATES', 'TAXON_ID_NOT_FOUND']",Atelopus
4921903537,"Atelopus spurrelli Boulenger, 1914",Atelopus spurrelli,6.017444,-77.287556,Chocó,,HUMAN_OBSERVATION,2023.0,50c9509d-22c7-4a22-a47d-8c48425ef4a7,iNaturalist research-grade observations,iNaturalist,Observations,31362.0,"['COORDINATE_ROUNDED', 'CONTINENT_DERIVED_FROM_COORDINATES', 'TAXON_ID_NOT_FOUND']",Atelopus
4165477091,"Atelopus spurrelli Boulenger, 1914",Atelopus spurrelli,6.348315,-77.341973,Chocó,,HUMAN_OBSERVATION,2023.0,50c9509d-22c7-4a22-a47d-8c48425ef4a7,iNaturalist research-grade observations,iNaturalist,Observations,31356.0,"['COORDINATE_ROUNDED', 'CONTINENT_DERIVED_FROM_COORDINATES', 'TAXON_ID_NOT_FOUND']",Atelopus
4438780734,"Atelopus nahumae Ruiz-Carranza, Ardila-Robayo & Hernández-Camacho, 1994",Atelopus nahumae,11.05715,-74.164833,Magdalena,,HUMAN_OBSERVATION,2023.0,50c9509d-22c7-4a22-a47d-8c48425ef4a7,iNaturalist research-grade observations,iNaturalist,Observations,31158.0,"['COORDINATE_ROUNDED', 'CONTINENT_DERIVED_FROM_COORDINATES', 'TAXON_ID_NOT_FOUND']",Atelopus
4512385233,"Atelopus laetissimus Ruiz-Carranza, Ardila-Robayo & Hernández-Camacho, 1994",Atelopus laetissimus,10.999728,-74.110285,Magdalena,,HUMAN_OBSERVATION,2023.0,50c9509d-22c7-4a22-a47d-8c48425ef4a7,iNaturalist research-grade observations,iNaturalist,Observations,31169.0,"['COORDINATE_ROUNDED', 'CONTINENT_DERIVED_FROM_COORDINATES', 'TAXON_ID_NOT_FOUND']",Atelopus
4512385275,"Atelopus laetissimus Ruiz-Carranza, Ardila-Robayo & Hernández-Camacho, 1994",Atelopus laetissimus,10.838039,-74.039564,Magdalena,,HUMAN_OBSERVATION,2023.0,50c9509d-22c7-4a22-a47d-8c48425ef4a7,iNaturalist research-grade observations,iNaturalist,Observations,31169.0,"['COORDINATE_ROUNDED', 'CONTINENT_DERIVED_FROM_COORDINATES', 'TAXON_ID_NOT_FOUND']",Atelopus
4512389762,"Atelopus laetissimus Ruiz-Carranza, Ardila-Robayo & Hernández-Camacho, 1994",Atelopus laetissimus,10.90638,-74.115577,Magdalena,,HUMAN_OBSERVATION,2023.0,50c9509d-22c7-4a22-a47d-8c48425ef4a7,iNaturalist research-grade observations,iNaturalist,Observations,31169.0,"['COORDINATE_ROUNDED', 'CONTINENT_DERIVED_FROM_COORDINATES', 'TAXON_ID_NOT_FOUND']",Atelopus
4512399150,"Atelopus laetissimus Ruiz-Carranza, Ardila-Robayo & Hernández-Camacho, 1994",Atelopus laetissimus,10.863866,-74.179535,Magdalena,,HUMAN_OBSERVATION,2023.0,50c9509d-22c7-4a22-a47d-8c48425ef4a7,iNaturalist research-grade observations,iNaturalist,Observations,31169.0,"['COORDINATE_ROUNDED', 'CONTINENT_DERIVED_FROM_COORDINATES', 'TAXON_ID_NOT_FOUND']",Atelopus
4512399283,"Atelopus laetissimus Ruiz-Carranza, Ardila-Robayo & Hernández-Camacho, 1994",Atelopus laetissimus,10.887171,-74.1789,Magdalena,,HUMAN_OBSERVATION,2023.0,50c9509d-22c7-4a22-a47d-8c48425ef4a7,iNaturalist research-grade observations,iNaturalist,Observations,31169.0,"['COORDINATE_ROUNDED', 'CONTINENT_DERIVED_FROM_COORDINATES', 'TAXON_ID_NOT_FOUND']",Atelopus
4512399552,"Atelopus laetissimus Ruiz-Carranza, Ardila-Robayo & Hernández-Camacho, 1994",Atelopus laetissimus,10.889858,-74.184426,Magdalena,,HUMAN_OBSERVATION,2023.0,50c9509d-22c7-4a22-a47d-8c48425ef4a7,iNaturalist research-grade observations,iNaturalist,Observations,31169.0,"['COORDINATE_ROUNDED', 'CONTINENT_DERIVED_FROM_COORDINATES', 'TAXON_ID_NOT_FOUND']",Atelopus
4512404045,"Atelopus laetissimus Ruiz-Carranza, Ardila-Robayo & Hernández-Camacho, 1994",Atelopus laetissimus,10.997053,-74.094505,Magdalena,,HUMAN_OBSERVATION,2023.0,50c9509d-22c7-4a22-a47d-8c48425ef4a7,iNaturalist research-grade observations,iNaturalist,Observations,31169.0,"['COORDINATE_ROUNDED', 'CONTINENT_DERIVED_FROM_COORDINATES', 'TAXON_ID_NOT_FOUND']",Atelopus
4512409405,"Atelopus laetissimus Ruiz-Carranza, Ardila-Robayo & Hernández-Camacho, 1994",Atelopus laetissimus,10.902012,-74.0681,Magdalena,,HUMAN_OBSERVATION,2023.0,50c9509d-22c7-4a22-a47d-8c48425ef4a7,iNaturalist research-grade observations,iNaturalist,Observations,31169.0,"['COORDINATE_ROUNDED', 'CONTINENT_DERIVED_FROM_COORDINATES', 'TAXON_ID_NOT_FOUND']",Atelopus
4512419178,"Atelopus laetissimus Ruiz-Carranza, Ardila-Robayo & Hernández-Camacho, 1994",Atelopus laetissimus,10.974269,-74.074921,Magdalena,,HUMAN_OBSERVATION,2023.0,50c9509d-22c7-4a22-a47d-8c48425ef4a7,iNaturalist research-grade observations,iNaturalist,Observations,31169.0,"['COORDINATE_ROUNDED', 'CONTINENT_DERIVED_FROM_COORDINATES', 'TAXON_ID_NOT_FOUND']",Atelopus
4512420555,"Atelopus laetissimus Ruiz-Carranza, Ardila-Robayo & Hernández-Camacho, 1994",Atelopus laetissimus,10.987033,-74.030559,Magdalena,,HUMAN_OBSERVATION,2023.0,50c9509d-22c7-4a22-a47d-8c48425ef4a7,iNaturalist research-grade observations,iNaturalist,Observations,31169.0,"['COORDINATE_ROUNDED', 'CONTINENT_DERIVED_FROM_COORDINATES', 'TAXON_ID_NOT_FOUND']",Atelopus
4512421629,"Atelopus laetissimus Ruiz-Carranza, Ardila-Robayo & Hernández-Camacho, 1994",Atelopus laetissimus,10.856526,-74.144994,Magdalena,,HUMAN_OBSERVATION,2023.0,50c9509d-22c7-4a22-a47d-8c48425ef4a7,iNaturalist research-grade observations,iNaturalist,Observations,31169.0,"['COORDINATE_ROUNDED', 'CONTINENT_DERIVED_FROM_COORDINATES', 'TAXON_ID_NOT_FOUND']",Atelopus
4512425716,"Atelopus laetissimus Ruiz-Carranza, Ardila-Robayo & Hernández-Camacho, 1994",Atelopus laetissimus,10.866189,-74.122601,Magdalena,,HUMAN_OBSERVATION,2023.0,50c9509d-22c7-4a22-a47d-8c48425ef4a7,iNaturalist research-grade observations,iNaturalist,Observations,31169.0,"['COORDINATE_ROUNDED', 'CONTINENT_DERIVED_FROM_COORDINATES', 'TAXON_ID_NOT_FOUND']",Atelopus
4512427888,"Atelopus laetissimus Ruiz-Carranza, Ardila-Robayo & Hernández-Camacho, 1994",Atelopus laetissimus,10.940161,-74.013171,Magdalena,,HUMAN_OBSERVATION,2023.0,50c9509d-22c7-4a22-a47d-8c48425ef4a7,iNaturalist research-grade observations,iNaturalist,Observations,31169.0,"['COORDINATE_ROUNDED', 'CONTINENT_DERIVED_FROM_COORDINATES', 'TAXON_ID_NOT_FOUND']",Atelopus
4512432507,"Atelopus laetissimus Ruiz-Carranza, Ardila-Robayo & Hernández-Camacho, 1994",Atelopus laetissimus,10.824506,-74.125123,Magdalena,,HUMAN_OBSERVATION,2023.0,50c9509d-22c7-4a22-a47d-8c48425ef4a7,iNaturalist research-grade observations,iNaturalist,Observations,31169.0,"['COORDINATE_ROUNDED', 'CONTINENT_DERIVED_FROM_COORDINATES', 'TAXON_ID_NOT_FOUND']",Atelopus
4512432648,"Atelopus laetissimus Ruiz-Carranza, Ardila-Robayo & Hernández-Camacho, 1994",Atelopus laetissimus,10.869083,-74.125984,Magdalena,,HUMAN_OBSERVATION,2023.0,50c9509d-22c7-4a22-a47d-8c48425ef4a7,iNaturalist research-grade observations,iNaturalist,Observations,31169.0,"['COORDINATE_ROUNDED', 'CONTINENT_DERIVED_FROM_COORDINATES', 'TAXON_ID_NOT_FOUND']",Atelopus
4512436613,"Atelopus laetissimus Ruiz-Carranza, Ardila-Robayo & Hernández-Camacho, 1994",Atelopus laetissimus,10.952078,-74.064237,Magdalena,,HUMAN_OBSERVATION,2023.0,50c9509d-22c7-4a22-a47d-8c48425ef4a7,iNaturalist research-grade observations,iNaturalist,Observations,31169.0,"['COORDINATE_ROUNDED', 'CONTINENT_DERIVED_FROM_COORDINATES', 'TAXON_ID_NOT_FOUND']",Atelopus
4512438446,"Atelopus laetissimus Ruiz-Carranza, Ardila-Robayo & Hernández-Camacho, 1994",Atelopus laetissimus,10.997316,-74.177022,Magdalena,,HUMAN_OBSERVATION,2023.0,50c9509d-22c7-4a22-a47d-8c48425ef4a7,iNaturalist research-grade observations,iNaturalist,Observations,31169.0,"['COORDINATE_ROUNDED', 'CONTINENT_DERIVED_FROM_COORDINATES', 'TAXON_ID_NOT_FOUND']",Atelopus
4597163509,"Atelopus laetissimus Ruiz-Carranza, Ardila-Robayo & Hernández-Camacho, 1994",Atelopus laetissimus,10.988972,-73.856029,Magdalena,,HUMAN_OBSERVATION,2023.0,50c9509d-22c7-4a22-a47d-8c48425ef4a7,iNaturalist research-grade observations,iNaturalist,Observations,31169.0,"['COORDINATE_ROUNDED', 'CONTINENT_DERIVED_FROM_COORDINATES', 'TAXON_ID_NOT_FOUND']",Atelopus
4597195581,"Atelopus carrikeri Ruthven, 1916",Atelopus carrikeri,10.90192,-73.996801,Magdalena,,HUMAN_OBSERVATION,2023.0,50c9509d-22c7-4a22-a47d-8c48425ef4a7,iNaturalist research-grade observations,iNaturalist,Observations,31169.0,"['COORDINATE_ROUNDED', 'CONTINENT_DERIVED_FROM_COORDINATES', 'TAXON_ID_NOT_FOUND']",Atelopus
4606625164,"Atelopus laetissimus Ruiz-Carranza, Ardila-Robayo & Hernández-Camacho, 1994",Atelopus laetissimus,10.810174,-74.030839,Magdalena,,HUMAN_OBSERVATION,2023.0,50c9509d-22c7-4a22-a47d-8c48425ef4a7,iNaturalist research-grade observations,iNaturalist,Observations,31169.0,"['COORDINATE_ROUNDED', 'CONTINENT_DERIVED_FROM_COORDINATES', 'TAXON_ID_NOT_FOUND']",Atelopus
4606827265,"Atelopus laetissimus Ruiz-Carranza, Ardila-Robayo & Hernández-Camacho, 1994",Atelopus laetissimus,10.927274,-74.157553,Magdalena,,HUMAN_OBSERVATION,2023.0,50c9509d-22c7-4a22-a47d-8c48425ef4a7,iNaturalist research-grade observations,iNaturalist,Observations,31169.0,"['COORDINATE_ROUNDED', 'CONTINENT_DERIVED_FROM_COORDINATES', 'TAXON_ID_NOT_FOUND']",Atelopus
4607050712,"Atelopus laetissimus Ruiz-Carranza, Ardila-Robayo & Hernández-Camacho, 1994",Atelopus laetissimus,10.807349,-74.04699,Magdalena,,HUMAN_OBSERVATION,2023.0,50c9509d-22c7-4a22-a47d-8c48425ef4a7,iNaturalist research-grade observations,iNaturalist,Observations,31169.0,"['COORDINATE_ROUNDED', 'CONTINENT_DERIVED_FROM_COORDINATES', 'TAXON_ID_NOT_FOUND']",Atelopus
4607073592,"Atelopus laetissimus Ruiz-Carranza, Ardila-Robayo & Hernández-Camacho, 1994",Atelopus laetissimus,10.920326,-74.074109,Magdalena,,HUMAN_OBSERVATION,2023.0,50c9509d-22c7-4a22-a47d-8c48425ef4a7,iNaturalist research-grade observations,iNaturalist,Observations,31169.0,"['COORDINATE_ROUNDED', 'CONTINENT_DERIVED_FROM_COORDINATES', 'TAXON_ID_NOT_FOUND']",Atelopus
4607231685,"Atelopus laetissimus Ruiz-Carranza, Ardila-Robayo & Hernández-Camacho, 1994",Atelopus laetissimus,10.879935,-74.070422,Magdalena,,HUMAN_OBSERVATION,2023.0,50c9509d-22c7-4a22-a47d-8c48425ef4a7,iNaturalist research-grade observations,iNaturalist,Observations,31169.0,"['COORDINATE_ROUNDED', 'CONTINENT_DERIVED_FROM_COORDINATES', 'TAXON_ID_NOT_FOUND']",Atelopus
4607374158,"Atelopus laetissimus Ruiz-Carranza, Ardila-Robayo & Hernández-Camacho, 1994",Atelopus laetissimus,10.824344,-74.101557,Magdalena,,HUMAN_OBSERVATION,2023.0,50c9509d-22c7-4a22-a47d-8c48425ef4a7,iNaturalist research-grade observations,iNaturalist,Observations,31169.0,"['COORDINATE_ROUNDED', 'CONTINENT_DERIVED_FROM_COORDINATES', 'TAXON_ID_NOT_FOUND']",Atelopus
4400049480,"Atelopus spurrelli Boulenger, 1914",Atelopus spurrelli,6.125491,-77.597837,Chocó,,HUMAN_OBSERVATION,2023.0,50c9509d-22c7-4a22-a47d-8c48425ef4a7,iNaturalist research-grade observations,iNaturalist,Observations,31362.0,"['COORDINATE_ROUNDED', 'TAXON_ID_NOT_FOUND']",Atelopus
4405086788,"Atelopus spurrelli Boulenger, 1914",Atelopus spurrelli,5.77162,-77.4643,Chocó,,HUMAN_OBSERVATION,2023.0,50c9509d-22c7-4a22-a47d-8c48425ef4a7,iNaturalist research-grade observations,iNaturalist,Observations,31373.0,"['COORDINATE_ROUNDED', 'TAXON_ID_NOT_FOUND']",Atelopus
4413947834,"Atelopus spurrelli Boulenger, 1914",Atelopus spurrelli,6.146785,-77.545302,Chocó,,HUMAN_OBSERVATION,2023.0,50c9509d-22c7-4a22-a47d-8c48425ef4a7,iNaturalist research-grade observations,iNaturalist,Observations,31362.0,"['COORDINATE_ROUNDED', 'CONTINENT_DERIVED_FROM_COORDINATES', 'TAXON_ID_NOT_FOUND']",Atelopus
4414024252,"Atelopus spurrelli Boulenger, 1914",Atelopus spurrelli,6.113525,-77.411062,Chocó,,HUMAN_OBSERVATION,2023.0,50c9509d-22c7-4a22-a47d-8c48425ef4a7,iNaturalist research-grade observations,iNaturalist,Observations,31362.0,"['COORDINATE_ROUNDED', 'CONTINENT_DERIVED_FROM_COORDINATES', 'TAXON_ID_NOT_FOUND']",Atelopus
4438716843,"Atelopus spurrelli Boulenger, 1914",Atelopus spurrelli,6.095713,-77.559721,Chocó,,HUMAN_OBSERVATION,2023.0,50c9509d-22c7-4a22-a47d-8c48425ef4a7,iNaturalist research-grade observations,iNaturalist,Observations,31362.0,"['COORDINATE_ROUNDED', 'TAXON_ID_NOT_FOUND']",Atelopus
4596918673,"Atelopus spurrelli Boulenger, 1914",Atelopus spurrelli,6.123636,-77.226618,Chocó,,HUMAN_OBSERVATION,2023.0,50c9509d-22c7-4a22-a47d-8c48425ef4a7,iNaturalist research-grade observations,iNaturalist,Observations,31362.0,"['COORDINATE_ROUNDED', 'CONTINENT_DERIVED_FROM_COORDINATES', 'TAXON_ID_NOT_FOUND']",Atelopus
4596967132,"Atelopus spurrelli Boulenger, 1914",Atelopus spurrelli,6.121383,-77.345247,Chocó,,HUMAN_OBSERVATION,2023.0,50c9509d-22c7-4a22-a47d-8c48425ef4a7,iNaturalist research-grade observations,iNaturalist,Observations,31362.0,"['COORDINATE_ROUNDED', 'CONTINENT_DERIVED_FROM_COORDINATES', 'TAXON_ID_NOT_FOUND']",Atelopus
4507735078,"Atelopus spurrelli Boulenger, 1914",Atelopus spurrelli,6.142812,-77.411711,Chocó,,HUMAN_OBSERVATION,2023.0,50c9509d-22c7-4a22-a47d-8c48425ef4a7,iNaturalist research-grade observations,iNaturalist,Observations,31362.0,"['COORDINATE_ROUNDED', 'CONTINENT_DERIVED_FROM_COORDINATES', 'TAXON_ID_NOT_FOUND']",Atelopus
3860589868,"Atelopus spurrelli Boulenger, 1914",Atelopus spurrelli,6.000785,-77.500175,Chocó,,HUMAN_OBSERVATION,2022.0,50c9509d-22c7-4a22-a47d-8c48425ef4a7,iNaturalist research-grade observations,iNaturalist,Observations,31362.0,"['COORDINATE_ROUNDED', 'TAXON_ID_NOT_FOUND']",Atelopus
5150133538,"Atelopus ignescens (Cornalia, 1849)",Atelopus ignescens,2.950037,-75.307084,Huila,Casco urbano,HUMAN_OBSERVATION,2022.0,e9becdf0-1ca9-4048-b8e9-ff274a47c44c,,Las Ceibas Empresas Públicas de Neiva E.S.P (Las Ceibas - EPN),,,[],Atelopus
5150133555,"Atelopus ebenoides Rivero, 1963",Atelopus ebenoides,2.950124,-75.307178,Huila,Casco urbano,HUMAN_OBSERVATION,2022.0,e9becdf0-1ca9-4048-b8e9-ff274a47c44c,,Las Ceibas Empresas Públicas de Neiva E.S.P (Las Ceibas - EPN),,,[],Atelopus
5150133558,"Atelopus elegans (Boulenger, 1882)",Atelopus elegans,2.950299,-75.307207,Huila,Casco urbano,HUMAN_OBSERVATION,2022.0,e9becdf0-1ca9-4048-b8e9-ff274a47c44c,,Las Ceibas Empresas Públicas de Neiva E.S.P (Las Ceibas - EPN),,,[],Atelopus
3985772160,"Atelopus spurrelli Boulenger, 1914",Atelopus spurrelli,5.714002,-77.34073,Chocó,,HUMAN_OBSERVATION,2022.0,50c9509d-22c7-4a22-a47d-8c48425ef4a7,iNaturalist research-grade observations,iNaturalist,Observations,31373.0,"['COORDINATE_ROUNDED', 'CONTINENT_DERIVED_FROM_COORDINATES', 'TAXON_ID_NOT_FOUND']",Atelopus
4034880691,"Atelopus spurrelli Boulenger, 1914",Atelopus spurrelli,5.744409,-77.266367,Chocó,,HUMAN_OBSERVATION,2022.0,50c9509d-22c7-4a22-a47d-8c48425ef4a7,iNaturalist research-grade observations,iNaturalist,Observations,31373.0,"['COORDINATE_ROUNDED', 'CONTINENT_DERIVED_FROM_COORDINATES', 'TAXON_ID_NOT_FOUND']",Atelopus
3773380927,"Atelopus spurrelli Boulenger, 1914",Atelopus spurrelli,5.370409,-76.888715,Chocó,,HUMAN_OBSERVATION,2022.0,50c9509d-22c7-4a22-a47d-8c48425ef4a7,iNaturalist research-grade observations,iNaturalist,Observations,391094.0,"['COORDINATE_ROUNDED', 'CONTINENT_DERIVED_FROM_COORDINATES', 'TAXON_ID_NOT_FOUND']",Atelopus
3784777748,"Atelopus fronterizo Vesely & Batista, 2021",Atelopus fronterizo,8.361715,-77.113099,Chocó,,HUMAN_OBSERVATION,2022.0,50c9509d-22c7-4a22-a47d-8c48425ef4a7,iNaturalist research-grade observations,iNaturalist,Observations,791.0,"['COORDINATE_ROUNDED', 'CONTINENT_DERIVED_FROM_COORDINATES', 'TAXON_ID_NOT_FOUND']",Atelopus
3873254519,"Atelopus carrikeri Ruthven, 1916",Atelopus carrikeri,10.837055,-73.816325,Magdalena,,HUMAN_OBSERVATION,2022.0,50c9509d-22c7-4a22-a47d-8c48425ef4a7,iNaturalist research-grade observations,iNaturalist,Observations,31169.0,"['COORDINATE_ROUNDED', 'CONTINENT_DERIVED_FROM_COORDINATES', 'TAXON_ID_NOT_FOUND']",Atelopus
4077725473,"Atelopus spumarius Cope, 1871",Atelopus spumarius,-1.657778,-73.204444,Amazonas,El Encanto,HUMAN_OBSERVATION,2022.0,c2bea924-e809-4d96-b9c1-0d78e9103f3b,Expedición Binacional a la Biodiversidad de la Cuenca de río Putumayo entre Perú y Colombia.,Instituto Amazónico de Investigaciones Científicas - SINCHI,SINCHI-A,,['COORDINATE_ROUNDED'],Atelopus
4121293802,"Atelopus spurrelli Boulenger, 1914",Atelopus spurrelli,5.702377,-77.582386,Chocó,,HUMAN_OBSERVATION,2022.0,50c9509d-22c7-4a22-a47d-8c48425ef4a7,iNaturalist research-grade observations,iNaturalist,Observations,31373.0,"['COORDINATE_ROUNDED', 'TAXON_ID_NOT_FOUND']",Atelopus
5069339190,"Atelopus spumarius Cope, 1871",Atelopus spumarius,-1.657778,-73.204444,Amazonas,,PRESERVED_SPECIMEN,2022.0,8f2fc771-a2a9-4364-a919-d8b27087dd50,,Instituto Amazónico de Investigaciones Científicas - SINCHI,SINCHI-A,,"['COORDINATE_ROUNDED', 'INSTITUTION_MATCH_FUZZY']",Atelopus
3858483083,"Atelopus laetissimus Ruiz-Carranza, Ardila-Robayo & Hernández-Camacho, 1994",Atelopus laetissimus,11.140297,-74.113051,Magdalena,,HUMAN_OBSERVATION,2022.0,50c9509d-22c7-4a22-a47d-8c48425ef4a7,iNaturalist research-grade observations,iNaturalist,Observations,31158.0,"['COORDINATE_ROUNDED', 'CONTINENT_DERIVED_FROM_COORDINATES', 'TAXON_ID_NOT_FOUND']",Atelopus
3858785033,"Atelopus laetissimus Ruiz-Carranza, Ardila-Robayo & Hernández-Camacho, 1994",Atelopus laetissimus,11.063267,-74.103786,Magdalena,,HUMAN_OBSERVATION,2022.0,50c9509d-22c7-4a22-a47d-8c48425ef4a7,iNaturalist research-grade observations,iNaturalist,Observations,31158.0,"['COORDINATE_ROUNDED', 'CONTINENT_DERIVED_FROM_COORDINATES', 'TAXON_ID_NOT_FOUND']",Atelopus
3859240064,"Atelopus nahumae Ruiz-Carranza, Ardila-Robayo & Hernández-Camacho, 1994",Atelopus nahumae,11.195024,-74.087428,Magdalena,,HUMAN_OBSERVATION,2022.0,50c9509d-22c7-4a22-a47d-8c48425ef4a7,iNaturalist research-grade observations,iNaturalist,Observations,31158.0,"['COORDINATE_ROUNDED', 'CONTINENT_DERIVED_FROM_COORDINATES', 'TAXON_ID_NOT_FOUND']",Atelopus
3859220756,"Atelopus spurrelli Boulenger, 1914",Atelopus spurrelli,6.028959,-77.461386,Chocó,,HUMAN_OBSERVATION,2022.0,50c9509d-22c7-4a22-a47d-8c48425ef4a7,iNaturalist research-grade observations,iNaturalist,Observations,31362.0,"['COORDINATE_ROUNDED', 'CONTINENT_DERIVED_FROM_COORDINATES', 'TAXON_ID_NOT_FOUND']",Atelopus
3873105689,"Atelopus spurrelli Boulenger, 1914",Atelopus spurrelli,6.363924,-77.251774,Chocó,,HUMAN_OBSERVATION,2022.0,50c9509d-22c7-4a22-a47d-8c48425ef4a7,iNaturalist research-grade observations,iNaturalist,Observations,31356.0,"['COORDINATE_ROUNDED', 'CONTINENT_DERIVED_FROM_COORDINATES', 'TAXON_ID_NOT_FOUND']",Atelopus
3873400872,"Atelopus spurrelli Boulenger, 1914",Atelopus spurrelli,6.224783,-77.321537,Chocó,,HUMAN_OBSERVATION,2022.0,50c9509d-22c7-4a22-a47d-8c48425ef4a7,iNaturalist research-grade observations,iNaturalist,Observations,31356.0,"['COORDINATE_ROUNDED', 'CONTINENT_DERIVED_FROM_COORDINATES', 'TAXON_ID_NOT_FOUND']",Atelopus
3902450728,"Atelopus carrikeri Ruthven, 1916",Atelopus carrikeri,10.912778,-73.966244,Magdalena,,HUMAN_OBSERVATION,2022.0,50c9509d-22c7-4a22-a47d-8c48425ef4a7,iNaturalist research-grade observations,iNaturalist,Observations,31169.0,"['COORDINATE_ROUNDED', 'CONTINENT_DERIVED_FROM_COORDINATES', 'TAXON_ID_NOT_FOUND']",Atelopus
3915405561,"Atelopus carrikeri Ruthven, 1916",Atelopus carrikeri,10.868971,-73.940017,Magdalena,,HUMAN_OBSERVATION,2022.0,50c9509d-22c7-4a22-a47d-8c48425ef4a7,iNaturalist research-grade observations,iNaturalist,Observations,31169.0,"['COORDINATE_ROUNDED', 'CONTINENT_DERIVED_FROM_COORDINATES', 'TAXON_ID_NOT_FOUND']",Atelopus
4599764681,"Atelopus laetissimus Ruiz-Carranza, Ardila-Robayo & Hernández-Camacho, 1994",Atelopus laetissimus,11.189181,-74.015979,Magdalena,,HUMAN_OBSERVATION,2022.0,50c9509d-22c7-4a22-a47d-8c48425ef4a7,iNaturalist research-grade observations,iNaturalist,Observations,31158.0,"['COORDINATE_ROUNDED', 'CONTINENT_DERIVED_FROM_COORDINATES', 'TAXON_ID_NOT_FOUND']",Atelopus
5157386358,"Atelopus nahumae Ruiz-Carranza, Ardila-Robayo & Hernández-Camacho, 1994",Atelopus nahumae,10.514888,-73.707416,Magdalena,,PRESERVED_SPECIMEN,2022.0,2779c7d7-fb11-466b-8cfa-b21699dfd540,"Diversidad de insectos y vertebrados, biosonidos y etnobiología en las vertientes norte y occidental de la Sierra Nevada de Santa Marta",Universidad del Magdalena (UniMagdalena),CBUMAG,,[],Atelopus
3902544427,"Atelopus nahumae Ruiz-Carranza, Ardila-Robayo & Hernández-Camacho, 1994",Atelopus nahumae,11.122849,-74.081518,Magdalena,,HUMAN_OBSERVATION,2022.0,50c9509d-22c7-4a22-a47d-8c48425ef4a7,iNaturalist research-grade observations,iNaturalist,Observations,31158.0,"['COORDINATE_ROUNDED', 'CONTINENT_DERIVED_FROM_COORDINATES', 'TAXON_ID_NOT_FOUND']",Atelopus
3902978216,"Atelopus laetissimus Ruiz-Carranza, Ardila-Robayo & Hernández-Camacho, 1994",Atelopus laetissimus,11.052728,-74.045401,Magdalena,,HUMAN_OBSERVATION,2022.0,50c9509d-22c7-4a22-a47d-8c48425ef4a7,iNaturalist research-grade observations,iNaturalist,Observations,31158.0,"['COORDINATE_ROUNDED', 'CONTINENT_DERIVED_FROM_COORDINATES', 'TAXON_ID_NOT_FOUND']",Atelopus
3912028224,"Atelopus nahumae Ruiz-Carranza, Ardila-Robayo & Hernández-Camacho, 1994",Atelopus nahumae,11.03401,-74.031829,Magdalena,,HUMAN_OBSERVATION,2022.0,50c9509d-22c7-4a22-a47d-8c48425ef4a7,iNaturalist research-grade observations,iNaturalist,Observations,31158.0,"['COORDINATE_ROUNDED', 'CONTINENT_DERIVED_FROM_COORDINATES', 'TAXON_ID_NOT_FOUND']",Atelopus
3912084036,"Atelopus laetissimus Ruiz-Carranza, Ardila-Robayo & Hernández-Camacho, 1994",Atelopus laetissimus,11.036237,-74.159039,Magdalena,,HUMAN_OBSERVATION,2022.0,50c9509d-22c7-4a22-a47d-8c48425ef4a7,iNaturalist research-grade observations,iNaturalist,Observations,31158.0,"['COORDINATE_ROUNDED', 'CONTINENT_DERIVED_FROM_COORDINATES', 'TAXON_ID_NOT_FOUND']",Atelopus
3912158132,"Atelopus laetissimus Ruiz-Carranza, Ardila-Robayo & Hernández-Camacho, 1994",Atelopus laetissimus,11.079585,-74.066482,Magdalena,,HUMAN_OBSERVATION,2022.0,50c9509d-22c7-4a22-a47d-8c48425ef4a7,iNaturalist research-grade observations,iNaturalist,Observations,31158.0,"['COORDINATE_ROUNDED', 'CONTINENT_DERIVED_FROM_COORDINATES', 'TAXON_ID_NOT_FOUND']",Atelopus
3912429078,"Atelopus nahumae Ruiz-Carranza, Ardila-Robayo & Hernández-Camacho, 1994",Atelopus nahumae,11.084998,-74.030623,Magdalena,,HUMAN_OBSERVATION,2022.0,50c9509d-22c7-4a22-a47d-8c48425ef4a7,iNaturalist research-grade observations,iNaturalist,Observations,31158.0,"['COORDINATE_ROUNDED', 'CONTINENT_DERIVED_FROM_COORDINATES', 'TAXON_ID_NOT_FOUND']",Atelopus
4911079505,"Atelopus spurrelli Boulenger, 1914",Atelopus spurrelli,6.310374,-77.41855,Chocó,,HUMAN_OBSERVATION,2022.0,50c9509d-22c7-4a22-a47d-8c48425ef4a7,iNaturalist research-grade observations,iNaturalist,Observations,31356.0,"['COORDINATE_ROUNDED', 'CONTINENT_DERIVED_FROM_COORDINATES', 'TAXON_ID_NOT_FOUND']",Atelopus
5089381897,"Atelopus spurrelli Boulenger, 1914",Atelopus spurrelli,6.26489,-77.45901,Chocó,Huina,PRESERVED_SPECIMEN,2022.0,8833ca14-d2a7-4516-8295-9617f15950f1,Herpetofauna Punta Huina,Universidad EAFIT (EAFIT),EAFIT,,['INSTITUTION_MATCH_FUZZY'],Atelopus
5089381899,"Atelopus spurrelli Boulenger, 1914",Atelopus spurrelli,6.26489,-77.45901,Chocó,Huina,PRESERVED_SPECIMEN,2022.0,8833ca14-d2a7-4516-8295-9617f15950f1,Herpetofauna Punta Huina,Universidad EAFIT (EAFIT),EAFIT,,['INSTITUTION_MATCH_FUZZY'],Atelopus
5089381918,"Atelopus spurrelli Boulenger, 1914",Atelopus spurrelli,6.26489,-77.45901,Chocó,Huina,PRESERVED_SPECIMEN,2022.0,8833ca14-d2a7-4516-8295-9617f15950f1,Herpetofauna Punta Huina,Universidad EAFIT (EAFIT),EAFIT,,['INSTITUTION_MATCH_FUZZY'],Atelopus
5089381925,"Atelopus spurrelli Boulenger, 1914",Atelopus spurrelli,6.26489,-77.45901,Chocó,Huina,PRESERVED_SPECIMEN,2022.0,8833ca14-d2a7-4516-8295-9617f15950f1,Herpetofauna Punta Huina,Universidad EAFIT (EAFIT),EAFIT,,['INSTITUTION_MATCH_FUZZY'],Atelopus
5089381929,"Atelopus spurrelli Boulenger, 1914",Atelopus spurrelli,6.26489,-77.45901,Chocó,Huina,PRESERVED_SPECIMEN,2022.0,8833ca14-d2a7-4516-8295-9617f15950f1,Herpetofauna Punta Huina,Universidad EAFIT (EAFIT),EAFIT,,['INSTITUTION_MATCH_FUZZY'],Atelopus
5089381933,"Atelopus spurrelli Boulenger, 1914",Atelopus spurrelli,6.26489,-77.45901,Chocó,Huina,PRESERVED_SPECIMEN,2022.0,8833ca14-d2a7-4516-8295-9617f15950f1,Herpetofauna Punta Huina,Universidad EAFIT (EAFIT),EAFIT,,['INSTITUTION_MATCH_FUZZY'],Atelopus
5089381937,"Atelopus spurrelli Boulenger, 1914",Atelopus spurrelli,6.26213,-77.45649,Chocó,Huina,PRESERVED_SPECIMEN,2022.0,8833ca14-d2a7-4516-8295-9617f15950f1,Herpetofauna Punta Huina,Universidad EAFIT (EAFIT),EAFIT,,['INSTITUTION_MATCH_FUZZY'],Atelopus
3912037999,"Atelopus spurrelli Boulenger, 1914",Atelopus spurrelli,6.045354,-77.500434,Chocó,,HUMAN_OBSERVATION,2022.0,50c9509d-22c7-4a22-a47d-8c48425ef4a7,iNaturalist research-grade observations,iNaturalist,Observations,31362.0,"['COORDINATE_ROUNDED', 'CONTINENT_DERIVED_FROM_COORDINATES', 'TAXON_ID_NOT_FOUND']",Atelopus
5089382647,"Atelopus spurrelli Boulenger, 1914",Atelopus spurrelli,6.26489,-77.45901,Chocó,Huina,PRESERVED_SPECIMEN,2022.0,8833ca14-d2a7-4516-8295-9617f15950f1,Herpetofauna Punta Huina,Universidad EAFIT (EAFIT),EAFIT,,['INSTITUTION_MATCH_FUZZY'],Atelopus
3966687201,"Atelopus spurrelli Boulenger, 1914",Atelopus spurrelli,6.325979,-77.457928,Chocó,,HUMAN_OBSERVATION,2022.0,50c9509d-22c7-4a22-a47d-8c48425ef4a7,iNaturalist research-grade observations,iNaturalist,Observations,31356.0,"['COORDINATE_ROUNDED', 'CONTINENT_DERIVED_FROM_COORDINATES', 'TAXON_ID_NOT_FOUND']",Atelopus
4954480096,"Atelopus laetissimus Ruiz-Carranza, Ardila-Robayo & Hernández-Camacho, 1994",Atelopus laetissimus,11.19549,-74.126765,Magdalena,,HUMAN_OBSERVATION,2022.0,50c9509d-22c7-4a22-a47d-8c48425ef4a7,iNaturalist research-grade observations,iNaturalist,Observations,31158.0,"['COORDINATE_ROUNDED', 'CONTINENT_DERIVED_FROM_COORDINATES', 'TAXON_ID_NOT_FOUND']",Atelopus
4102703527,"Atelopus carrikeri Ruthven, 1916",Atelopus carrikeri,10.723391,-74.0196,Magdalena,,HUMAN_OBSERVATION,2022.0,50c9509d-22c7-4a22-a47d-8c48425ef4a7,iNaturalist research-grade observations,iNaturalist,Observations,31179.0,"['COORDINATE_ROUNDED', 'CONTINENT_DERIVED_FROM_COORDINATES', 'TAXON_ID_NOT_FOUND']",Atelopus
3031739863,"Atelopus spurrelli Boulenger, 1914",Atelopus spurrelli,6.116816,-77.488292,Chocó,,HUMAN_OBSERVATION,2021.0,50c9509d-22c7-4a22-a47d-8c48425ef4a7,iNaturalist research-grade observations,iNaturalist,Observations,31362.0,"['COORDINATE_ROUNDED', 'CONTINENT_DERIVED_FROM_COORDINATES', 'TAXON_ID_NOT_FOUND']",Atelopus
6500052523,"Atelopus spurrelli Boulenger, 1914",Atelopus spurrelli,6.200779,-77.526179,Chocó,,HUMAN_OBSERVATION,2021.0,50c9509d-22c7-4a22-a47d-8c48425ef4a7,iNaturalist research-grade observations,iNaturalist,Observations,31356.0,"['COORDINATE_ROUNDED', 'CONTINENT_DERIVED_FROM_COORDINATES', 'TAXON_ID_NOT_FOUND']",Atelopus
3058978972,"Atelopus spurrelli Boulenger, 1914",Atelopus spurrelli,6.540521,-77.35842,Chocó,,HUMAN_OBSERVATION,2021.0,50c9509d-22c7-4a22-a47d-8c48425ef4a7,iNaturalist research-grade observations,iNaturalist,Observations,47612.0,"['COORDINATE_ROUNDED', 'CONTINENT_DERIVED_FROM_COORDINATES', 'TAXON_ID_NOT_FOUND']",Atelopus
3059140199,"Atelopus spurrelli Boulenger, 1914",Atelopus spurrelli,6.450958,-77.264543,Chocó,,HUMAN_OBSERVATION,2021.0,50c9509d-22c7-4a22-a47d-8c48425ef4a7,iNaturalist research-grade observations,iNaturalist,Observations,40083.0,"['COORDINATE_ROUNDED', 'CONTINENT_DERIVED_FROM_COORDINATES', 'TAXON_ID_NOT_FOUND']",Atelopus
3097041289,"Atelopus spurrelli Boulenger, 1914",Atelopus spurrelli,6.010214,-77.225628,Chocó,,HUMAN_OBSERVATION,2021.0,50c9509d-22c7-4a22-a47d-8c48425ef4a7,iNaturalist research-grade observations,iNaturalist,Observations,31362.0,"['COORDINATE_ROUNDED', 'CONTINENT_DERIVED_FROM_COORDINATES', 'TAXON_ID_NOT_FOUND']",Atelopus
3097125432,"Atelopus spurrelli Boulenger, 1914",Atelopus spurrelli,6.222161,-77.236477,Chocó,,HUMAN_OBSERVATION,2021.0,50c9509d-22c7-4a22-a47d-8c48425ef4a7,iNaturalist research-grade observations,iNaturalist,Observations,31356.0,"['COORDINATE_ROUNDED', 'CONTINENT_DERIVED_FROM_COORDINATES', 'TAXON_ID_NOT_FOUND']",Atelopus
3097195710,"Atelopus spurrelli Boulenger, 1914",Atelopus spurrelli,5.950737,-77.342474,Chocó,,HUMAN_OBSERVATION,2021.0,50c9509d-22c7-4a22-a47d-8c48425ef4a7,iNaturalist research-grade observations,iNaturalist,Observations,31368.0,"['COORDINATE_ROUNDED', 'CONTINENT_DERIVED_FROM_COORDINATES', 'TAXON_ID_NOT_FOUND']",Atelopus
3337606811,"Atelopus carrikeri Ruthven, 1916",Atelopus carrikeri,10.90546,-73.881531,Magdalena,,HUMAN_OBSERVATION,2021.0,50c9509d-22c7-4a22-a47d-8c48425ef4a7,iNaturalist research-grade observations,iNaturalist,Observations,31169.0,"['COORDINATE_ROUNDED', 'CONTINENT_DERIVED_FROM_COORDINATES', 'TAXON_ID_NOT_FOUND']",Atelopus
4133697126,"Atelopus laetissimus Ruiz-Carranza, Ardila-Robayo & Hernández-Camacho, 1994",Atelopus laetissimus,10.639701,-73.895651,Magdalena,,HUMAN_OBSERVATION,2021.0,50c9509d-22c7-4a22-a47d-8c48425ef4a7,iNaturalist research-grade observations,iNaturalist,Observations,31179.0,"['COORDINATE_ROUNDED', 'CONTINENT_DERIVED_FROM_COORDINATES', 'TAXON_ID_NOT_FOUND']",Atelopus
4133809608,"Atelopus nahumae Ruiz-Carranza, Ardila-Robayo & Hernández-Camacho, 1994",Atelopus nahumae,10.918061,-73.816507,Magdalena,,HUMAN_OBSERVATION,2021.0,50c9509d-22c7-4a22-a47d-8c48425ef4a7,iNaturalist research-grade observations,iNaturalist,Observations,31169.0,"['COORDINATE_ROUNDED', 'CONTINENT_DERIVED_FROM_COORDINATES', 'TAXON_ID_NOT_FOUND']",Atelopus
4133848069,"Atelopus carrikeri Ruthven, 1916",Atelopus carrikeri,10.974649,-73.816584,Magdalena,,HUMAN_OBSERVATION,2021.0,50c9509d-22c7-4a22-a47d-8c48425ef4a7,iNaturalist research-grade observations,iNaturalist,Observations,31169.0,"['COORDINATE_ROUNDED', 'CONTINENT_DERIVED_FROM_COORDINATES', 'TAXON_ID_NOT_FOUND']",Atelopus
4133852010,"Atelopus laetissimus Ruiz-Carranza, Ardila-Robayo & Hernández-Camacho, 1994",Atelopus laetissimus,10.835575,-73.891649,Magdalena,,HUMAN_OBSERVATION,2021.0,50c9509d-22c7-4a22-a47d-8c48425ef4a7,iNaturalist research-grade observations,iNaturalist,Observations,31169.0,"['COORDINATE_ROUNDED', 'CONTINENT_DERIVED_FROM_COORDINATES', 'TAXON_ID_NOT_FOUND']",Atelopus
4177295470,"Atelopus spurrelli Boulenger, 1914",Atelopus spurrelli,6.056554,-77.496092,Chocó,,HUMAN_OBSERVATION,2021.0,50c9509d-22c7-4a22-a47d-8c48425ef4a7,iNaturalist research-grade observations,iNaturalist,Observations,31362.0,"['COORDINATE_ROUNDED', 'CONTINENT_DERIVED_FROM_COORDINATES', 'TAXON_ID_NOT_FOUND']",Atelopus
4428727333,"Atelopus elegans (Boulenger, 1882)",Atelopus elegans,2.972021,-78.172382,Cauca,,HUMAN_OBSERVATION,2021.0,9d0ccaf9-66d9-40d2-bf20-21aca6eda68e,,Universidad Nacional de Colombia (UNAL),ICN-MHN,,['COORDINATE_ROUNDED'],Atelopus
4428727336,"Atelopus elegans (Boulenger, 1882)",Atelopus elegans,2.972021,-78.172382,Cauca,,HUMAN_OBSERVATION,2021.0,9d0ccaf9-66d9-40d2-bf20-21aca6eda68e,,Universidad Nacional de Colombia (UNAL),ICN-MHN,,['COORDINATE_ROUNDED'],Atelopus
4428727363,"Atelopus elegans (Boulenger, 1882)",Atelopus elegans,2.967417,-78.175152,Cauca,,HUMAN_OBSERVATION,2021.0,9d0ccaf9-66d9-40d2-bf20-21aca6eda68e,,Universidad Nacional de Colombia (UNAL),ICN-MHN,,['COORDINATE_ROUNDED'],Atelopus
4428727365,"Atelopus elegans (Boulenger, 1882)",Atelopus elegans,2.972021,-78.172382,Cauca,,HUMAN_OBSERVATION,2021.0,9d0ccaf9-66d9-40d2-bf20-21aca6eda68e,,Universidad Nacional de Colombia (UNAL),ICN-MHN,,['COORDINATE_ROUNDED'],Atelopus
4428727369,"Atelopus elegans (Boulenger, 1882)",Atelopus elegans,2.980176,-78.171243,Cauca,,HUMAN_OBSERVATION,2021.0,9d0ccaf9-66d9-40d2-bf20-21aca6eda68e,,Universidad Nacional de Colombia (UNAL),ICN-MHN,,['COORDINATE_ROUNDED'],Atelopus
3335245330,"Atelopus elegans (Boulenger, 1882)",Atelopus elegans,2.893591,-78.022751,Valle del Cauca,,HUMAN_OBSERVATION,2021.0,50c9509d-22c7-4a22-a47d-8c48425ef4a7,iNaturalist research-grade observations,iNaturalist,Observations,31431.0,"['COORDINATE_ROUNDED', 'TAXON_ID_NOT_FOUND']",Atelopus
3462683531,"Atelopus spurrelli Boulenger, 1914",Atelopus spurrelli,5.764889,-77.192528,Chocó,Nuquí,PRESERVED_SPECIMEN,2021.0,2de2f65e-7031-4844-a461-687b8c197689,Colección Científica de Referencia Zoológica del Chocó - Herpetología,Universidad Tecnológica del Chocó (UTCH),COLZOOCH-H,,"['COORDINATE_ROUNDED', 'OCCURRENCE_STATUS_INFERRED_FROM_INDIVIDUAL_COUNT', 'INSTITUTION_MATCH_FUZZY']",Atelopus
4133173336,"Atelopus spurrelli Boulenger, 1914",Atelopus spurrelli,5.753889,-77.200556,Chocó,Nuquí,PRESERVED_SPECIMEN,2021.0,2de2f65e-7031-4844-a461-687b8c197689,Colección Científica de Referencia Zoológica del Chocó - Herpetología,Universidad Tecnológica del Chocó (UTCH),COLZOOCH-H,,"['COORDINATE_ROUNDED', 'OCCURRENCE_STATUS_INFERRED_FROM_INDIVIDUAL_COUNT', 'INSTITUTION_MATCH_FUZZY']",Atelopus
3455589245,"Atelopus laetissimus Ruiz-Carranza, Ardila-Robayo & Hernández-Camacho, 1994",Atelopus laetissimus,11.191146,-73.543905,La Guajira,,HUMAN_OBSERVATION,2021.0,50c9509d-22c7-4a22-a47d-8c48425ef4a7,iNaturalist research-grade observations,iNaturalist,Observations,31158.0,"['COORDINATE_ROUNDED', 'CONTINENT_DERIVED_FROM_COORDINATES', 'TAXON_ID_NOT_FOUND']",Atelopus
5177133904,"Atelopus spurrelli Boulenger, 1914",Atelopus spurrelli,6.188744,-77.570691,Chocó,,HUMAN_OBSERVATION,2021.0,50c9509d-22c7-4a22-a47d-8c48425ef4a7,iNaturalist research-grade observations,iNaturalist,Observations,31362.0,"['COORDINATE_ROUNDED', 'TAXON_ID_NOT_FOUND']",Atelopus
3398709203,"Atelopus spurrelli Boulenger, 1914",Atelopus spurrelli,5.643141,-77.226635,Chocó,,HUMAN_OBSERVATION,2021.0,50c9509d-22c7-4a22-a47d-8c48425ef4a7,iNaturalist research-grade observations,iNaturalist,Observations,31373.0,"['COORDINATE_ROUNDED', 'CONTINENT_DERIVED_FROM_COORDINATES', 'TAXON_ID_NOT_FOUND']",Atelopus
3398827789,"Atelopus spurrelli Boulenger, 1914",Atelopus spurrelli,6.24058,-77.272477,Chocó,,HUMAN_OBSERVATION,2021.0,50c9509d-22c7-4a22-a47d-8c48425ef4a7,iNaturalist research-grade observations,iNaturalist,Observations,31356.0,"['COORDINATE_ROUNDED', 'CONTINENT_DERIVED_FROM_COORDINATES', 'TAXON_ID_NOT_FOUND']",Atelopus
3961035595,"Atelopus spurrelli Boulenger, 1914",Atelopus spurrelli,6.357187,-77.312206,Chocó,,HUMAN_OBSERVATION,2021.0,50c9509d-22c7-4a22-a47d-8c48425ef4a7,iNaturalist research-grade observations,iNaturalist,Observations,31356.0,"['COORDINATE_ROUNDED', 'CONTINENT_DERIVED_FROM_COORDINATES', 'TAXON_ID_NOT_FOUND']",Atelopus
3961449599,"Atelopus spurrelli Boulenger, 1914",Atelopus spurrelli,6.392666,-77.306027,Chocó,,HUMAN_OBSERVATION,2021.0,50c9509d-22c7-4a22-a47d-8c48425ef4a7,iNaturalist research-grade observations,iNaturalist,Observations,31356.0,"['COORDINATE_ROUNDED', 'CONTINENT_DERIVED_FROM_COORDINATES', 'TAXON_ID_NOT_FOUND']",Atelopus
5892679629,"Atelopus nahumae Ruiz-Carranza, Ardila-Robayo & Hernández-Camacho, 1994",Atelopus nahumae,11.087162,-74.076112,Magdalena,,HUMAN_OBSERVATION,2021.0,50c9509d-22c7-4a22-a47d-8c48425ef4a7,iNaturalist research-grade observations,iNaturalist,Observations,31158.0,"['COORDINATE_ROUNDED', 'CONTINENT_DERIVED_FROM_COORDINATES', 'TAXON_ID_NOT_FOUND']",Atelopus
3456769141,"Atelopus carrikeri Ruthven, 1916",Atelopus carrikeri,10.906929,-73.963184,Magdalena,,HUMAN_OBSERVATION,2021.0,50c9509d-22c7-4a22-a47d-8c48425ef4a7,iNaturalist research-grade observations,iNaturalist,Observations,31169.0,"['COORDINATE_ROUNDED', 'CONTINENT_DERIVED_FROM_COORDINATES', 'TAXON_ID_NOT_FOUND']",Atelopus
3457181748,"Atelopus carrikeri Ruthven, 1916",Atelopus carrikeri,10.838738,-73.852584,Magdalena,,HUMAN_OBSERVATION,2021.0,50c9509d-22c7-4a22-a47d-8c48425ef4a7,iNaturalist research-grade observations,iNaturalist,Observations,31169.0,"['COORDINATE_ROUNDED', 'CONTINENT_DERIVED_FROM_COORDINATES', 'TAXON_ID_NOT_FOUND']",Atelopus
3817365302,"Atelopus spurrelli Boulenger, 1914",Atelopus spurrelli,6.012954,-77.340761,Chocó,Bahía Solano,HUMAN_OBSERVATION,2021.0,b5c73c24-b632-4ed9-8021-3c53ea7c8f6b,,,,,"['TAXON_MATCH_FUZZY', 'OCCURRENCE_STATUS_INFERRED_FROM_INDIVIDUAL_COUNT']",Atelopus
3817365304,"Atelopus spurrelli Boulenger, 1914",Atelopus spurrelli,6.012954,-77.340761,Chocó,Bahía Solano,HUMAN_OBSERVATION,2021.0,b5c73c24-b632-4ed9-8021-3c53ea7c8f6b,,,,,"['TAXON_MATCH_FUZZY', 'OCCURRENCE_STATUS_INFERRED_FROM_INDIVIDUAL_COUNT']",Atelopus
3817365306,"Atelopus spurrelli Boulenger, 1914",Atelopus spurrelli,6.012954,-77.340761,Chocó,Bahía Solano,HUMAN_OBSERVATION,2021.0,b5c73c24-b632-4ed9-8021-3c53ea7c8f6b,,,,,"['TAXON_MATCH_FUZZY', 'OCCURRENCE_STATUS_INFERRED_FROM_INDIVIDUAL_COUNT']",Atelopus
3817365307,"Atelopus spurrelli Boulenger, 1914",Atelopus spurrelli,6.012954,-77.340761,Chocó,Bahía Solano,HUMAN_OBSERVATION,2021.0,b5c73c24-b632-4ed9-8021-3c53ea7c8f6b,,,,,"['TAXON_MATCH_FUZZY', 'OCCURRENCE_STATUS_INFERRED_FROM_INDIVIDUAL_COUNT']",Atelopus
3817365317,"Atelopus spurrelli Boulenger, 1914",Atelopus spurrelli,6.012954,-77.340761,Chocó,Bahía Solano,HUMAN_OBSERVATION,2021.0,b5c73c24-b632-4ed9-8021-3c53ea7c8f6b,,,,,"['TAXON_MATCH_FUZZY', 'OCCURRENCE_STATUS_INFERRED_FROM_INDIVIDUAL_COUNT']",Atelopus
3817365319,"Atelopus spurrelli Boulenger, 1914",Atelopus spurrelli,6.012954,-77.340761,Chocó,Bahía Solano,HUMAN_OBSERVATION,2021.0,b5c73c24-b632-4ed9-8021-3c53ea7c8f6b,,,,,"['TAXON_MATCH_FUZZY', 'OCCURRENCE_STATUS_INFERRED_FROM_INDIVIDUAL_COUNT']",Atelopus
3858296905,"Atelopus carrikeri Ruthven, 1916",Atelopus carrikeri,10.958395,-73.996869,Magdalena,,HUMAN_OBSERVATION,2021.0,50c9509d-22c7-4a22-a47d-8c48425ef4a7,iNaturalist research-grade observations,iNaturalist,Observations,31169.0,"['COORDINATE_ROUNDED', 'CONTINENT_DERIVED_FROM_COORDINATES', 'TAXON_ID_NOT_FOUND']",Atelopus
5935996846,"Atelopus fronterizo Vesely & Batista, 2021",Atelopus fronterizo,8.387388,-77.132059,Chocó,,HUMAN_OBSERVATION,2021.0,50c9509d-22c7-4a22-a47d-8c48425ef4a7,iNaturalist research-grade observations,iNaturalist,Observations,31287.0,"['COORDINATE_ROUNDED', 'CONTINENT_DERIVED_FROM_COORDINATES', 'TAXON_ID_NOT_FOUND']",Atelopus
2573840333,"Atelopus fronterizo Vesely & Batista, 2021",Atelopus fronterizo,8.366812,-77.136726,Chocó,,HUMAN_OBSERVATION,2020.0,50c9509d-22c7-4a22-a47d-8c48425ef4a7,iNaturalist research-grade observations,iNaturalist,Observations,31287.0,"['COORDINATE_ROUNDED', 'CONTINENT_DERIVED_FROM_COORDINATES', 'TAXON_ID_NOT_FOUND']",Atelopus
3890565454,"Atelopus spurrelli Boulenger, 1914",Atelopus spurrelli,6.276889,-77.369833,Chocó,Mecana,PRESERVED_SPECIMEN,2020.0,8833ca14-d2a7-4516-8295-9617f15950f1,Salida Alta montaña-Mecana,Universidad EAFIT (EAFIT),EAFIT,,"['COORDINATE_ROUNDED', 'INSTITUTION_MATCH_FUZZY']",Atelopus
3890565458,"Atelopus spurrelli Boulenger, 1914",Atelopus spurrelli,6.276889,-77.369833,Chocó,Mecana,PRESERVED_SPECIMEN,2020.0,8833ca14-d2a7-4516-8295-9617f15950f1,Salida Alta montaña-Mecana,Universidad EAFIT (EAFIT),EAFIT,,"['COORDINATE_ROUNDED', 'INSTITUTION_MATCH_FUZZY']",Atelopus
2597732498,"Atelopus spurrelli Boulenger, 1914",Atelopus spurrelli,6.059187,-77.409781,Chocó,,HUMAN_OBSERVATION,2020.0,50c9509d-22c7-4a22-a47d-8c48425ef4a7,iNaturalist research-grade observations,iNaturalist,Observations,31362.0,"['COORDINATE_ROUNDED', 'CONTINENT_DERIVED_FROM_COORDINATES', 'TAXON_ID_NOT_FOUND']",Atelopus
5759711245,"Atelopus carrikeri Ruthven, 1916",Atelopus carrikeri,10.848258,-73.902146,Magdalena,,HUMAN_OBSERVATION,2020.0,50c9509d-22c7-4a22-a47d-8c48425ef4a7,iNaturalist research-grade observations,iNaturalist,Observations,31169.0,"['COORDINATE_ROUNDED', 'CONTINENT_DERIVED_FROM_COORDINATES', 'TAXON_ID_NOT_FOUND']",Atelopus
3400675395,"Atelopus spurrelli Boulenger, 1914",Atelopus spurrelli,6.72063,-77.48632,Chocó,,HUMAN_OBSERVATION,2020.0,1d4371c4-af34-42e7-83f6-b9f50bd0c5a0,,"Consejo comunitario de Cupica Rio, Selva y Mar",,,[],Atelopus
2988661800,"Atelopus spurrelli Boulenger, 1914",Atelopus spurrelli,6.25369,-77.360119,Chocó,,HUMAN_OBSERVATION,2020.0,50c9509d-22c7-4a22-a47d-8c48425ef4a7,iNaturalist research-grade observations,iNaturalist,Observations,31356.0,"['COORDINATE_ROUNDED', 'CONTINENT_DERIVED_FROM_COORDINATES', 'TAXON_ID_NOT_FOUND']",Atelopus
3890564845,"Atelopus spurrelli Boulenger, 1914",Atelopus spurrelli,6.278008,-77.375747,Chocó,Mecana,PRESERVED_SPECIMEN,2020.0,8833ca14-d2a7-4516-8295-9617f15950f1,Salida Zoología Docencia Bahía Solano,Universidad EAFIT (EAFIT),EAFIT,,"['COORDINATE_ROUNDED', 'INSTITUTION_MATCH_FUZZY']",Atelopus
3890564858,"Atelopus spurrelli Boulenger, 1914",Atelopus spurrelli,6.273919,-77.374139,Chocó,Mecana,PRESERVED_SPECIMEN,2020.0,8833ca14-d2a7-4516-8295-9617f15950f1,Salida Zoología Docencia Bahía Solano,Universidad EAFIT (EAFIT),EAFIT,,"['COORDINATE_ROUNDED', 'INSTITUTION_MATCH_FUZZY']",Atelopus
3890564869,"Atelopus spurrelli Boulenger, 1914",Atelopus spurrelli,6.263439,-77.374139,Chocó,Mecana,PRESERVED_SPECIMEN,2020.0,8833ca14-d2a7-4516-8295-9617f15950f1,Salida Zoología Docencia Bahía Solano,Universidad EAFIT (EAFIT),EAFIT,,"['COORDINATE_ROUNDED', 'INSTITUTION_MATCH_FUZZY']",Atelopus
2422843462,"Atelopus carrikeri Ruthven, 1916",Atelopus carrikeri,10.872857,-74.017976,Magdalena,,HUMAN_OBSERVATION,2019.0,50c9509d-22c7-4a22-a47d-8c48425ef4a7,iNaturalist research-grade observations,iNaturalist,Observations,31169.0,"['COORDINATE_ROUNDED', 'CONTINENT_DERIVED_FROM_COORDINATES', 'TAXON_ID_NOT_FOUND']",Atelopus
3747098337,"Atelopus arsyecue Rueda-Almonacid, 1994",Atelopus arsyecue,10.71689,-73.564406,Cesar,,HUMAN_OBSERVATION,2019.0,50c9509d-22c7-4a22-a47d-8c48425ef4a7,iNaturalist research-grade observations,iNaturalist,Observations,31179.0,"['COORDINATE_ROUNDED', 'CONTINENT_DERIVED_FROM_COORDINATES', 'TAXON_ID_NOT_FOUND']",Atelopus
2366089772,"Atelopus spurrelli Boulenger, 1914",Atelopus spurrelli,3.933358,-76.852646,Valle del Cauca,,HUMAN_OBSERVATION,2019.0,50c9509d-22c7-4a22-a47d-8c48425ef4a7,iNaturalist research-grade observations,iNaturalist,Observations,31415.0,"['COORDINATE_ROUNDED', 'CONTINENT_DERIVED_FROM_COORDINATES', 'TAXON_ID_NOT_FOUND']",Atelopus
2814187419,"Atelopus fronterizo Vesely & Batista, 2021",Atelopus fronterizo,8.379904,-77.126526,Chocó,,HUMAN_OBSERVATION,2019.0,50c9509d-22c7-4a22-a47d-8c48425ef4a7,iNaturalist research-grade observations,iNaturalist,Observations,8.0,"['COORDINATE_ROUNDED', 'CONTINENT_DERIVED_FROM_COORDINATES', 'TAXON_ID_NOT_FOUND']",Atelopus
4405051852,"Atelopus spurrelli Boulenger, 1914",Atelopus spurrelli,6.27972,-77.227752,Chocó,,HUMAN_OBSERVATION,2019.0,50c9509d-22c7-4a22-a47d-8c48425ef4a7,iNaturalist research-grade observations,iNaturalist,Observations,31356.0,"['COORDINATE_ROUNDED', 'CONTINENT_DERIVED_FROM_COORDINATES', 'TAXON_ID_NOT_FOUND']",Atelopus
6171008760,"Atelopus spurrelli Boulenger, 1914",Atelopus spurrelli,3.826458,-76.860898,Valle del Cauca,,HUMAN_OBSERVATION,2019.0,50c9509d-22c7-4a22-a47d-8c48425ef4a7,iNaturalist research-grade observations,iNaturalist,Observations,31415.0,"['COORDINATE_ROUNDED', 'CONTINENT_DERIVED_FROM_COORDINATES', 'TAXON_ID_NOT_FOUND']",Atelopus
5827520788,"Atelopus nahumae Ruiz-Carranza, Ardila-Robayo & Hernández-Camacho, 1994",Atelopus nahumae,11.054857,-74.064531,Magdalena,,HUMAN_OBSERVATION,2019.0,50c9509d-22c7-4a22-a47d-8c48425ef4a7,iNaturalist research-grade observations,iNaturalist,Observations,31158.0,"['COORDINATE_ROUNDED', 'CONTINENT_DERIVED_FROM_COORDINATES', 'TAXON_ID_NOT_FOUND']",Atelopus
4908168575,"Atelopus spurrelli Boulenger, 1914",Atelopus spurrelli,5.43101,-77.510142,Chocó,,HUMAN_OBSERVATION,2019.0,50c9509d-22c7-4a22-a47d-8c48425ef4a7,iNaturalist research-grade observations,iNaturalist,Observations,31379.0,"['COORDINATE_ROUNDED', 'CONTINENT_DERIVED_FROM_COORDINATES', 'TAXON_ID_NOT_FOUND']",Atelopus
3061585889,"Atelopus elegans (Boulenger, 1882)",Atelopus elegans,2.973428,-78.165497,Valle del Cauca,,HUMAN_OBSERVATION,2019.0,50c9509d-22c7-4a22-a47d-8c48425ef4a7,iNaturalist research-grade observations,iNaturalist,Observations,31431.0,"['COORDINATE_ROUNDED', 'CONTINENT_DERIVED_FROM_COORDINATES', 'TAXON_ID_NOT_FOUND']",Atelopus
2422900967,"Atelopus fronterizo Vesely & Batista, 2021",Atelopus fronterizo,8.271981,-77.198355,Chocó,,HUMAN_OBSERVATION,2018.0,50c9509d-22c7-4a22-a47d-8c48425ef4a7,iNaturalist research-grade observations,iNaturalist,Observations,45306.0,"['COORDINATE_ROUNDED', 'CONTINENT_DERIVED_FROM_COORDINATES', 'TAXON_ID_NOT_FOUND']",Atelopus
6251506994,"Atelopus spurrelli Boulenger, 1914",Atelopus spurrelli,6.018721,-77.339699,Chocó,,HUMAN_OBSERVATION,2018.0,50c9509d-22c7-4a22-a47d-8c48425ef4a7,iNaturalist research-grade observations,iNaturalist,Observations,31362.0,"['COORDINATE_ROUNDED', 'CONTINENT_DERIVED_FROM_COORDINATES', 'TAXON_ID_NOT_FOUND']",Atelopus
6253250133,"Atelopus spurrelli Boulenger, 1914",Atelopus spurrelli,6.024991,-77.222806,Chocó,,HUMAN_OBSERVATION,2018.0,50c9509d-22c7-4a22-a47d-8c48425ef4a7,iNaturalist research-grade observations,iNaturalist,Observations,31362.0,"['COORDINATE_ROUNDED', 'CONTINENT_DERIVED_FROM_COORDINATES', 'TAXON_ID_NOT_FOUND']",Atelopus
1850940967,"Atelopus elegans (Boulenger, 1882)",Atelopus elegans,2.853046,-78.185237,Valle del Cauca,,HUMAN_OBSERVATION,2018.0,50c9509d-22c7-4a22-a47d-8c48425ef4a7,iNaturalist research-grade observations,iNaturalist,Observations,31431.0,"['COORDINATE_ROUNDED', 'TAXON_ID_NOT_FOUND']",Atelopus
4979096032,"Atelopus laetissimus Ruiz-Carranza, Ardila-Robayo & Hernández-Camacho, 1994",Atelopus laetissimus,10.9058,-73.9649,Magdalena,,MACHINE_OBSERVATION,2018.0,94687f6b-6723-46a3-90d8-5a06b843291c,Monitoreo de Ranas Arlequines en la Sierra Nevada de Santa Marta,Instituto de Investigación de Recursos Biológicos Alexander von Humboldt (IAvH),IAvH-CSA,,['ELEVATION_MIN_MAX_SWAPPED'],Atelopus
4979096036,"Atelopus laetissimus Ruiz-Carranza, Ardila-Robayo & Hernández-Camacho, 1994",Atelopus laetissimus,10.9058,-73.9649,Magdalena,,MACHINE_OBSERVATION,2018.0,94687f6b-6723-46a3-90d8-5a06b843291c,Monitoreo de Ranas Arlequines en la Sierra Nevada de Santa Marta,Instituto de Investigación de Recursos Biológicos Alexander von Humboldt (IAvH),IAvH-CSA,,['ELEVATION_MIN_MAX_SWAPPED'],Atelopus
4979096050,"Atelopus laetissimus Ruiz-Carranza, Ardila-Robayo & Hernández-Camacho, 1994",Atelopus laetissimus,10.9058,-73.9649,Magdalena,,MACHINE_OBSERVATION,2018.0,94687f6b-6723-46a3-90d8-5a06b843291c,Monitoreo de Ranas Arlequines en la Sierra Nevada de Santa Marta,Instituto de Investigación de Recursos Biológicos Alexander von Humboldt (IAvH),IAvH-CSA,,['ELEVATION_MIN_MAX_SWAPPED'],Atelopus
4979096052,"Atelopus laetissimus Ruiz-Carranza, Ardila-Robayo & Hernández-Camacho, 1994",Atelopus laetissimus,10.9058,-73.9649,Magdalena,,MACHINE_OBSERVATION,2018.0,94687f6b-6723-46a3-90d8-5a06b843291c,Monitoreo de Ranas Arlequines en la Sierra Nevada de Santa Marta,Instituto de Investigación de Recursos Biológicos Alexander von Humboldt (IAvH),IAvH-CSA,,['ELEVATION_MIN_MAX_SWAPPED'],Atelopus
4979096056,"Atelopus laetissimus Ruiz-Carranza, Ardila-Robayo & Hernández-Camacho, 1994",Atelopus laetissimus,10.9058,-73.9649,Magdalena,,MACHINE_OBSERVATION,2018.0,94687f6b-6723-46a3-90d8-5a06b843291c,Monitoreo de Ranas Arlequines en la Sierra Nevada de Santa Marta,Instituto de Investigación de Recursos Biológicos Alexander von Humboldt (IAvH),IAvH-CSA,,['ELEVATION_MIN_MAX_SWAPPED'],Atelopus
4979096059,"Atelopus laetissimus Ruiz-Carranza, Ardila-Robayo & Hernández-Camacho, 1994",Atelopus laetissimus,10.9058,-73.9649,Magdalena,,MACHINE_OBSERVATION,2018.0,94687f6b-6723-46a3-90d8-5a06b843291c,Monitoreo de Ranas Arlequines en la Sierra Nevada de Santa Marta,Instituto de Investigación de Recursos Biológicos Alexander von Humboldt (IAvH),IAvH-CSA,,['ELEVATION_MIN_MAX_SWAPPED'],Atelopus
4979096064,"Atelopus laetissimus Ruiz-Carranza, Ardila-Robayo & Hernández-Camacho, 1994",Atelopus laetissimus,10.9058,-73.9649,Magdalena,,MACHINE_OBSERVATION,2018.0,94687f6b-6723-46a3-90d8-5a06b843291c,Monitoreo de Ranas Arlequines en la Sierra Nevada de Santa Marta,Instituto de Investigación de Recursos Biológicos Alexander von Humboldt (IAvH),IAvH-CSA,,['ELEVATION_MIN_MAX_SWAPPED'],Atelopus
4979096066,"Atelopus laetissimus Ruiz-Carranza, Ardila-Robayo & Hernández-Camacho, 1994",Atelopus laetissimus,10.9058,-73.9649,Magdalena,,MACHINE_OBSERVATION,2018.0,94687f6b-6723-46a3-90d8-5a06b843291c,Monitoreo de Ranas Arlequines en la Sierra Nevada de Santa Marta,Instituto de Investigación de Recursos Biológicos Alexander von Humboldt (IAvH),IAvH-CSA,,['ELEVATION_MIN_MAX_SWAPPED'],Atelopus
4979096070,"Atelopus laetissimus Ruiz-Carranza, Ardila-Robayo & Hernández-Camacho, 1994",Atelopus laetissimus,10.9058,-73.9649,Magdalena,,MACHINE_OBSERVATION,2018.0,94687f6b-6723-46a3-90d8-5a06b843291c,Monitoreo de Ranas Arlequines en la Sierra Nevada de Santa Marta,Instituto de Investigación de Recursos Biológicos Alexander von Humboldt (IAvH),IAvH-CSA,,['ELEVATION_MIN_MAX_SWAPPED'],Atelopus
4979096073,"Atelopus laetissimus Ruiz-Carranza, Ardila-Robayo & Hernández-Camacho, 1994",Atelopus laetissimus,10.9058,-73.9649,Magdalena,,MACHINE_OBSERVATION,2018.0,94687f6b-6723-46a3-90d8-5a06b843291c,Monitoreo de Ranas Arlequines en la Sierra Nevada de Santa Marta,Instituto de Investigación de Recursos Biológicos Alexander von Humboldt (IAvH),IAvH-CSA,,['ELEVATION_MIN_MAX_SWAPPED'],Atelopus
4979096085,"Atelopus laetissimus Ruiz-Carranza, Ardila-Robayo & Hernández-Camacho, 1994",Atelopus laetissimus,10.9058,-73.9649,Magdalena,,MACHINE_OBSERVATION,2018.0,94687f6b-6723-46a3-90d8-5a06b843291c,Monitoreo de Ranas Arlequines en la Sierra Nevada de Santa Marta,Instituto de Investigación de Recursos Biológicos Alexander von Humboldt (IAvH),IAvH-CSA,,['ELEVATION_MIN_MAX_SWAPPED'],Atelopus
4979096087,"Atelopus laetissimus Ruiz-Carranza, Ardila-Robayo & Hernández-Camacho, 1994",Atelopus laetissimus,10.9058,-73.9649,Magdalena,,MACHINE_OBSERVATION,2018.0,94687f6b-6723-46a3-90d8-5a06b843291c,Monitoreo de Ranas Arlequines en la Sierra Nevada de Santa Marta,Instituto de Investigación de Recursos Biológicos Alexander von Humboldt (IAvH),IAvH-CSA,,['ELEVATION_MIN_MAX_SWAPPED'],Atelopus
4979096095,"Atelopus laetissimus Ruiz-Carranza, Ardila-Robayo & Hernández-Camacho, 1994",Atelopus laetissimus,10.9058,-73.9649,Magdalena,,MACHINE_OBSERVATION,2018.0,94687f6b-6723-46a3-90d8-5a06b843291c,Monitoreo de Ranas Arlequines en la Sierra Nevada de Santa Marta,Instituto de Investigación de Recursos Biológicos Alexander von Humboldt (IAvH),IAvH-CSA,,['ELEVATION_MIN_MAX_SWAPPED'],Atelopus
4979096211,"Atelopus laetissimus Ruiz-Carranza, Ardila-Robayo & Hernández-Camacho, 1994",Atelopus laetissimus,10.9058,-73.9649,Magdalena,,MACHINE_OBSERVATION,2018.0,94687f6b-6723-46a3-90d8-5a06b843291c,Monitoreo de Ranas Arlequines en la Sierra Nevada de Santa Marta,Instituto de Investigación de Recursos Biológicos Alexander von Humboldt (IAvH),IAvH-CSA,,['ELEVATION_MIN_MAX_SWAPPED'],Atelopus
4979096213,"Atelopus laetissimus Ruiz-Carranza, Ardila-Robayo & Hernández-Camacho, 1994",Atelopus laetissimus,10.9058,-73.9649,Magdalena,,MACHINE_OBSERVATION,2018.0,94687f6b-6723-46a3-90d8-5a06b843291c,Monitoreo de Ranas Arlequines en la Sierra Nevada de Santa Marta,Instituto de Investigación de Recursos Biológicos Alexander von Humboldt (IAvH),IAvH-CSA,,['ELEVATION_MIN_MAX_SWAPPED'],Atelopus
4979096216,"Atelopus laetissimus Ruiz-Carranza, Ardila-Robayo & Hernández-Camacho, 1994",Atelopus laetissimus,10.9058,-73.9649,Magdalena,,MACHINE_OBSERVATION,2018.0,94687f6b-6723-46a3-90d8-5a06b843291c,Monitoreo de Ranas Arlequines en la Sierra Nevada de Santa Marta,Instituto de Investigación de Recursos Biológicos Alexander von Humboldt (IAvH),IAvH-CSA,,['ELEVATION_MIN_MAX_SWAPPED'],Atelopus
4979096218,"Atelopus laetissimus Ruiz-Carranza, Ardila-Robayo & Hernández-Camacho, 1994",Atelopus laetissimus,10.9058,-73.9649,Magdalena,,MACHINE_OBSERVATION,2018.0,94687f6b-6723-46a3-90d8-5a06b843291c,Monitoreo de Ranas Arlequines en la Sierra Nevada de Santa Marta,Instituto de Investigación de Recursos Biológicos Alexander von Humboldt (IAvH),IAvH-CSA,,['ELEVATION_MIN_MAX_SWAPPED'],Atelopus
2963911643,"Atelopus spurrelli Boulenger, 1914",Atelopus spurrelli,6.309117,-77.565432,Chocó,,HUMAN_OBSERVATION,2018.0,50c9509d-22c7-4a22-a47d-8c48425ef4a7,iNaturalist research-grade observations,iNaturalist,Observations,31356.0,"['COORDINATE_ROUNDED', 'TAXON_ID_NOT_FOUND']",Atelopus
2445124413,"Atelopus fronterizo Vesely & Batista, 2021",Atelopus fronterizo,8.212789,-77.134562,Chocó,,HUMAN_OBSERVATION,2018.0,50c9509d-22c7-4a22-a47d-8c48425ef4a7,iNaturalist research-grade observations,iNaturalist,Observations,31287.0,"['COORDINATE_ROUNDED', 'CONTINENT_DERIVED_FROM_COORDINATES', 'TAXON_ID_NOT_FOUND']",Atelopus
3890566635,"Atelopus spurrelli Boulenger, 1914",Atelopus spurrelli,6.274305,-77.373167,Chocó,Mecana,PRESERVED_SPECIMEN,2017.0,8833ca14-d2a7-4516-8295-9617f15950f1,Salida Zoología Docencia Bahía Solano,Universidad EAFIT (EAFIT),EAFIT,,"['COORDINATE_ROUNDED', 'INSTITUTION_MATCH_FUZZY']",Atelopus
3890566641,"Atelopus spurrelli Boulenger, 1914",Atelopus spurrelli,6.274305,-77.373167,Chocó,Mecana,PRESERVED_SPECIMEN,2017.0,8833ca14-d2a7-4516-8295-9617f15950f1,Salida Zoología Docencia Bahía Solano,Universidad EAFIT (EAFIT),EAFIT,,"['COORDINATE_ROUNDED', 'INSTITUTION_MATCH_FUZZY']",Atelopus
3890566663,"Atelopus spurrelli Boulenger, 1914",Atelopus spurrelli,6.274305,-77.373167,Chocó,Mecana,PRESERVED_SPECIMEN,2017.0,8833ca14-d2a7-4516-8295-9617f15950f1,Salida Zoología Docencia Bahía Solano,Universidad EAFIT (EAFIT),EAFIT,,"['COORDINATE_ROUNDED', 'INSTITUTION_MATCH_FUZZY']",Atelopus
3890566669,"Atelopus spurrelli Boulenger, 1914",Atelopus spurrelli,6.274305,-77.373167,Chocó,Mecana,PRESERVED_SPECIMEN,2017.0,8833ca14-d2a7-4516-8295-9617f15950f1,Salida Zoología Docencia Bahía Solano,Universidad EAFIT (EAFIT),EAFIT,,"['COORDINATE_ROUNDED', 'INSTITUTION_MATCH_FUZZY']",Atelopus
3890566256,"Atelopus spurrelli Boulenger, 1914",Atelopus spurrelli,6.274305,-77.373167,Chocó,Mecana,PRESERVED_SPECIMEN,2017.0,8833ca14-d2a7-4516-8295-9617f15950f1,Salida Zoología Docencia Bahía Solano,Universidad EAFIT (EAFIT),EAFIT,,"['COORDINATE_ROUNDED', 'INSTITUTION_MATCH_FUZZY']",Atelopus
1806362510,"Atelopus nocturnus Bravo-Valencia & Rivera-Correa, 2011",Atelopus nocturnus,6.941753,-75.156358,Antioquia,,HUMAN_OBSERVATION,2017.0,50c9509d-22c7-4a22-a47d-8c48425ef4a7,iNaturalist research-grade observations,iNaturalist,Observations,31337.0,"['COORDINATE_ROUNDED', 'CONTINENT_DERIVED_FROM_COORDINATES', 'TAXON_ID_NOT_FOUND']",Atelopus
3898483292,"Atelopus spumarius Cope, 1871",Atelopus spumarius,0.549723,-76.308185,Putumayo,,HUMAN_OBSERVATION,2017.0,2732b7dd-aaac-4981-a765-d8444c144be5,Monitoreo de flora y fauna en el Bloque PLATANILLO,Geopark Colombia S.A.S. (Geopark),,,[],Atelopus
3898484088,"Atelopus spumarius Cope, 1871",Atelopus spumarius,0.54957,-76.310284,Putumayo,,HUMAN_OBSERVATION,2017.0,2732b7dd-aaac-4981-a765-d8444c144be5,Monitoreo de flora y fauna en el Bloque PLATANILLO,Geopark Colombia S.A.S. (Geopark),,,[],Atelopus
3898484119,"Atelopus spumarius Cope, 1871",Atelopus spumarius,0.556069,-76.303502,Putumayo,,HUMAN_OBSERVATION,2017.0,2732b7dd-aaac-4981-a765-d8444c144be5,Monitoreo de flora y fauna en el Bloque PLATANILLO,Geopark Colombia S.A.S. (Geopark),,,[],Atelopus
4075845615,"Atelopus spurrelli Boulenger, 1914",Atelopus spurrelli,6.206156,-77.416192,Chocó,,HUMAN_OBSERVATION,2016.0,50c9509d-22c7-4a22-a47d-8c48425ef4a7,iNaturalist research-grade observations,iNaturalist,Observations,50349.0,"['COORDINATE_ROUNDED', 'CONTINENT_DERIVED_FROM_COORDINATES', 'TAXON_ID_NOT_FOUND']",Atelopus
4506382565,"Atelopus spurrelli Boulenger, 1914",Atelopus spurrelli,6.006553,-77.274052,Chocó,,HUMAN_OBSERVATION,2016.0,50c9509d-22c7-4a22-a47d-8c48425ef4a7,iNaturalist research-grade observations,iNaturalist,Observations,31362.0,"['COORDINATE_ROUNDED', 'CONTINENT_DERIVED_FROM_COORDINATES', 'TAXON_ID_NOT_FOUND']",Atelopus
1640036135,"Atelopus spurrelli Boulenger, 1914",Atelopus spurrelli,6.024259,-77.473421,Chocó,,HUMAN_OBSERVATION,2016.0,50c9509d-22c7-4a22-a47d-8c48425ef4a7,iNaturalist research-grade observations,iNaturalist,Observations,31362.0,"['COORDINATE_ROUNDED', 'CONTINENT_DERIVED_FROM_COORDINATES', 'TAXON_ID_NOT_FOUND']",Atelopus
2242749790,"Atelopus nahumae Ruiz-Carranza, Ardila-Robayo & Hernández-Camacho, 1994",Atelopus nahumae,11.006134,-74.069807,Magdalena,,HUMAN_OBSERVATION,2016.0,50c9509d-22c7-4a22-a47d-8c48425ef4a7,iNaturalist research-grade observations,iNaturalist,Observations,31158.0,"['COORDINATE_ROUNDED', 'CONTINENT_DERIVED_FROM_COORDINATES', 'TAXON_ID_NOT_FOUND']",Atelopus
2242749819,"Atelopus laetissimus Ruiz-Carranza, Ardila-Robayo & Hernández-Camacho, 1994",Atelopus laetissimus,11.08309,-74.034486,Magdalena,,HUMAN_OBSERVATION,2016.0,50c9509d-22c7-4a22-a47d-8c48425ef4a7,iNaturalist research-grade observations,iNaturalist,Observations,31158.0,"['COORDINATE_ROUNDED', 'CONTINENT_DERIVED_FROM_COORDINATES', 'TAXON_ID_NOT_FOUND']",Atelopus
4512388747,"Atelopus spurrelli Boulenger, 1914",Atelopus spurrelli,6.395334,-77.282924,Chocó,,HUMAN_OBSERVATION,2016.0,50c9509d-22c7-4a22-a47d-8c48425ef4a7,iNaturalist research-grade observations,iNaturalist,Observations,31356.0,"['COORDINATE_ROUNDED', 'CONTINENT_DERIVED_FROM_COORDINATES', 'TAXON_ID_NOT_FOUND']",Atelopus
3462682412,"Atelopus spurrelli Boulenger, 1914",Atelopus spurrelli,6.238889,-77.338889,Chocó,Bahía Solano,PRESERVED_SPECIMEN,2016.0,2de2f65e-7031-4844-a461-687b8c197689,Colección Científica de Referencia Zoológica del Chocó - Herpetología,Universidad Tecnológica del Chocó (UTCH),COLZOOCH-H,,"['COORDINATE_ROUNDED', 'OCCURRENCE_STATUS_INFERRED_FROM_INDIVIDUAL_COUNT', 'INSTITUTION_MATCH_FUZZY']",Atelopus
2864798703,"Atelopus spurrelli Boulenger, 1914",Atelopus spurrelli,6.199574,-77.368392,Chocó,,HUMAN_OBSERVATION,2016.0,50c9509d-22c7-4a22-a47d-8c48425ef4a7,iNaturalist research-grade observations,iNaturalist,Observations,31362.0,"['COORDINATE_ROUNDED', 'CONTINENT_DERIVED_FROM_COORDINATES', 'TAXON_ID_NOT_FOUND']",Atelopus
5167737300,"Atelopus fronterizo Vesely & Batista, 2021",Atelopus fronterizo,8.383071,-77.117021,Chocó,,HUMAN_OBSERVATION,2015.0,50c9509d-22c7-4a22-a47d-8c48425ef4a7,iNaturalist research-grade observations,iNaturalist,Observations,1484.0,"['COORDINATE_ROUNDED', 'CONTINENT_DERIVED_FROM_COORDINATES', 'TAXON_ID_NOT_FOUND']",Atelopus
1880437760,"Atelopus Duméril & Bibron, 1841",,5.9645,-75.282694,Antioquia,,HUMAN_OBSERVATION,2015.0,d628bc9c-af63-49af-91b3-1a63c603feb2,,CORNARE,Museo de Herpetología Universidad de Antioquia (MHUA),1093.0,[],Atelopus
1586949043,"Atelopus spurrelli Boulenger, 1914",Atelopus spurrelli,6.048241,-77.409611,Chocó,,HUMAN_OBSERVATION,2015.0,50c9509d-22c7-4a22-a47d-8c48425ef4a7,iNaturalist research-grade observations,iNaturalist,Observations,31362.0,"['COORDINATE_ROUNDED', 'CONTINENT_DERIVED_FROM_COORDINATES', 'TAXON_ID_NOT_FOUND']",Atelopus
3773608036,"Atelopus spurrelli Boulenger, 1914",Atelopus spurrelli,6.05931,-77.385315,Chocó,,HUMAN_OBSERVATION,2014.0,50c9509d-22c7-4a22-a47d-8c48425ef4a7,iNaturalist research-grade observations,iNaturalist,Observations,31362.0,"['COORDINATE_ROUNDED', 'CONTINENT_DERIVED_FROM_COORDINATES', 'TAXON_ID_NOT_FOUND']",Atelopus
3773806083,"Atelopus spurrelli Boulenger, 1914",Atelopus spurrelli,6.174618,-77.222679,Chocó,,HUMAN_OBSERVATION,2014.0,50c9509d-22c7-4a22-a47d-8c48425ef4a7,iNaturalist research-grade observations,iNaturalist,Observations,31362.0,"['COORDINATE_ROUNDED', 'CONTINENT_DERIVED_FROM_COORDINATES', 'TAXON_ID_NOT_FOUND']",Atelopus
1270709738,"Atelopus spurrelli Boulenger, 1914",Atelopus spurrelli,8.35975,-77.12513,Chocó,,HUMAN_OBSERVATION,2014.0,63bcf8e4-3444-4a94-a993-f653c99b1758,,9003385133,DarienUraba,,"['TAXON_MATCH_FUZZY', 'OCCURRENCE_STATUS_INFERRED_FROM_INDIVIDUAL_COUNT']",Atelopus
1270709739,"Atelopus spurrelli Boulenger, 1914",Atelopus spurrelli,8.34762,-77.11842,Chocó,,HUMAN_OBSERVATION,2014.0,63bcf8e4-3444-4a94-a993-f653c99b1758,,9003385133,DarienUraba,,"['TAXON_MATCH_FUZZY', 'OCCURRENCE_STATUS_INFERRED_FROM_INDIVIDUAL_COUNT']",Atelopus
1270709744,"Atelopus spurrelli Boulenger, 1914",Atelopus spurrelli,8.35975,-77.12513,Chocó,,HUMAN_OBSERVATION,2014.0,63bcf8e4-3444-4a94-a993-f653c99b1758,,9003385133,DarienUraba,,['OCCURRENCE_STATUS_INFERRED_FROM_INDIVIDUAL_COUNT'],Atelopus
1270709745,"Atelopus spurrelli Boulenger, 1914",Atelopus spurrelli,8.34762,-77.11842,Chocó,,HUMAN_OBSERVATION,2014.0,63bcf8e4-3444-4a94-a993-f653c99b1758,,9003385133,DarienUraba,,"['TAXON_MATCH_FUZZY', 'OCCURRENCE_STATUS_INFERRED_FROM_INDIVIDUAL_COUNT']",Atelopus
1270709746,"Atelopus spurrelli Boulenger, 1914",Atelopus spurrelli,8.34469,-77.11824,Chocó,,HUMAN_OBSERVATION,2014.0,63bcf8e4-3444-4a94-a993-f653c99b1758,,9003385133,DarienUraba,,['OCCURRENCE_STATUS_INFERRED_FROM_INDIVIDUAL_COUNT'],Atelopus
3887023324,"Atelopus spurrelli Boulenger, 1914",Atelopus spurrelli,6.262417,-77.312806,Chocó,Bahía Solano,HUMAN_OBSERVATION,2014.0,ac224119-74d6-4300-b3aa-c011a7ca4872,,,,,"['COORDINATE_ROUNDED', 'OCCURRENCE_STATUS_INFERRED_FROM_INDIVIDUAL_COUNT']",Atelopus
1847607824,"Atelopus spurrelli Boulenger, 1914",Atelopus spurrelli,6.279412,-77.251664,Chocó,,HUMAN_OBSERVATION,2013.0,50c9509d-22c7-4a22-a47d-8c48425ef4a7,iNaturalist research-grade observations,iNaturalist,Observations,31356.0,"['COORDINATE_ROUNDED', 'CONTINENT_DERIVED_FROM_COORDINATES', 'TAXON_ID_NOT_FOUND']",Atelopus
2992850604,"Atelopus spumarius Cope, 1871",Atelopus spumarius,0.559515,-76.285266,Putumayo,,HUMAN_OBSERVATION,2013.0,50c9509d-22c7-4a22-a47d-8c48425ef4a7,iNaturalist research-grade observations,iNaturalist,Observations,977.0,"['COORDINATE_ROUNDED', 'CONTINENT_DERIVED_FROM_COORDINATES', 'TAXON_ID_NOT_FOUND']",Atelopus
5759747004,"Atelopus laetissimus Ruiz-Carranza, Ardila-Robayo & Hernández-Camacho, 1994",Atelopus laetissimus,11.067629,-74.061976,Magdalena,,HUMAN_OBSERVATION,2013.0,50c9509d-22c7-4a22-a47d-8c48425ef4a7,iNaturalist research-grade observations,iNaturalist,Observations,31158.0,"['COORDINATE_ROUNDED', 'CONTINENT_DERIVED_FROM_COORDINATES', 'TAXON_ID_NOT_FOUND']",Atelopus
6500274412,"Atelopus spurrelli Boulenger, 1914",Atelopus spurrelli,6.244622,-77.20167,Chocó,,HUMAN_OBSERVATION,2012.0,50c9509d-22c7-4a22-a47d-8c48425ef4a7,iNaturalist research-grade observations,iNaturalist,Observations,31356.0,"['COORDINATE_ROUNDED', 'CONTINENT_DERIVED_FROM_COORDINATES', 'TAXON_ID_NOT_FOUND']",Atelopus
4994077857,"Atelopus fronterizo Vesely & Batista, 2021",Atelopus fronterizo,8.353989,-77.121785,Chocó,,HUMAN_OBSERVATION,2012.0,50c9509d-22c7-4a22-a47d-8c48425ef4a7,iNaturalist research-grade observations,iNaturalist,Observations,155.0,"['COORDINATE_ROUNDED', 'CONTINENT_DERIVED_FROM_COORDINATES', 'TAXON_ID_NOT_FOUND']",Atelopus
1500214095,"Atelopus spurrelli Boulenger, 1914",Atelopus spurrelli,5.268447,-76.998964,Chocó,,HUMAN_OBSERVATION,2012.0,50c9509d-22c7-4a22-a47d-8c48425ef4a7,iNaturalist research-grade observations,iNaturalist,Observations,389410.0,"['COORDINATE_ROUNDED', 'CONTINENT_DERIVED_FROM_COORDINATES', 'TAXON_ID_NOT_FOUND']",Atelopus
1570721276,"Atelopus spurrelli Boulenger, 1914",Atelopus spurrelli,6.092778,-77.271111,Chocó,,HUMAN_OBSERVATION,2011.0,c4756d59-c109-4035-bca2-3414512013ad,,IIAP,,,['COORDINATE_ROUNDED'],Atelopus
2641366435,"Atelopus nahumae Ruiz-Carranza, Ardila-Robayo & Hernández-Camacho, 1994",Atelopus nahumae,11.005262,-74.017174,Magdalena,,HUMAN_OBSERVATION,2011.0,50c9509d-22c7-4a22-a47d-8c48425ef4a7,iNaturalist research-grade observations,iNaturalist,Observations,31158.0,"['COORDINATE_ROUNDED', 'CONTINENT_DERIVED_FROM_COORDINATES', 'TAXON_ID_NOT_FOUND']",Atelopus
5237484980,"Atelopus spurrelli Boulenger, 1914",Atelopus spurrelli,6.077701,-77.423759,Chocó,,HUMAN_OBSERVATION,2011.0,50c9509d-22c7-4a22-a47d-8c48425ef4a7,iNaturalist research-grade observations,iNaturalist,Observations,31362.0,"['COORDINATE_ROUNDED', 'CONTINENT_DERIVED_FROM_COORDINATES', 'TAXON_ID_NOT_FOUND']",Atelopus
3462681927,"Atelopus spurrelli Boulenger, 1914",Atelopus spurrelli,5.8443,-77.27773,Chocó,Nuquí,PRESERVED_SPECIMEN,2011.0,2de2f65e-7031-4844-a461-687b8c197689,Colección Científica de Referencia Zoológica del Chocó - Herpetología,Universidad Tecnológica del Chocó (UTCH),COLZOOCH-H,,"['OCCURRENCE_STATUS_INFERRED_FROM_INDIVIDUAL_COUNT', 'INSTITUTION_MATCH_FUZZY']",Atelopus
3462681930,"Atelopus spurrelli Boulenger, 1914",Atelopus spurrelli,5.8443,-77.27773,Chocó,Nuquí,PRESERVED_SPECIMEN,2011.0,2de2f65e-7031-4844-a461-687b8c197689,Colección Científica de Referencia Zoológica del Chocó - Herpetología,Universidad Tecnológica del Chocó (UTCH),COLZOOCH-H,,"['OCCURRENCE_STATUS_INFERRED_FROM_INDIVIDUAL_COUNT', 'INSTITUTION_MATCH_FUZZY']",Atelopus
4994067041,"Atelopus spurrelli Boulenger, 1914",Atelopus spurrelli,6.29953,-77.535504,Chocó,,HUMAN_OBSERVATION,2010.0,50c9509d-22c7-4a22-a47d-8c48425ef4a7,iNaturalist research-grade observations,iNaturalist,Observations,31356.0,"['COORDINATE_ROUNDED', 'CONTINENT_DERIVED_FROM_COORDINATES', 'TAXON_ID_NOT_FOUND']",Atelopus
5007934550,"Atelopus nahumae Ruiz-Carranza, Ardila-Robayo & Hernández-Camacho, 1994",Atelopus nahumae,11.033654,-74.050319,Magdalena,,HUMAN_OBSERVATION,2010.0,50c9509d-22c7-4a22-a47d-8c48425ef4a7,iNaturalist research-grade observations,iNaturalist,Observations,31158.0,"['COORDINATE_ROUNDED', 'CONTINENT_DERIVED_FROM_COORDINATES', 'TAXON_ID_NOT_FOUND']",Atelopus
2620049666,"Atelopus nahumae Ruiz-Carranza, Ardila-Robayo & Hernández-Camacho, 1994",Atelopus nahumae,11.021941,-74.055235,Magdalena,,HUMAN_OBSERVATION,2010.0,50c9509d-22c7-4a22-a47d-8c48425ef4a7,iNaturalist research-grade observations,iNaturalist,Observations,31158.0,"['COORDINATE_ROUNDED', 'CONTINENT_DERIVED_FROM_COORDINATES', 'TAXON_ID_NOT_FOUND']",Atelopus
1585287014,"Atelopus spurrelli Boulenger, 1914",Atelopus spurrelli,8.171667,-77.289167,Chocó,,HUMAN_OBSERVATION,2010.0,a41bc26a-c639-4988-acaa-2d463aac94cc,,IIAP,,,['COORDINATE_ROUNDED'],Atelopus
1576197853,"Atelopus Duméril & Bibron, 1841",,4.073611,-76.513056,Chocó,,HUMAN_OBSERVATION,2010.0,160c7e0b-c7cf-4967-b265-4d977fc64a9a,,IIAP,,,['COORDINATE_ROUNDED'],Atelopus
1576197857,"Atelopus Duméril & Bibron, 1841",,4.073611,-76.513056,Chocó,,HUMAN_OBSERVATION,2010.0,160c7e0b-c7cf-4967-b265-4d977fc64a9a,,IIAP,,,['COORDINATE_ROUNDED'],Atelopus
777286132,"Atelopus spurrelli Boulenger, 1914",Atelopus spurrelli,6.1131,-77.4349,Chocó,,PRESERVED_SPECIMEN,2010.0,cc28549b-467f-448c-875e-881ca507aba8,,Universidad de Antioquia (UdeA),MHUA-A,,"['INSTITUTION_MATCH_FUZZY', 'COLLECTION_MATCH_FUZZY']",Atelopus
2596450735,"Atelopus fronterizo Vesely & Batista, 2021",Atelopus fronterizo,8.270024,-77.012289,Chocó,,HUMAN_OBSERVATION,2008.0,50c9509d-22c7-4a22-a47d-8c48425ef4a7,iNaturalist research-grade observations,iNaturalist,Observations,31287.0,"['COORDINATE_ROUNDED', 'CONTINENT_DERIVED_FROM_COORDINATES', 'TAXON_ID_NOT_FOUND', 'MULTIMEDIA_DATE_INVALID']",Atelopus
3747281301,"Atelopus carrikeri Ruthven, 1916",Atelopus carrikeri,10.949134,-73.800599,Magdalena,,HUMAN_OBSERVATION,2008.0,50c9509d-22c7-4a22-a47d-8c48425ef4a7,iNaturalist research-grade observations,iNaturalist,Observations,31169.0,"['COORDINATE_ROUNDED', 'CONTINENT_DERIVED_FROM_COORDINATES', 'TAXON_ID_NOT_FOUND']",Atelopus
3747279301,"Atelopus nahumae Ruiz-Carranza, Ardila-Robayo & Hernández-Camacho, 1994",Atelopus nahumae,11.181849,-74.128832,Magdalena,,HUMAN_OBSERVATION,2008.0,50c9509d-22c7-4a22-a47d-8c48425ef4a7,iNaturalist research-grade observations,iNaturalist,Observations,31158.0,"['COORDINATE_ROUNDED', 'CONTINENT_DERIVED_FROM_COORDINATES', 'TAXON_ID_NOT_FOUND']",Atelopus
3747287301,"Atelopus laetissimus Ruiz-Carranza, Ardila-Robayo & Hernández-Camacho, 1994",Atelopus laetissimus,11.114307,-74.136776,Magdalena,,HUMAN_OBSERVATION,2008.0,50c9509d-22c7-4a22-a47d-8c48425ef4a7,iNaturalist research-grade observations,iNaturalist,Observations,31158.0,"['COORDINATE_ROUNDED', 'CONTINENT_DERIVED_FROM_COORDINATES', 'TAXON_ID_NOT_FOUND']",Atelopus
4979129657,"Atelopus mittermeieri Acosta-Galvis, Rueda-Almonacid, Velásquez-Álvarez, Sánchez-Pacheco & Peña-Prieto, 2006",Atelopus mittermeieri,6.233333,-72.933333,Santander,,MACHINE_OBSERVATION,2008.0,94687f6b-6723-46a3-90d8-5a06b843291c,,Instituto de Investigación de Recursos Biológicos Alexander von Humboldt (IAvH),IAvH-CSA,,"['COORDINATE_ROUNDED', 'GEODETIC_DATUM_ASSUMED_WGS84']",Atelopus
3124489865,"Atelopus fronterizo Vesely & Batista, 2021",Atelopus fronterizo,8.38381,-77.12604,Chocó,,HUMAN_OBSERVATION,2008.0,50c9509d-22c7-4a22-a47d-8c48425ef4a7,iNaturalist research-grade observations,iNaturalist,Observations,61.0,"['COORDINATE_ROUNDED', 'CONTINENT_DERIVED_FROM_COORDINATES', 'TAXON_ID_NOT_FOUND']",Atelopus
2650653045,"Atelopus mittermeieri Acosta-Galvis, Rueda-Almonacid, Velásquez-Álvarez, Sánchez-Pacheco & Peña-Prieto, 2006",Atelopus mittermeieri,6.024056,-73.100167,Santander,,PRESERVED_SPECIMEN,2007.0,b25cc2e7-36aa-41ff-aa2a-441b12c6d423,,Pontificia Universidad Javeriana (PUJ),MPUJ-ANFB,505.0,"['COORDINATE_ROUNDED', 'INSTITUTION_MATCH_FUZZY', 'COLLECTION_MATCH_FUZZY']",Atelopus
2569356581,"Atelopus ebenoides Rivero, 1963",Atelopus ebenoides,3.287143,-75.813944,Tolima,,PRESERVED_SPECIMEN,2007.0,c1316d40-133e-485a-aa5b-e62091ebfdf5,,Universidad Industrial de Santander (UIS),UIS-MHN-A,,"['INSTITUTION_MATCH_FUZZY', 'COLLECTION_MATCH_FUZZY']",Atelopus
777282850,"Atelopus nocturnus Bravo-Valencia & Rivera-Correa, 2011",Atelopus nocturnus,6.978301,-75.111101,Antioquia,,PRESERVED_SPECIMEN,2007.0,cc28549b-467f-448c-875e-881ca507aba8,,Universidad de Antioquia (UdeA),MHUA-A,,"['INSTITUTION_MATCH_FUZZY', 'COLLECTION_MATCH_FUZZY']",Atelopus
777282852,"Atelopus nocturnus Bravo-Valencia & Rivera-Correa, 2011",Atelopus nocturnus,6.978301,-75.111101,Antioquia,,PRESERVED_SPECIMEN,2007.0,cc28549b-467f-448c-875e-881ca507aba8,,Universidad de Antioquia (UdeA),MHUA-A,,"['INSTITUTION_MATCH_FUZZY', 'COLLECTION_MATCH_FUZZY']",Atelopus
777282854,"Atelopus nocturnus Bravo-Valencia & Rivera-Correa, 2011",Atelopus nocturnus,6.978301,-75.111101,Antioquia,,PRESERVED_SPECIMEN,2007.0,cc28549b-467f-448c-875e-881ca507aba8,,Universidad de Antioquia (UdeA),MHUA-A,,"['INSTITUTION_MATCH_FUZZY', 'COLLECTION_MATCH_FUZZY']",Atelopus
777282856,"Atelopus nocturnus Bravo-Valencia & Rivera-Correa, 2011",Atelopus nocturnus,6.978301,-75.111101,Antioquia,,PRESERVED_SPECIMEN,2007.0,cc28549b-467f-448c-875e-881ca507aba8,,Universidad de Antioquia (UdeA),MHUA-A,,"['INSTITUTION_MATCH_FUZZY', 'COLLECTION_MATCH_FUZZY']",Atelopus
777282858,"Atelopus nocturnus Bravo-Valencia & Rivera-Correa, 2011",Atelopus nocturnus,6.978301,-75.111101,Antioquia,,PRESERVED_SPECIMEN,2007.0,cc28549b-467f-448c-875e-881ca507aba8,,Universidad de Antioquia (UdeA),MHUA-A,,"['INSTITUTION_MATCH_FUZZY', 'COLLECTION_MATCH_FUZZY']",Atelopus
777282860,"Atelopus nocturnus Bravo-Valencia & Rivera-Correa, 2011",Atelopus nocturnus,6.978301,-75.111101,Antioquia,,PRESERVED_SPECIMEN,2007.0,cc28549b-467f-448c-875e-881ca507aba8,,Universidad de Antioquia (UdeA),MHUA-A,,"['INSTITUTION_MATCH_FUZZY', 'COLLECTION_MATCH_FUZZY']",Atelopus
777282862,"Atelopus nocturnus Bravo-Valencia & Rivera-Correa, 2011",Atelopus nocturnus,6.978301,-75.111101,Antioquia,,PRESERVED_SPECIMEN,2007.0,cc28549b-467f-448c-875e-881ca507aba8,,Universidad de Antioquia (UdeA),MHUA-A,,"['INSTITUTION_MATCH_FUZZY', 'COLLECTION_MATCH_FUZZY']",Atelopus
777282864,"Atelopus nocturnus Bravo-Valencia & Rivera-Correa, 2011",Atelopus nocturnus,6.978301,-75.111101,Antioquia,,PRESERVED_SPECIMEN,2007.0,cc28549b-467f-448c-875e-881ca507aba8,,Universidad de Antioquia (UdeA),MHUA-A,,"['INSTITUTION_MATCH_FUZZY', 'COLLECTION_MATCH_FUZZY']",Atelopus
777283917,"Atelopus spurrelli Boulenger, 1914",Atelopus spurrelli,8.361655,-77.112695,Chocó,,PRESERVED_SPECIMEN,2007.0,cc28549b-467f-448c-875e-881ca507aba8,,Universidad de Antioquia (UdeA),MHUA-A,,"['INSTITUTION_MATCH_FUZZY', 'COLLECTION_MATCH_FUZZY']",Atelopus
2650648307,"Atelopus laetissimus Ruiz-Carranza, Ardila-Robayo & Hernández-Camacho, 1994",Atelopus laetissimus,11.112267,-74.044519,Magdalena,,PRESERVED_SPECIMEN,2006.0,b25cc2e7-36aa-41ff-aa2a-441b12c6d423,,Pontificia Universidad Javeriana (PUJ),MPUJ-ANFB,949.0,"['INSTITUTION_MATCH_FUZZY', 'COLLECTION_MATCH_FUZZY']",Atelopus
2650647725,"Atelopus mittermeieri Acosta-Galvis, Rueda-Almonacid, Velásquez-Álvarez, Sánchez-Pacheco & Peña-Prieto, 2006",Atelopus mittermeieri,6.021319,-73.097455,Santander,,PRESERVED_SPECIMEN,2006.0,b25cc2e7-36aa-41ff-aa2a-441b12c6d423,,Pontificia Universidad Javeriana (PUJ),MPUJ-ANFB,1322.0,"['INSTITUTION_MATCH_FUZZY', 'COLLECTION_MATCH_FUZZY']",Atelopus
2650647732,"Atelopus mittermeieri Acosta-Galvis, Rueda-Almonacid, Velásquez-Álvarez, Sánchez-Pacheco & Peña-Prieto, 2006",Atelopus mittermeieri,6.021319,-73.097455,Santander,,PRESERVED_SPECIMEN,2006.0,b25cc2e7-36aa-41ff-aa2a-441b12c6d423,,Pontificia Universidad Javeriana (PUJ),MPUJ-ANFB,1322.0,"['INSTITUTION_MATCH_FUZZY', 'COLLECTION_MATCH_FUZZY']",Atelopus
2650651929,"Atelopus ebenoides Rivero, 1963",Atelopus ebenoides,5.5,-73.333333,Boyacá,,PRESERVED_SPECIMEN,2005.0,b25cc2e7-36aa-41ff-aa2a-441b12c6d423,,Pontificia Universidad Javeriana (PUJ),MPUJ-ANFB,2034.0,"['COORDINATE_ROUNDED', 'INSTITUTION_MATCH_FUZZY', 'COLLECTION_MATCH_FUZZY']",Atelopus
2650644585,"Atelopus mittermeieri Acosta-Galvis, Rueda-Almonacid, Velásquez-Álvarez, Sánchez-Pacheco & Peña-Prieto, 2006",Atelopus mittermeieri,6.021319,-73.097455,Santander,,PRESERVED_SPECIMEN,2005.0,b25cc2e7-36aa-41ff-aa2a-441b12c6d423,,Pontificia Universidad Javeriana (PUJ),MPUJ-ANFB,1322.0,"['INSTITUTION_MATCH_FUZZY', 'COLLECTION_MATCH_FUZZY']",Atelopus
2650644499,"Atelopus mittermeieri Acosta-Galvis, Rueda-Almonacid, Velásquez-Álvarez, Sánchez-Pacheco & Peña-Prieto, 2006",Atelopus mittermeieri,6.021319,-73.097455,Santander,,PRESERVED_SPECIMEN,2005.0,b25cc2e7-36aa-41ff-aa2a-441b12c6d423,,Pontificia Universidad Javeriana (PUJ),MPUJ-ANFB,1322.0,"['INSTITUTION_MATCH_FUZZY', 'COLLECTION_MATCH_FUZZY']",Atelopus
2650644519,"Atelopus mittermeieri Acosta-Galvis, Rueda-Almonacid, Velásquez-Álvarez, Sánchez-Pacheco & Peña-Prieto, 2006",Atelopus mittermeieri,6.021319,-73.097455,Santander,,PRESERVED_SPECIMEN,2005.0,b25cc2e7-36aa-41ff-aa2a-441b12c6d423,,Pontificia Universidad Javeriana (PUJ),MPUJ-ANFB,1322.0,"['INSTITUTION_MATCH_FUZZY', 'COLLECTION_MATCH_FUZZY']",Atelopus
2650644576,"Atelopus mittermeieri Acosta-Galvis, Rueda-Almonacid, Velásquez-Álvarez, Sánchez-Pacheco & Peña-Prieto, 2006",Atelopus mittermeieri,6.021319,-73.097455,Santander,,PRESERVED_SPECIMEN,2005.0,b25cc2e7-36aa-41ff-aa2a-441b12c6d423,,Pontificia Universidad Javeriana (PUJ),MPUJ-ANFB,1322.0,"['INSTITUTION_MATCH_FUZZY', 'COLLECTION_MATCH_FUZZY']",Atelopus
2650644592,"Atelopus mittermeieri Acosta-Galvis, Rueda-Almonacid, Velásquez-Álvarez, Sánchez-Pacheco & Peña-Prieto, 2006",Atelopus mittermeieri,6.021319,-73.097455,Santander,,PRESERVED_SPECIMEN,2005.0,b25cc2e7-36aa-41ff-aa2a-441b12c6d423,,Pontificia Universidad Javeriana (PUJ),MPUJ-ANFB,1322.0,"['INSTITUTION_MATCH_FUZZY', 'COLLECTION_MATCH_FUZZY']",Atelopus
2650644593,"Atelopus mittermeieri Acosta-Galvis, Rueda-Almonacid, Velásquez-Álvarez, Sánchez-Pacheco & Peña-Prieto, 2006",Atelopus mittermeieri,6.021319,-73.097455,Santander,,PRESERVED_SPECIMEN,2005.0,b25cc2e7-36aa-41ff-aa2a-441b12c6d423,,Pontificia Universidad Javeriana (PUJ),MPUJ-ANFB,1322.0,"['INSTITUTION_MATCH_FUZZY', 'COLLECTION_MATCH_FUZZY']",Atelopus
2650644599,"Atelopus mittermeieri Acosta-Galvis, Rueda-Almonacid, Velásquez-Álvarez, Sánchez-Pacheco & Peña-Prieto, 2006",Atelopus mittermeieri,6.021319,-73.097455,Santander,,PRESERVED_SPECIMEN,2005.0,b25cc2e7-36aa-41ff-aa2a-441b12c6d423,,Pontificia Universidad Javeriana (PUJ),MPUJ-ANFB,1322.0,"['INSTITUTION_MATCH_FUZZY', 'COLLECTION_MATCH_FUZZY']",Atelopus
2650644601,"Atelopus mittermeieri Acosta-Galvis, Rueda-Almonacid, Velásquez-Álvarez, Sánchez-Pacheco & Peña-Prieto, 2006",Atelopus mittermeieri,6.021319,-73.097455,Santander,,PRESERVED_SPECIMEN,2005.0,b25cc2e7-36aa-41ff-aa2a-441b12c6d423,,Pontificia Universidad Javeriana (PUJ),MPUJ-ANFB,1322.0,"['INSTITUTION_MATCH_FUZZY', 'COLLECTION_MATCH_FUZZY']",Atelopus
2650644604,"Atelopus mittermeieri Acosta-Galvis, Rueda-Almonacid, Velásquez-Álvarez, Sánchez-Pacheco & Peña-Prieto, 2006",Atelopus mittermeieri,6.021319,-73.097455,Santander,,PRESERVED_SPECIMEN,2005.0,b25cc2e7-36aa-41ff-aa2a-441b12c6d423,,Pontificia Universidad Javeriana (PUJ),MPUJ-ANFB,1322.0,"['INSTITUTION_MATCH_FUZZY', 'COLLECTION_MATCH_FUZZY']",Atelopus
2650644605,"Atelopus mittermeieri Acosta-Galvis, Rueda-Almonacid, Velásquez-Álvarez, Sánchez-Pacheco & Peña-Prieto, 2006",Atelopus mittermeieri,6.021319,-73.097455,Santander,,PRESERVED_SPECIMEN,2005.0,b25cc2e7-36aa-41ff-aa2a-441b12c6d423,,Pontificia Universidad Javeriana (PUJ),MPUJ-ANFB,1322.0,"['INSTITUTION_MATCH_FUZZY', 'COLLECTION_MATCH_FUZZY']",Atelopus
2650644606,"Atelopus mittermeieri Acosta-Galvis, Rueda-Almonacid, Velásquez-Álvarez, Sánchez-Pacheco & Peña-Prieto, 2006",Atelopus mittermeieri,6.021319,-73.097455,Santander,,PRESERVED_SPECIMEN,2005.0,b25cc2e7-36aa-41ff-aa2a-441b12c6d423,,Pontificia Universidad Javeriana (PUJ),MPUJ-ANFB,1322.0,"['INSTITUTION_MATCH_FUZZY', 'COLLECTION_MATCH_FUZZY']",Atelopus
2650644612,"Atelopus mittermeieri Acosta-Galvis, Rueda-Almonacid, Velásquez-Álvarez, Sánchez-Pacheco & Peña-Prieto, 2006",Atelopus mittermeieri,6.021319,-73.097455,Santander,,PRESERVED_SPECIMEN,2005.0,b25cc2e7-36aa-41ff-aa2a-441b12c6d423,,Pontificia Universidad Javeriana (PUJ),MPUJ-ANFB,1322.0,"['INSTITUTION_MATCH_FUZZY', 'COLLECTION_MATCH_FUZZY']",Atelopus
2650644615,"Atelopus mittermeieri Acosta-Galvis, Rueda-Almonacid, Velásquez-Álvarez, Sánchez-Pacheco & Peña-Prieto, 2006",Atelopus mittermeieri,6.021319,-73.097455,Santander,,PRESERVED_SPECIMEN,2005.0,b25cc2e7-36aa-41ff-aa2a-441b12c6d423,,Pontificia Universidad Javeriana (PUJ),MPUJ-ANFB,1322.0,"['INSTITUTION_MATCH_FUZZY', 'COLLECTION_MATCH_FUZZY']",Atelopus
2650644618,"Atelopus mittermeieri Acosta-Galvis, Rueda-Almonacid, Velásquez-Álvarez, Sánchez-Pacheco & Peña-Prieto, 2006",Atelopus mittermeieri,6.021319,-73.097455,Santander,,PRESERVED_SPECIMEN,2005.0,b25cc2e7-36aa-41ff-aa2a-441b12c6d423,,Pontificia Universidad Javeriana (PUJ),MPUJ-ANFB,1322.0,"['INSTITUTION_MATCH_FUZZY', 'COLLECTION_MATCH_FUZZY']",Atelopus
2650644620,"Atelopus mittermeieri Acosta-Galvis, Rueda-Almonacid, Velásquez-Álvarez, Sánchez-Pacheco & Peña-Prieto, 2006",Atelopus mittermeieri,6.021319,-73.097455,Santander,,PRESERVED_SPECIMEN,2005.0,b25cc2e7-36aa-41ff-aa2a-441b12c6d423,,Pontificia Universidad Javeriana (PUJ),MPUJ-ANFB,1322.0,"['INSTITUTION_MATCH_FUZZY', 'COLLECTION_MATCH_FUZZY']",Atelopus
2650646230,"Atelopus mittermeieri Acosta-Galvis, Rueda-Almonacid, Velásquez-Álvarez, Sánchez-Pacheco & Peña-Prieto, 2006",Atelopus mittermeieri,6.021308,-73.097318,Santander,,PRESERVED_SPECIMEN,2005.0,b25cc2e7-36aa-41ff-aa2a-441b12c6d423,,Pontificia Universidad Javeriana (PUJ),MPUJ-ANFB,1322.0,"['INSTITUTION_MATCH_FUZZY', 'COLLECTION_MATCH_FUZZY']",Atelopus
2650646245,"Atelopus mittermeieri Acosta-Galvis, Rueda-Almonacid, Velásquez-Álvarez, Sánchez-Pacheco & Peña-Prieto, 2006",Atelopus mittermeieri,6.021308,-73.097318,Santander,,PRESERVED_SPECIMEN,2005.0,b25cc2e7-36aa-41ff-aa2a-441b12c6d423,,Pontificia Universidad Javeriana (PUJ),MPUJ-ANFB,1322.0,"['INSTITUTION_MATCH_FUZZY', 'COLLECTION_MATCH_FUZZY']",Atelopus
2650646246,"Atelopus mittermeieri Acosta-Galvis, Rueda-Almonacid, Velásquez-Álvarez, Sánchez-Pacheco & Peña-Prieto, 2006",Atelopus mittermeieri,6.021308,-73.097318,Santander,,PRESERVED_SPECIMEN,2005.0,b25cc2e7-36aa-41ff-aa2a-441b12c6d423,,Pontificia Universidad Javeriana (PUJ),MPUJ-ANFB,1322.0,"['INSTITUTION_MATCH_FUZZY', 'COLLECTION_MATCH_FUZZY']",Atelopus
2650646247,"Atelopus mittermeieri Acosta-Galvis, Rueda-Almonacid, Velásquez-Álvarez, Sánchez-Pacheco & Peña-Prieto, 2006",Atelopus mittermeieri,6.021308,-73.097318,Santander,,PRESERVED_SPECIMEN,2005.0,b25cc2e7-36aa-41ff-aa2a-441b12c6d423,,Pontificia Universidad Javeriana (PUJ),MPUJ-ANFB,1322.0,"['INSTITUTION_MATCH_FUZZY', 'COLLECTION_MATCH_FUZZY']",Atelopus
2650648293,"Atelopus mittermeieri Acosta-Galvis, Rueda-Almonacid, Velásquez-Álvarez, Sánchez-Pacheco & Peña-Prieto, 2006",Atelopus mittermeieri,6.021319,-73.097455,Santander,,PRESERVED_SPECIMEN,2005.0,b25cc2e7-36aa-41ff-aa2a-441b12c6d423,,Pontificia Universidad Javeriana (PUJ),MPUJ-ANFB,1322.0,"['INSTITUTION_MATCH_FUZZY', 'COLLECTION_MATCH_FUZZY']",Atelopus
2650648314,"Atelopus mittermeieri Acosta-Galvis, Rueda-Almonacid, Velásquez-Álvarez, Sánchez-Pacheco & Peña-Prieto, 2006",Atelopus mittermeieri,6.021319,-73.097455,Santander,,PRESERVED_SPECIMEN,2005.0,b25cc2e7-36aa-41ff-aa2a-441b12c6d423,,Pontificia Universidad Javeriana (PUJ),MPUJ-ANFB,1322.0,"['INSTITUTION_MATCH_FUZZY', 'COLLECTION_MATCH_FUZZY']",Atelopus
2650650528,"Atelopus mittermeieri Acosta-Galvis, Rueda-Almonacid, Velásquez-Álvarez, Sánchez-Pacheco & Peña-Prieto, 2006",Atelopus mittermeieri,6.021319,-73.097455,Santander,,PRESERVED_SPECIMEN,2005.0,b25cc2e7-36aa-41ff-aa2a-441b12c6d423,,Pontificia Universidad Javeriana (PUJ),MPUJ-ANFB,1322.0,"['INSTITUTION_MATCH_FUZZY', 'COLLECTION_MATCH_FUZZY']",Atelopus
2650650531,"Atelopus mittermeieri Acosta-Galvis, Rueda-Almonacid, Velásquez-Álvarez, Sánchez-Pacheco & Peña-Prieto, 2006",Atelopus mittermeieri,6.021319,-73.097455,Santander,,PRESERVED_SPECIMEN,2005.0,b25cc2e7-36aa-41ff-aa2a-441b12c6d423,,Pontificia Universidad Javeriana (PUJ),MPUJ-ANFB,1322.0,"['INSTITUTION_MATCH_FUZZY', 'COLLECTION_MATCH_FUZZY']",Atelopus
2650650563,"Atelopus mittermeieri Acosta-Galvis, Rueda-Almonacid, Velásquez-Álvarez, Sánchez-Pacheco & Peña-Prieto, 2006",Atelopus mittermeieri,6.021319,-73.097455,Santander,,PRESERVED_SPECIMEN,2005.0,b25cc2e7-36aa-41ff-aa2a-441b12c6d423,,Pontificia Universidad Javeriana (PUJ),MPUJ-ANFB,1322.0,"['INSTITUTION_MATCH_FUZZY', 'COLLECTION_MATCH_FUZZY']",Atelopus
2650650574,"Atelopus mittermeieri Acosta-Galvis, Rueda-Almonacid, Velásquez-Álvarez, Sánchez-Pacheco & Peña-Prieto, 2006",Atelopus mittermeieri,6.021319,-73.097455,Santander,,PRESERVED_SPECIMEN,2005.0,b25cc2e7-36aa-41ff-aa2a-441b12c6d423,,Pontificia Universidad Javeriana (PUJ),MPUJ-ANFB,1322.0,"['INSTITUTION_MATCH_FUZZY', 'COLLECTION_MATCH_FUZZY']",Atelopus
2650651804,"Atelopus mittermeieri Acosta-Galvis, Rueda-Almonacid, Velásquez-Álvarez, Sánchez-Pacheco & Peña-Prieto, 2006",Atelopus mittermeieri,6.021319,-73.097455,Santander,,PRESERVED_SPECIMEN,2005.0,b25cc2e7-36aa-41ff-aa2a-441b12c6d423,,Pontificia Universidad Javeriana (PUJ),MPUJ-ANFB,1322.0,"['INSTITUTION_MATCH_FUZZY', 'COLLECTION_MATCH_FUZZY']",Atelopus
777280572,"Atelopus spurrelli Boulenger, 1914",Atelopus spurrelli,5.591944,-77.353611,Chocó,,PRESERVED_SPECIMEN,2005.0,cc28549b-467f-448c-875e-881ca507aba8,,Universidad de Antioquia (UdeA),MHUA-A,,"['COORDINATE_ROUNDED', 'INSTITUTION_MATCH_FUZZY', 'COLLECTION_MATCH_FUZZY']",Atelopus
777280573,"Atelopus spurrelli Boulenger, 1914",Atelopus spurrelli,5.591944,-77.353611,Chocó,,PRESERVED_SPECIMEN,2005.0,cc28549b-467f-448c-875e-881ca507aba8,,Universidad de Antioquia (UdeA),MHUA-A,,"['COORDINATE_ROUNDED', 'INSTITUTION_MATCH_FUZZY', 'COLLECTION_MATCH_FUZZY']",Atelopus
777280575,"Atelopus spurrelli Boulenger, 1914",Atelopus spurrelli,5.591944,-77.353611,Chocó,,PRESERVED_SPECIMEN,2005.0,cc28549b-467f-448c-875e-881ca507aba8,,Universidad de Antioquia (UdeA),MHUA-A,,"['COORDINATE_ROUNDED', 'INSTITUTION_MATCH_FUZZY', 'COLLECTION_MATCH_FUZZY']",Atelopus
777280577,"Atelopus spurrelli Boulenger, 1914",Atelopus spurrelli,5.591944,-77.353611,Chocó,,PRESERVED_SPECIMEN,2005.0,cc28549b-467f-448c-875e-881ca507aba8,,Universidad de Antioquia (UdeA),MHUA-A,,"['COORDINATE_ROUNDED', 'INSTITUTION_MATCH_FUZZY', 'COLLECTION_MATCH_FUZZY']",Atelopus
777280579,"Atelopus spurrelli Boulenger, 1914",Atelopus spurrelli,5.591944,-77.353611,Chocó,,PRESERVED_SPECIMEN,2005.0,cc28549b-467f-448c-875e-881ca507aba8,,Universidad de Antioquia (UdeA),MHUA-A,,"['COORDINATE_ROUNDED', 'INSTITUTION_MATCH_FUZZY', 'COLLECTION_MATCH_FUZZY']",Atelopus
2650649432,"Atelopus Duméril & Bibron, 1841",,6.027473,-73.11259,Santander,,PRESERVED_SPECIMEN,2004.0,b25cc2e7-36aa-41ff-aa2a-441b12c6d423,,Pontificia Universidad Javeriana (PUJ),MPUJ-ANFB,1322.0,"['INSTITUTION_MATCH_FUZZY', 'COLLECTION_MATCH_FUZZY']",Atelopus
2650650750,"Atelopus mittermeieri Acosta-Galvis, Rueda-Almonacid, Velásquez-Álvarez, Sánchez-Pacheco & Peña-Prieto, 2006",Atelopus mittermeieri,6.027473,-73.11259,Santander,,PRESERVED_SPECIMEN,2004.0,b25cc2e7-36aa-41ff-aa2a-441b12c6d423,,Pontificia Universidad Javeriana (PUJ),MPUJ-ANFB,1322.0,"['INSTITUTION_MATCH_FUZZY', 'COLLECTION_MATCH_FUZZY']",Atelopus
2650651960,"Atelopus mittermeieri Acosta-Galvis, Rueda-Almonacid, Velásquez-Álvarez, Sánchez-Pacheco & Peña-Prieto, 2006",Atelopus mittermeieri,6.029267,-73.115447,Santander,,PRESERVED_SPECIMEN,2004.0,b25cc2e7-36aa-41ff-aa2a-441b12c6d423,,Pontificia Universidad Javeriana (PUJ),MPUJ-ANFB,1322.0,"['INSTITUTION_MATCH_FUZZY', 'COLLECTION_MATCH_FUZZY']",Atelopus
2650652054,"Atelopus mittermeieri Acosta-Galvis, Rueda-Almonacid, Velásquez-Álvarez, Sánchez-Pacheco & Peña-Prieto, 2006",Atelopus mittermeieri,6.029267,-73.115447,Santander,,PRESERVED_SPECIMEN,2004.0,b25cc2e7-36aa-41ff-aa2a-441b12c6d423,,Pontificia Universidad Javeriana (PUJ),MPUJ-ANFB,1322.0,"['INSTITUTION_MATCH_FUZZY', 'COLLECTION_MATCH_FUZZY']",Atelopus
2650652055,"Atelopus mittermeieri Acosta-Galvis, Rueda-Almonacid, Velásquez-Álvarez, Sánchez-Pacheco & Peña-Prieto, 2006",Atelopus mittermeieri,6.029267,-73.115447,Santander,,PRESERVED_SPECIMEN,2004.0,b25cc2e7-36aa-41ff-aa2a-441b12c6d423,,Pontificia Universidad Javeriana (PUJ),MPUJ-ANFB,1322.0,"['INSTITUTION_MATCH_FUZZY', 'COLLECTION_MATCH_FUZZY']",Atelopus
2650652058,"Atelopus mittermeieri Acosta-Galvis, Rueda-Almonacid, Velásquez-Álvarez, Sánchez-Pacheco & Peña-Prieto, 2006",Atelopus mittermeieri,6.029267,-73.115447,Santander,,PRESERVED_SPECIMEN,2004.0,b25cc2e7-36aa-41ff-aa2a-441b12c6d423,,Pontificia Universidad Javeriana (PUJ),MPUJ-ANFB,1322.0,"['INSTITUTION_MATCH_FUZZY', 'COLLECTION_MATCH_FUZZY']",Atelopus
2650652061,"Atelopus mittermeieri Acosta-Galvis, Rueda-Almonacid, Velásquez-Álvarez, Sánchez-Pacheco & Peña-Prieto, 2006",Atelopus mittermeieri,6.029267,-73.115447,Santander,,PRESERVED_SPECIMEN,2004.0,b25cc2e7-36aa-41ff-aa2a-441b12c6d423,,Pontificia Universidad Javeriana (PUJ),MPUJ-ANFB,1322.0,"['INSTITUTION_MATCH_FUZZY', 'COLLECTION_MATCH_FUZZY']",Atelopus
2650652070,"Atelopus mittermeieri Acosta-Galvis, Rueda-Almonacid, Velásquez-Álvarez, Sánchez-Pacheco & Peña-Prieto, 2006",Atelopus mittermeieri,6.029267,-73.115447,Santander,,PRESERVED_SPECIMEN,2004.0,b25cc2e7-36aa-41ff-aa2a-441b12c6d423,,Pontificia Universidad Javeriana (PUJ),MPUJ-ANFB,1322.0,"['INSTITUTION_MATCH_FUZZY', 'COLLECTION_MATCH_FUZZY']",Atelopus
2650652082,"Atelopus mittermeieri Acosta-Galvis, Rueda-Almonacid, Velásquez-Álvarez, Sánchez-Pacheco & Peña-Prieto, 2006",Atelopus mittermeieri,6.029267,-73.115447,Santander,,PRESERVED_SPECIMEN,2004.0,b25cc2e7-36aa-41ff-aa2a-441b12c6d423,,Pontificia Universidad Javeriana (PUJ),MPUJ-ANFB,1322.0,"['INSTITUTION_MATCH_FUZZY', 'COLLECTION_MATCH_FUZZY']",Atelopus
2650650320,"Atelopus mittermeieri Acosta-Galvis, Rueda-Almonacid, Velásquez-Álvarez, Sánchez-Pacheco & Peña-Prieto, 2006",Atelopus mittermeieri,6.021319,-73.097455,Santander,,PRESERVED_SPECIMEN,2004.0,b25cc2e7-36aa-41ff-aa2a-441b12c6d423,,Pontificia Universidad Javeriana (PUJ),MPUJ-ANFB,1322.0,"['INSTITUTION_MATCH_FUZZY', 'COLLECTION_MATCH_FUZZY']",Atelopus
2650650321,"Atelopus mittermeieri Acosta-Galvis, Rueda-Almonacid, Velásquez-Álvarez, Sánchez-Pacheco & Peña-Prieto, 2006",Atelopus mittermeieri,6.021319,-73.097455,Santander,,PRESERVED_SPECIMEN,2004.0,b25cc2e7-36aa-41ff-aa2a-441b12c6d423,,Pontificia Universidad Javeriana (PUJ),MPUJ-ANFB,1322.0,"['INSTITUTION_MATCH_FUZZY', 'COLLECTION_MATCH_FUZZY']",Atelopus
2650652405,"Atelopus mittermeieri Acosta-Galvis, Rueda-Almonacid, Velásquez-Álvarez, Sánchez-Pacheco & Peña-Prieto, 2006",Atelopus mittermeieri,6.021319,-73.097455,Santander,,PRESERVED_SPECIMEN,2004.0,b25cc2e7-36aa-41ff-aa2a-441b12c6d423,,Pontificia Universidad Javeriana (PUJ),MPUJ-ANFB,1322.0,"['INSTITUTION_MATCH_FUZZY', 'COLLECTION_MATCH_FUZZY']",Atelopus
2650652527,"Atelopus mittermeieri Acosta-Galvis, Rueda-Almonacid, Velásquez-Álvarez, Sánchez-Pacheco & Peña-Prieto, 2006",Atelopus mittermeieri,6.021319,-73.097455,Santander,,PRESERVED_SPECIMEN,2004.0,b25cc2e7-36aa-41ff-aa2a-441b12c6d423,,Pontificia Universidad Javeriana (PUJ),MPUJ-ANFB,1322.0,"['INSTITUTION_MATCH_FUZZY', 'COLLECTION_MATCH_FUZZY']",Atelopus
2650652529,"Atelopus mittermeieri Acosta-Galvis, Rueda-Almonacid, Velásquez-Álvarez, Sánchez-Pacheco & Peña-Prieto, 2006",Atelopus mittermeieri,6.021319,-73.097455,Santander,,PRESERVED_SPECIMEN,2004.0,b25cc2e7-36aa-41ff-aa2a-441b12c6d423,,Pontificia Universidad Javeriana (PUJ),MPUJ-ANFB,1322.0,"['INSTITUTION_MATCH_FUZZY', 'COLLECTION_MATCH_FUZZY']",Atelopus
2650652533,"Atelopus mittermeieri Acosta-Galvis, Rueda-Almonacid, Velásquez-Álvarez, Sánchez-Pacheco & Peña-Prieto, 2006",Atelopus mittermeieri,6.021319,-73.097455,Santander,,PRESERVED_SPECIMEN,2004.0,b25cc2e7-36aa-41ff-aa2a-441b12c6d423,,Pontificia Universidad Javeriana (PUJ),MPUJ-ANFB,1322.0,"['INSTITUTION_MATCH_FUZZY', 'COLLECTION_MATCH_FUZZY']",Atelopus
2650652534,"Atelopus mittermeieri Acosta-Galvis, Rueda-Almonacid, Velásquez-Álvarez, Sánchez-Pacheco & Peña-Prieto, 2006",Atelopus mittermeieri,6.021319,-73.097455,Santander,,PRESERVED_SPECIMEN,2004.0,b25cc2e7-36aa-41ff-aa2a-441b12c6d423,,Pontificia Universidad Javeriana (PUJ),MPUJ-ANFB,1322.0,"['INSTITUTION_MATCH_FUZZY', 'COLLECTION_MATCH_FUZZY']",Atelopus
2650652540,"Atelopus mittermeieri Acosta-Galvis, Rueda-Almonacid, Velásquez-Álvarez, Sánchez-Pacheco & Peña-Prieto, 2006",Atelopus mittermeieri,6.021319,-73.097455,Santander,,PRESERVED_SPECIMEN,2004.0,b25cc2e7-36aa-41ff-aa2a-441b12c6d423,,Pontificia Universidad Javeriana (PUJ),MPUJ-ANFB,1322.0,"['INSTITUTION_MATCH_FUZZY', 'COLLECTION_MATCH_FUZZY']",Atelopus
777276763,"Atelopus nocturnus Bravo-Valencia & Rivera-Correa, 2011",Atelopus nocturnus,6.983333,-75.134722,Antioquia,,PRESERVED_SPECIMEN,2003.0,cc28549b-467f-448c-875e-881ca507aba8,,Universidad de Antioquia (UdeA),MHUA-A,,"['INSTITUTION_MATCH_FUZZY', 'COLLECTION_MATCH_FUZZY']",Atelopus
777278088,"Atelopus spurrelli Boulenger, 1914",Atelopus spurrelli,8.3833,-77.1166,Chocó,,PRESERVED_SPECIMEN,2003.0,cc28549b-467f-448c-875e-881ca507aba8,,Universidad de Antioquia (UdeA),MHUA-A,,"['INSTITUTION_MATCH_FUZZY', 'COLLECTION_MATCH_FUZZY']",Atelopus
777278090,"Atelopus spurrelli Boulenger, 1914",Atelopus spurrelli,8.3833,-77.1166,Chocó,,PRESERVED_SPECIMEN,2003.0,cc28549b-467f-448c-875e-881ca507aba8,,Universidad de Antioquia (UdeA),MHUA-A,,"['INSTITUTION_MATCH_FUZZY', 'COLLECTION_MATCH_FUZZY']",Atelopus
6187997991,"Atelopus elegans (Boulenger, 1882)",Atelopus elegans,1.347445,-78.162649,Nariño,,HUMAN_OBSERVATION,2002.0,50c9509d-22c7-4a22-a47d-8c48425ef4a7,iNaturalist research-grade observations,iNaturalist,Observations,31447.0,"['COORDINATE_ROUNDED', 'CONTINENT_DERIVED_FROM_COORDINATES', 'TAXON_ID_NOT_FOUND']",Atelopus
920161406,"Atelopus spurrelli Boulenger, 1914",Atelopus spurrelli,6.10315,-77.42514,Chocó,Bahía Solano,PRESERVED_SPECIMEN,2002.0,2de2f65e-7031-4844-a461-687b8c197689,Colección Científica de Referencia Zoológica del Chocó - Herpetología,Universidad Tecnológica del Chocó (UTCH),COLZOOCH-H,,"['OCCURRENCE_STATUS_INFERRED_FROM_INDIVIDUAL_COUNT', 'INSTITUTION_MATCH_FUZZY']",Atelopus
920161418,"Atelopus spurrelli Boulenger, 1914",Atelopus spurrelli,6.10315,-77.42514,Chocó,Bahía Solano,PRESERVED_SPECIMEN,2002.0,2de2f65e-7031-4844-a461-687b8c197689,Colección Científica de Referencia Zoológica del Chocó - Herpetología,Universidad Tecnológica del Chocó (UTCH),COLZOOCH-H,,"['OCCURRENCE_STATUS_INFERRED_FROM_INDIVIDUAL_COUNT', 'INSTITUTION_MATCH_FUZZY']",Atelopus
920161419,"Atelopus spurrelli Boulenger, 1914",Atelopus spurrelli,6.10315,-77.42514,Chocó,Bahía Solano,PRESERVED_SPECIMEN,2002.0,2de2f65e-7031-4844-a461-687b8c197689,Colección Científica de Referencia Zoológica del Chocó - Herpetología,Universidad Tecnológica del Chocó (UTCH),COLZOOCH-H,,"['OCCURRENCE_STATUS_INFERRED_FROM_INDIVIDUAL_COUNT', 'INSTITUTION_MATCH_FUZZY']",Atelopus
4955473452,"Atelopus elegans (Boulenger, 1882)",Atelopus elegans,2.966667,-78.176667,Cauca,,PRESERVED_SPECIMEN,2001.0,94dce9c1-e2f0-45cb-a77b-8e5caa871a41,,Instituto de Investigación de Recursos Biológicos Alexander von Humboldt (IAvH),IAvH-Am,,"['COORDINATE_ROUNDED', 'INSTITUTION_MATCH_FUZZY']",Atelopus
4955527447,"Atelopus elegans (Boulenger, 1882)",Atelopus elegans,2.966944,-78.183611,Cauca,,PRESERVED_SPECIMEN,2001.0,94dce9c1-e2f0-45cb-a77b-8e5caa871a41,,Instituto de Investigación de Recursos Biológicos Alexander von Humboldt (IAvH),IAvH-Am,,"['COORDINATE_ROUNDED', 'INSTITUTION_MATCH_FUZZY']",Atelopus
777287964,"Atelopus sernai Ruiz-Carranza & Osorno-Muñoz, 1994",Atelopus sernai,6.6277,-75.6878,Antioquia,,PRESERVED_SPECIMEN,2001.0,cc28549b-467f-448c-875e-881ca507aba8,,Universidad de Antioquia (UdeA),MHUA-A,,"['INSTITUTION_MATCH_FUZZY', 'COLLECTION_MATCH_FUZZY']",Atelopus
4955473867,"Atelopus elegans (Boulenger, 1882)",Atelopus elegans,2.966667,-78.183306,Cauca,,PRESERVED_SPECIMEN,2000.0,94dce9c1-e2f0-45cb-a77b-8e5caa871a41,,Instituto de Investigación de Recursos Biológicos Alexander von Humboldt (IAvH),IAvH-Am,,"['COORDINATE_ROUNDED', 'INSTITUTION_MATCH_FUZZY']",Atelopus
4955537568,"Atelopus elegans (Boulenger, 1882)",Atelopus elegans,2.966667,-78.176667,Cauca,,PRESERVED_SPECIMEN,2000.0,94dce9c1-e2f0-45cb-a77b-8e5caa871a41,,Instituto de Investigación de Recursos Biológicos Alexander von Humboldt (IAvH),IAvH-Am,,"['COORDINATE_ROUNDED', 'INSTITUTION_MATCH_FUZZY']",Atelopus
4955537574,"Atelopus elegans (Boulenger, 1882)",Atelopus elegans,2.966667,-78.176667,Cauca,,PRESERVED_SPECIMEN,2000.0,94dce9c1-e2f0-45cb-a77b-8e5caa871a41,,Instituto de Investigación de Recursos Biológicos Alexander von Humboldt (IAvH),IAvH-Am,,"['COORDINATE_ROUNDED', 'INSTITUTION_MATCH_FUZZY']",Atelopus
4955527784,"Atelopus elegans (Boulenger, 1882)",Atelopus elegans,2.966667,-78.176667,Cauca,,PRESERVED_SPECIMEN,2000.0,94dce9c1-e2f0-45cb-a77b-8e5caa871a41,,Instituto de Investigación de Recursos Biológicos Alexander von Humboldt (IAvH),IAvH-Am,,"['COORDINATE_ROUNDED', 'INSTITUTION_MATCH_FUZZY']",Atelopus
777273641,"Atelopus spurrelli Boulenger, 1914",Atelopus spurrelli,6.296312,-77.378686,Chocó,,PRESERVED_SPECIMEN,2000.0,cc28549b-467f-448c-875e-881ca507aba8,,Universidad de Antioquia (UdeA),MHUA-A,,"['INSTITUTION_MATCH_FUZZY', 'COLLECTION_MATCH_FUZZY']",Atelopus
777273643,"Atelopus spurrelli Boulenger, 1914",Atelopus spurrelli,6.296312,-77.378686,Chocó,,PRESERVED_SPECIMEN,2000.0,cc28549b-467f-448c-875e-881ca507aba8,,Universidad de Antioquia (UdeA),MHUA-A,,"['INSTITUTION_MATCH_FUZZY', 'COLLECTION_MATCH_FUZZY']",Atelopus
777286830,"Atelopus sernai Ruiz-Carranza & Osorno-Muñoz, 1994",Atelopus sernai,6.785326,-75.671166,Antioquia,,PRESERVED_SPECIMEN,2000.0,cc28549b-467f-448c-875e-881ca507aba8,,Universidad de Antioquia (UdeA),MHUA-A,,"['INSTITUTION_MATCH_FUZZY', 'COLLECTION_MATCH_FUZZY']",Atelopus
777287108,"Atelopus sernai Ruiz-Carranza & Osorno-Muñoz, 1994",Atelopus sernai,6.785326,-75.671166,Antioquia,,PRESERVED_SPECIMEN,2000.0,cc28549b-467f-448c-875e-881ca507aba8,,Universidad de Antioquia (UdeA),MHUA-A,,"['INSTITUTION_MATCH_FUZZY', 'COLLECTION_MATCH_FUZZY']",Atelopus
777287110,"Atelopus sernai Ruiz-Carranza & Osorno-Muñoz, 1994",Atelopus sernai,6.785326,-75.671166,Antioquia,,PRESERVED_SPECIMEN,2000.0,cc28549b-467f-448c-875e-881ca507aba8,,Universidad de Antioquia (UdeA),MHUA-A,,"['INSTITUTION_MATCH_FUZZY', 'COLLECTION_MATCH_FUZZY']",Atelopus
777287165,"Atelopus sernai Ruiz-Carranza & Osorno-Muñoz, 1994",Atelopus sernai,6.785326,-75.671166,Antioquia,,PRESERVED_SPECIMEN,2000.0,cc28549b-467f-448c-875e-881ca507aba8,,Universidad de Antioquia (UdeA),MHUA-A,,"['INSTITUTION_MATCH_FUZZY', 'COLLECTION_MATCH_FUZZY']",Atelopus
777287167,"Atelopus sernai Ruiz-Carranza & Osorno-Muñoz, 1994",Atelopus sernai,6.785326,-75.671166,Antioquia,,PRESERVED_SPECIMEN,2000.0,cc28549b-467f-448c-875e-881ca507aba8,,Universidad de Antioquia (UdeA),MHUA-A,,"['INSTITUTION_MATCH_FUZZY', 'COLLECTION_MATCH_FUZZY']",Atelopus
777287680,"Atelopus sernai Ruiz-Carranza & Osorno-Muñoz, 1994",Atelopus sernai,6.6277,-75.6878,Antioquia,,PRESERVED_SPECIMEN,2000.0,cc28549b-467f-448c-875e-881ca507aba8,,Universidad de Antioquia (UdeA),MHUA-A,,"['INSTITUTION_MATCH_FUZZY', 'COLLECTION_MATCH_FUZZY']",Atelopus
777287694,"Atelopus sernai Ruiz-Carranza & Osorno-Muñoz, 1994",Atelopus sernai,6.6277,-75.6878,Antioquia,,PRESERVED_SPECIMEN,2000.0,cc28549b-467f-448c-875e-881ca507aba8,,Universidad de Antioquia (UdeA),MHUA-A,,"['INSTITUTION_MATCH_FUZZY', 'COLLECTION_MATCH_FUZZY']",Atelopus
777287696,"Atelopus sernai Ruiz-Carranza & Osorno-Muñoz, 1994",Atelopus sernai,6.6277,-75.6878,Antioquia,,PRESERVED_SPECIMEN,2000.0,cc28549b-467f-448c-875e-881ca507aba8,,Universidad de Antioquia (UdeA),MHUA-A,,"['INSTITUTION_MATCH_FUZZY', 'COLLECTION_MATCH_FUZZY']",Atelopus
777272016,"Atelopus spurrelli Boulenger, 1914",Atelopus spurrelli,5.580556,-77.497778,Chocó,,PRESERVED_SPECIMEN,1998.0,cc28549b-467f-448c-875e-881ca507aba8,,Universidad de Antioquia (UdeA),MHUA-A,,"['COORDINATE_ROUNDED', 'INSTITUTION_MATCH_FUZZY', 'COLLECTION_MATCH_FUZZY']",Atelopus
777272018,"Atelopus spurrelli Boulenger, 1914",Atelopus spurrelli,5.580556,-77.497778,Chocó,,PRESERVED_SPECIMEN,1998.0,cc28549b-467f-448c-875e-881ca507aba8,,Universidad de Antioquia (UdeA),MHUA-A,,"['COORDINATE_ROUNDED', 'INSTITUTION_MATCH_FUZZY', 'COLLECTION_MATCH_FUZZY']",Atelopus
777272021,"Atelopus spurrelli Boulenger, 1914",Atelopus spurrelli,5.580556,-77.497778,Chocó,,PRESERVED_SPECIMEN,1998.0,cc28549b-467f-448c-875e-881ca507aba8,,Universidad de Antioquia (UdeA),MHUA-A,,"['COORDINATE_ROUNDED', 'INSTITUTION_MATCH_FUZZY', 'COLLECTION_MATCH_FUZZY']",Atelopus
777272023,"Atelopus spurrelli Boulenger, 1914",Atelopus spurrelli,5.580556,-77.497778,Chocó,,PRESERVED_SPECIMEN,1998.0,cc28549b-467f-448c-875e-881ca507aba8,,Universidad de Antioquia (UdeA),MHUA-A,,"['COORDINATE_ROUNDED', 'INSTITUTION_MATCH_FUZZY', 'COLLECTION_MATCH_FUZZY']",Atelopus
777272026,"Atelopus spurrelli Boulenger, 1914",Atelopus spurrelli,5.580556,-77.497778,Chocó,,PRESERVED_SPECIMEN,1998.0,cc28549b-467f-448c-875e-881ca507aba8,,Universidad de Antioquia (UdeA),MHUA-A,,"['COORDINATE_ROUNDED', 'INSTITUTION_MATCH_FUZZY', 'COLLECTION_MATCH_FUZZY']",Atelopus
777272028,"Atelopus spurrelli Boulenger, 1914",Atelopus spurrelli,5.580556,-77.497778,Chocó,,PRESERVED_SPECIMEN,1998.0,cc28549b-467f-448c-875e-881ca507aba8,,Universidad de Antioquia (UdeA),MHUA-A,,"['COORDINATE_ROUNDED', 'INSTITUTION_MATCH_FUZZY', 'COLLECTION_MATCH_FUZZY']",Atelopus
777272030,"Atelopus spurrelli Boulenger, 1914",Atelopus spurrelli,5.580556,-77.497778,Chocó,,PRESERVED_SPECIMEN,1998.0,cc28549b-467f-448c-875e-881ca507aba8,,Universidad de Antioquia (UdeA),MHUA-A,,"['COORDINATE_ROUNDED', 'INSTITUTION_MATCH_FUZZY', 'COLLECTION_MATCH_FUZZY']",Atelopus
777284822,"Atelopus sernai Ruiz-Carranza & Osorno-Muñoz, 1994",Atelopus sernai,6.6277,-75.6878,Antioquia,,PRESERVED_SPECIMEN,1998.0,cc28549b-467f-448c-875e-881ca507aba8,,Universidad de Antioquia (UdeA),MHUA-A,,"['INSTITUTION_MATCH_FUZZY', 'COLLECTION_MATCH_FUZZY']",Atelopus
777284824,"Atelopus sernai Ruiz-Carranza & Osorno-Muñoz, 1994",Atelopus sernai,6.6277,-75.6878,Antioquia,,PRESERVED_SPECIMEN,1998.0,cc28549b-467f-448c-875e-881ca507aba8,,Universidad de Antioquia (UdeA),MHUA-A,,"['INSTITUTION_MATCH_FUZZY', 'COLLECTION_MATCH_FUZZY']",Atelopus
1315033634,"Atelopus simulatus Ruiz-Carranza & Osorno-Muñoz, 1994",Atelopus simulatus,4.60537,-75.3449,Tolima,,PRESERVED_SPECIMEN,1997.0,b01bffc2-67b0-4441-806d-65c2cff690b5,,Universidad Nacional de Colombia (UNAL),ICN-MHN-Anf,600.0,"['INSTITUTION_MATCH_FUZZY', 'COLLECTION_MATCH_FUZZY']",Atelopus
4955508242,"Atelopus petriruizi Ardila-Robayo, 1999",Atelopus petriruizi,2.744722,-74.889444,Caquetá,,PRESERVED_SPECIMEN,1997.0,94dce9c1-e2f0-45cb-a77b-8e5caa871a41,,Instituto de Investigación de Recursos Biológicos Alexander von Humboldt (IAvH),IAvH-Am,,"['COORDINATE_ROUNDED', 'INSTITUTION_MATCH_FUZZY']",Atelopus
777271421,"Atelopus spurrelli Boulenger, 1914",Atelopus spurrelli,8.3833,-77.1166,Chocó,,PRESERVED_SPECIMEN,1997.0,cc28549b-467f-448c-875e-881ca507aba8,,Universidad de Antioquia (UdeA),MHUA-A,,"['INSTITUTION_MATCH_FUZZY', 'COLLECTION_MATCH_FUZZY']",Atelopus
777287502,"Atelopus sernai Ruiz-Carranza & Osorno-Muñoz, 1994",Atelopus sernai,6.785326,-75.671166,Antioquia,,PRESERVED_SPECIMEN,1997.0,cc28549b-467f-448c-875e-881ca507aba8,,Universidad de Antioquia (UdeA),MHUA-A,,"['INSTITUTION_MATCH_FUZZY', 'COLLECTION_MATCH_FUZZY']",Atelopus
777287504,"Atelopus sernai Ruiz-Carranza & Osorno-Muñoz, 1994",Atelopus sernai,6.785326,-75.671166,Antioquia,,PRESERVED_SPECIMEN,1997.0,cc28549b-467f-448c-875e-881ca507aba8,,Universidad de Antioquia (UdeA),MHUA-A,,"['INSTITUTION_MATCH_FUZZY', 'COLLECTION_MATCH_FUZZY']",Atelopus
777287506,"Atelopus sernai Ruiz-Carranza & Osorno-Muñoz, 1994",Atelopus sernai,6.785326,-75.671166,Antioquia,,PRESERVED_SPECIMEN,1997.0,cc28549b-467f-448c-875e-881ca507aba8,,Universidad de Antioquia (UdeA),MHUA-A,,"['INSTITUTION_MATCH_FUZZY', 'COLLECTION_MATCH_FUZZY']",Atelopus
777287508,"Atelopus sernai Ruiz-Carranza & Osorno-Muñoz, 1994",Atelopus sernai,6.785326,-75.671166,Antioquia,,PRESERVED_SPECIMEN,1997.0,cc28549b-467f-448c-875e-881ca507aba8,,Universidad de Antioquia (UdeA),MHUA-A,,"['INSTITUTION_MATCH_FUZZY', 'COLLECTION_MATCH_FUZZY']",Atelopus
1078947998,"Atelopus chocoensis Lötters, 1992",Atelopus chocoensis,4.75134,-76.29539,Valle del Cauca,,PRESERVED_SPECIMEN,1996.0,aca3452a-0a90-431a-936c-8240ae367911,Colección de Anfibios y Reptiles Departamento de Biología Universidad del Valle,Universidad del Valle,UVC,2467.0,"['INSTITUTION_MATCH_FUZZY', 'COLLECTION_MATCH_FUZZY']",Atelopus
1315033635,"Atelopus sonsonensis Vélez-Rodriguez & Ruiz-Carranza, 1997",Atelopus sonsonensis,5.77406,-75.153,Antioquia,,PRESERVED_SPECIMEN,1996.0,b01bffc2-67b0-4441-806d-65c2cff690b5,,Universidad Nacional de Colombia (UNAL),ICN-MHN-Anf,800.0,"['INSTITUTION_MATCH_FUZZY', 'COLLECTION_MATCH_FUZZY']",Atelopus
1315033641,"Atelopus sonsonensis Vélez-Rodriguez & Ruiz-Carranza, 1997",Atelopus sonsonensis,5.77406,-75.153,Antioquia,,PRESERVED_SPECIMEN,1996.0,b01bffc2-67b0-4441-806d-65c2cff690b5,,Universidad Nacional de Colombia (UNAL),ICN-MHN-Anf,800.0,"['INSTITUTION_MATCH_FUZZY', 'COLLECTION_MATCH_FUZZY']",Atelopus
1315033655,"Atelopus sonsonensis Vélez-Rodriguez & Ruiz-Carranza, 1997",Atelopus sonsonensis,5.77406,-75.153,Antioquia,,PRESERVED_SPECIMEN,1996.0,b01bffc2-67b0-4441-806d-65c2cff690b5,,Universidad Nacional de Colombia (UNAL),ICN-MHN-Anf,800.0,"['INSTITUTION_MATCH_FUZZY', 'COLLECTION_MATCH_FUZZY']",Atelopus
1315033656,"Atelopus sonsonensis Vélez-Rodriguez & Ruiz-Carranza, 1997",Atelopus sonsonensis,5.77406,-75.153,Antioquia,,PRESERVED_SPECIMEN,1996.0,b01bffc2-67b0-4441-806d-65c2cff690b5,,Universidad Nacional de Colombia (UNAL),ICN-MHN-Anf,800.0,"['INSTITUTION_MATCH_FUZZY', 'COLLECTION_MATCH_FUZZY']",Atelopus
1315033658,"Atelopus sonsonensis Vélez-Rodriguez & Ruiz-Carranza, 1997",Atelopus sonsonensis,5.77406,-75.153,Antioquia,,PRESERVED_SPECIMEN,1996.0,b01bffc2-67b0-4441-806d-65c2cff690b5,,Universidad Nacional de Colombia (UNAL),ICN-MHN-Anf,800.0,"['INSTITUTION_MATCH_FUZZY', 'COLLECTION_MATCH_FUZZY']",Atelopus
1315033673,"Atelopus sonsonensis Vélez-Rodriguez & Ruiz-Carranza, 1997",Atelopus sonsonensis,5.77406,-75.153,Antioquia,,PRESERVED_SPECIMEN,1996.0,b01bffc2-67b0-4441-806d-65c2cff690b5,,Universidad Nacional de Colombia (UNAL),ICN-MHN-Anf,800.0,"['INSTITUTION_MATCH_FUZZY', 'COLLECTION_MATCH_FUZZY']",Atelopus
1315033675,"Atelopus sonsonensis Vélez-Rodriguez & Ruiz-Carranza, 1997",Atelopus sonsonensis,5.77406,-75.153,Antioquia,,PRESERVED_SPECIMEN,1996.0,b01bffc2-67b0-4441-806d-65c2cff690b5,,Universidad Nacional de Colombia (UNAL),ICN-MHN-Anf,800.0,"['INSTITUTION_MATCH_FUZZY', 'COLLECTION_MATCH_FUZZY']",Atelopus
1315033686,"Atelopus sonsonensis Vélez-Rodriguez & Ruiz-Carranza, 1997",Atelopus sonsonensis,5.77406,-75.153,Antioquia,,PRESERVED_SPECIMEN,1996.0,b01bffc2-67b0-4441-806d-65c2cff690b5,,Universidad Nacional de Colombia (UNAL),ICN-MHN-Anf,800.0,"['INSTITUTION_MATCH_FUZZY', 'COLLECTION_MATCH_FUZZY']",Atelopus
1315033687,"Atelopus sonsonensis Vélez-Rodriguez & Ruiz-Carranza, 1997",Atelopus sonsonensis,5.77406,-75.153,Antioquia,,PRESERVED_SPECIMEN,1996.0,b01bffc2-67b0-4441-806d-65c2cff690b5,,Universidad Nacional de Colombia (UNAL),ICN-MHN-Anf,800.0,"['INSTITUTION_MATCH_FUZZY', 'COLLECTION_MATCH_FUZZY']",Atelopus
1315033688,"Atelopus sonsonensis Vélez-Rodriguez & Ruiz-Carranza, 1997",Atelopus sonsonensis,5.77406,-75.153,Antioquia,,PRESERVED_SPECIMEN,1996.0,b01bffc2-67b0-4441-806d-65c2cff690b5,,Universidad Nacional de Colombia (UNAL),ICN-MHN-Anf,800.0,"['INSTITUTION_MATCH_FUZZY', 'COLLECTION_MATCH_FUZZY']",Atelopus
1315033690,"Atelopus sonsonensis Vélez-Rodriguez & Ruiz-Carranza, 1997",Atelopus sonsonensis,5.77275,-75.1666,Antioquia,,PRESERVED_SPECIMEN,1996.0,b01bffc2-67b0-4441-806d-65c2cff690b5,,Universidad Nacional de Colombia (UNAL),ICN-MHN-Anf,900.0,"['INSTITUTION_MATCH_FUZZY', 'COLLECTION_MATCH_FUZZY']",Atelopus
1315033691,"Atelopus sonsonensis Vélez-Rodriguez & Ruiz-Carranza, 1997",Atelopus sonsonensis,5.77406,-75.153,Antioquia,,PRESERVED_SPECIMEN,1996.0,b01bffc2-67b0-4441-806d-65c2cff690b5,,Universidad Nacional de Colombia (UNAL),ICN-MHN-Anf,800.0,"['INSTITUTION_MATCH_FUZZY', 'COLLECTION_MATCH_FUZZY']",Atelopus
1315033700,"Atelopus sonsonensis Vélez-Rodriguez & Ruiz-Carranza, 1997",Atelopus sonsonensis,5.77406,-75.153,Antioquia,,PRESERVED_SPECIMEN,1996.0,b01bffc2-67b0-4441-806d-65c2cff690b5,,Universidad Nacional de Colombia (UNAL),ICN-MHN-Anf,800.0,"['INSTITUTION_MATCH_FUZZY', 'COLLECTION_MATCH_FUZZY']",Atelopus
1315033710,"Atelopus sonsonensis Vélez-Rodriguez & Ruiz-Carranza, 1997",Atelopus sonsonensis,5.77406,-75.153,Antioquia,,PRESERVED_SPECIMEN,1996.0,b01bffc2-67b0-4441-806d-65c2cff690b5,,Universidad Nacional de Colombia (UNAL),ICN-MHN-Anf,800.0,"['INSTITUTION_MATCH_FUZZY', 'COLLECTION_MATCH_FUZZY']",Atelopus
1315033718,"Atelopus sonsonensis Vélez-Rodriguez & Ruiz-Carranza, 1997",Atelopus sonsonensis,5.77406,-75.153,Antioquia,,PRESERVED_SPECIMEN,1996.0,b01bffc2-67b0-4441-806d-65c2cff690b5,,Universidad Nacional de Colombia (UNAL),ICN-MHN-Anf,800.0,"['INSTITUTION_MATCH_FUZZY', 'COLLECTION_MATCH_FUZZY']",Atelopus
1315033729,"Atelopus sonsonensis Vélez-Rodriguez & Ruiz-Carranza, 1997",Atelopus sonsonensis,5.77406,-75.153,Antioquia,,PRESERVED_SPECIMEN,1996.0,b01bffc2-67b0-4441-806d-65c2cff690b5,,Universidad Nacional de Colombia (UNAL),ICN-MHN-Anf,800.0,"['INSTITUTION_MATCH_FUZZY', 'COLLECTION_MATCH_FUZZY']",Atelopus
1315033739,"Atelopus sonsonensis Vélez-Rodriguez & Ruiz-Carranza, 1997",Atelopus sonsonensis,5.77406,-75.153,Antioquia,,PRESERVED_SPECIMEN,1996.0,b01bffc2-67b0-4441-806d-65c2cff690b5,,Universidad Nacional de Colombia (UNAL),ICN-MHN-Anf,800.0,"['INSTITUTION_MATCH_FUZZY', 'COLLECTION_MATCH_FUZZY']",Atelopus
1315033749,"Atelopus sonsonensis Vélez-Rodriguez & Ruiz-Carranza, 1997",Atelopus sonsonensis,5.77406,-75.153,Antioquia,,PRESERVED_SPECIMEN,1996.0,b01bffc2-67b0-4441-806d-65c2cff690b5,,Universidad Nacional de Colombia (UNAL),ICN-MHN-Anf,800.0,"['INSTITUTION_MATCH_FUZZY', 'COLLECTION_MATCH_FUZZY']",Atelopus
1315033753,"Atelopus sonsonensis Vélez-Rodriguez & Ruiz-Carranza, 1997",Atelopus sonsonensis,5.77406,-75.153,Antioquia,,PRESERVED_SPECIMEN,1996.0,b01bffc2-67b0-4441-806d-65c2cff690b5,,Universidad Nacional de Colombia (UNAL),ICN-MHN-Anf,800.0,"['INSTITUTION_MATCH_FUZZY', 'COLLECTION_MATCH_FUZZY']",Atelopus
1078948091,"Atelopus eusebianus Rivero & Granados-Díaz, 1993",Atelopus eusebianus,3.44201,-76.08697,Valle del Cauca,,PRESERVED_SPECIMEN,1996.0,aca3452a-0a90-431a-936c-8240ae367911,Colección de Anfibios y Reptiles Departamento de Biología Universidad del Valle,Universidad del Valle,UVC,7035.0,"['INSTITUTION_MATCH_FUZZY', 'COLLECTION_MATCH_FUZZY']",Atelopus
2650652007,"Atelopus spurrelli Boulenger, 1914",Atelopus spurrelli,4.002271,-76.982563,Valle del Cauca,Bajo Calima,PRESERVED_SPECIMEN,1995.0,b25cc2e7-36aa-41ff-aa2a-441b12c6d423,,Pontificia Universidad Javeriana (PUJ),MPUJ-ANFB,42219.0,"['INSTITUTION_MATCH_FUZZY', 'COLLECTION_MATCH_FUZZY']",Atelopus
2640763196,"Atelopus Duméril & Bibron, 1841",,4.21251,-74.41464,Cundinamarca,,PRESERVED_SPECIMEN,1995.0,5f19459c-0da2-4d2a-8180-87a917410b07,Colección de ranas del Museo de La Salle,Universidad de La Salle (La Salle),MLS-ran,,"['INSTITUTION_MATCH_FUZZY', 'COLLECTION_MATCH_FUZZY']",Atelopus
1062297765,"Atelopus Duméril & Bibron, 1841",,6.098723,-73.217531,Santander,,PRESERVED_SPECIMEN,1995.0,c1316d40-133e-485a-aa5b-e62091ebfdf5,,Universidad Industrial de Santander (UIS),UIS-MHN-A,,"['INSTITUTION_MATCH_FUZZY', 'COLLECTION_MATCH_FUZZY']",Atelopus
1078948179,"Atelopus spurrelli Boulenger, 1914",Atelopus spurrelli,3.983336,-76.949966,Valle del Cauca,Bajo Calima,PRESERVED_SPECIMEN,1995.0,aca3452a-0a90-431a-936c-8240ae367911,Colección de Anfibios y Reptiles Departamento de Biología Universidad del Valle,Universidad del Valle,UVC,4250.0,"['INSTITUTION_MATCH_FUZZY', 'COLLECTION_MATCH_FUZZY']",Atelopus
1078948184,"Atelopus spurrelli Boulenger, 1914",Atelopus spurrelli,3.983336,-76.949966,Valle del Cauca,Bajo Calima,PRESERVED_SPECIMEN,1995.0,aca3452a-0a90-431a-936c-8240ae367911,Colección de Anfibios y Reptiles Departamento de Biología Universidad del Valle,Universidad del Valle,UVC,4250.0,"['INSTITUTION_MATCH_FUZZY', 'COLLECTION_MATCH_FUZZY']",Atelopus
1315033670,"Atelopus Duméril & Bibron, 1841",,10.906,-73.9766,Magdalena,,PRESERVED_SPECIMEN,1994.0,b01bffc2-67b0-4441-806d-65c2cff690b5,,Universidad Nacional de Colombia (UNAL),ICN-MHN-Anf,364.0,"['INSTITUTION_MATCH_FUZZY', 'COLLECTION_MATCH_FUZZY']",Atelopus
1315033684,"Atelopus Duméril & Bibron, 1841",,10.906,-73.9766,Magdalena,,PRESERVED_SPECIMEN,1994.0,b01bffc2-67b0-4441-806d-65c2cff690b5,,Universidad Nacional de Colombia (UNAL),ICN-MHN-Anf,364.0,"['INSTITUTION_MATCH_FUZZY', 'COLLECTION_MATCH_FUZZY']",Atelopus
1315033713,"Atelopus Duméril & Bibron, 1841",,10.906,-73.9766,Magdalena,,PRESERVED_SPECIMEN,1994.0,b01bffc2-67b0-4441-806d-65c2cff690b5,,Universidad Nacional de Colombia (UNAL),ICN-MHN-Anf,364.0,"['INSTITUTION_MATCH_FUZZY', 'COLLECTION_MATCH_FUZZY']",Atelopus
2640763522,"Atelopus Duméril & Bibron, 1841",,6.34875,-73.2099,Santander,,PRESERVED_SPECIMEN,1994.0,5f19459c-0da2-4d2a-8180-87a917410b07,Colección de ranas del Museo de La Salle,Universidad de La Salle (La Salle),MLS-ran,,"['INSTITUTION_MATCH_FUZZY', 'COLLECTION_MATCH_FUZZY']",Atelopus
1315033696,"Atelopus Duméril & Bibron, 1841",,11.1073,-74.0486,Magdalena,,PRESERVED_SPECIMEN,1994.0,b01bffc2-67b0-4441-806d-65c2cff690b5,,Universidad Nacional de Colombia (UNAL),ICN-MHN-Anf,2521.0,"['INSTITUTION_MATCH_FUZZY', 'COLLECTION_MATCH_FUZZY']",Atelopus
1315033857,"Atelopus laetissimus Ruiz-Carranza, Ardila-Robayo & Hernández-Camacho, 1994",Atelopus laetissimus,10.9004,-74.0007,Magdalena,,PRESERVED_SPECIMEN,1994.0,b01bffc2-67b0-4441-806d-65c2cff690b5,,Universidad Nacional de Colombia (UNAL),ICN-MHN-Anf,486.0,"['INSTITUTION_MATCH_FUZZY', 'COLLECTION_MATCH_FUZZY']",Atelopus
1315033860,"Atelopus laetissimus Ruiz-Carranza, Ardila-Robayo & Hernández-Camacho, 1994",Atelopus laetissimus,11.1073,-74.0486,Magdalena,,PRESERVED_SPECIMEN,1994.0,b01bffc2-67b0-4441-806d-65c2cff690b5,,Universidad Nacional de Colombia (UNAL),ICN-MHN-Anf,2521.0,"['INSTITUTION_MATCH_FUZZY', 'COLLECTION_MATCH_FUZZY']",Atelopus
1315033865,"Atelopus laetissimus Ruiz-Carranza, Ardila-Robayo & Hernández-Camacho, 1994",Atelopus laetissimus,11.1073,-74.0486,Magdalena,,PRESERVED_SPECIMEN,1994.0,b01bffc2-67b0-4441-806d-65c2cff690b5,,Universidad Nacional de Colombia (UNAL),ICN-MHN-Anf,2521.0,"['INSTITUTION_MATCH_FUZZY', 'COLLECTION_MATCH_FUZZY']",Atelopus
1315033880,"Atelopus laetissimus Ruiz-Carranza, Ardila-Robayo & Hernández-Camacho, 1994",Atelopus laetissimus,10.9004,-74.0007,Magdalena,,PRESERVED_SPECIMEN,1994.0,b01bffc2-67b0-4441-806d-65c2cff690b5,,Universidad Nacional de Colombia (UNAL),ICN-MHN-Anf,486.0,"['INSTITUTION_MATCH_FUZZY', 'COLLECTION_MATCH_FUZZY']",Atelopus
1315033886,"Atelopus laetissimus Ruiz-Carranza, Ardila-Robayo & Hernández-Camacho, 1994",Atelopus laetissimus,11.1073,-74.0486,Magdalena,,PRESERVED_SPECIMEN,1994.0,b01bffc2-67b0-4441-806d-65c2cff690b5,,Universidad Nacional de Colombia (UNAL),ICN-MHN-Anf,2521.0,"['INSTITUTION_MATCH_FUZZY', 'COLLECTION_MATCH_FUZZY']",Atelopus
1315033888,"Atelopus laetissimus Ruiz-Carranza, Ardila-Robayo & Hernández-Camacho, 1994",Atelopus laetissimus,11.1073,-74.0486,Magdalena,,PRESERVED_SPECIMEN,1994.0,b01bffc2-67b0-4441-806d-65c2cff690b5,,Universidad Nacional de Colombia (UNAL),ICN-MHN-Anf,2521.0,"['INSTITUTION_MATCH_FUZZY', 'COLLECTION_MATCH_FUZZY']",Atelopus
1315033893,"Atelopus laetissimus Ruiz-Carranza, Ardila-Robayo & Hernández-Camacho, 1994",Atelopus laetissimus,11.1073,-74.0486,Magdalena,,PRESERVED_SPECIMEN,1994.0,b01bffc2-67b0-4441-806d-65c2cff690b5,,Universidad Nacional de Colombia (UNAL),ICN-MHN-Anf,2521.0,"['INSTITUTION_MATCH_FUZZY', 'COLLECTION_MATCH_FUZZY']",Atelopus
1315033894,"Atelopus laetissimus Ruiz-Carranza, Ardila-Robayo & Hernández-Camacho, 1994",Atelopus laetissimus,10.9004,-74.0007,Magdalena,,PRESERVED_SPECIMEN,1994.0,b01bffc2-67b0-4441-806d-65c2cff690b5,,Universidad Nacional de Colombia (UNAL),ICN-MHN-Anf,486.0,"['INSTITUTION_MATCH_FUZZY', 'COLLECTION_MATCH_FUZZY']",Atelopus
1315033896,"Atelopus laetissimus Ruiz-Carranza, Ardila-Robayo & Hernández-Camacho, 1994",Atelopus laetissimus,11.1073,-74.0486,Magdalena,,PRESERVED_SPECIMEN,1994.0,b01bffc2-67b0-4441-806d-65c2cff690b5,,Universidad Nacional de Colombia (UNAL),ICN-MHN-Anf,2521.0,"['INSTITUTION_MATCH_FUZZY', 'COLLECTION_MATCH_FUZZY']",Atelopus
1315033900,"Atelopus laetissimus Ruiz-Carranza, Ardila-Robayo & Hernández-Camacho, 1994",Atelopus laetissimus,11.1073,-74.0486,Magdalena,,PRESERVED_SPECIMEN,1994.0,b01bffc2-67b0-4441-806d-65c2cff690b5,,Universidad Nacional de Colombia (UNAL),ICN-MHN-Anf,2521.0,"['INSTITUTION_MATCH_FUZZY', 'COLLECTION_MATCH_FUZZY']",Atelopus
1315033907,"Atelopus laetissimus Ruiz-Carranza, Ardila-Robayo & Hernández-Camacho, 1994",Atelopus laetissimus,11.1073,-74.0486,Magdalena,,PRESERVED_SPECIMEN,1994.0,b01bffc2-67b0-4441-806d-65c2cff690b5,,Universidad Nacional de Colombia (UNAL),ICN-MHN-Anf,2521.0,"['INSTITUTION_MATCH_FUZZY', 'COLLECTION_MATCH_FUZZY']",Atelopus
1315033909,"Atelopus laetissimus Ruiz-Carranza, Ardila-Robayo & Hernández-Camacho, 1994",Atelopus laetissimus,11.1073,-74.0486,Magdalena,,PRESERVED_SPECIMEN,1994.0,b01bffc2-67b0-4441-806d-65c2cff690b5,,Universidad Nacional de Colombia (UNAL),ICN-MHN-Anf,2521.0,"['INSTITUTION_MATCH_FUZZY', 'COLLECTION_MATCH_FUZZY']",Atelopus
1315033918,"Atelopus laetissimus Ruiz-Carranza, Ardila-Robayo & Hernández-Camacho, 1994",Atelopus laetissimus,10.9004,-74.0007,Magdalena,,PRESERVED_SPECIMEN,1994.0,b01bffc2-67b0-4441-806d-65c2cff690b5,,Universidad Nacional de Colombia (UNAL),ICN-MHN-Anf,486.0,"['INSTITUTION_MATCH_FUZZY', 'COLLECTION_MATCH_FUZZY']",Atelopus
1315033919,"Atelopus laetissimus Ruiz-Carranza, Ardila-Robayo & Hernández-Camacho, 1994",Atelopus laetissimus,11.1073,-74.0486,Magdalena,,PRESERVED_SPECIMEN,1994.0,b01bffc2-67b0-4441-806d-65c2cff690b5,,Universidad Nacional de Colombia (UNAL),ICN-MHN-Anf,2521.0,"['INSTITUTION_MATCH_FUZZY', 'COLLECTION_MATCH_FUZZY']",Atelopus
1315033921,"Atelopus laetissimus Ruiz-Carranza, Ardila-Robayo & Hernández-Camacho, 1994",Atelopus laetissimus,11.1073,-74.0486,Magdalena,,PRESERVED_SPECIMEN,1994.0,b01bffc2-67b0-4441-806d-65c2cff690b5,,Universidad Nacional de Colombia (UNAL),ICN-MHN-Anf,2521.0,"['INSTITUTION_MATCH_FUZZY', 'COLLECTION_MATCH_FUZZY']",Atelopus
1315033927,"Atelopus laetissimus Ruiz-Carranza, Ardila-Robayo & Hernández-Camacho, 1994",Atelopus laetissimus,10.9004,-74.0007,Magdalena,,PRESERVED_SPECIMEN,1994.0,b01bffc2-67b0-4441-806d-65c2cff690b5,,Universidad Nacional de Colombia (UNAL),ICN-MHN-Anf,486.0,"['INSTITUTION_MATCH_FUZZY', 'COLLECTION_MATCH_FUZZY']",Atelopus
1315033933,"Atelopus laetissimus Ruiz-Carranza, Ardila-Robayo & Hernández-Camacho, 1994",Atelopus laetissimus,10.9004,-74.0007,Magdalena,,PRESERVED_SPECIMEN,1994.0,b01bffc2-67b0-4441-806d-65c2cff690b5,,Universidad Nacional de Colombia (UNAL),ICN-MHN-Anf,486.0,"['INSTITUTION_MATCH_FUZZY', 'COLLECTION_MATCH_FUZZY']",Atelopus
1315033948,"Atelopus laetissimus Ruiz-Carranza, Ardila-Robayo & Hernández-Camacho, 1994",Atelopus laetissimus,11.1073,-74.0486,Magdalena,,PRESERVED_SPECIMEN,1994.0,b01bffc2-67b0-4441-806d-65c2cff690b5,,Universidad Nacional de Colombia (UNAL),ICN-MHN-Anf,2521.0,"['INSTITUTION_MATCH_FUZZY', 'COLLECTION_MATCH_FUZZY']",Atelopus
1315033950,"Atelopus laetissimus Ruiz-Carranza, Ardila-Robayo & Hernández-Camacho, 1994",Atelopus laetissimus,10.9004,-74.0007,Magdalena,,PRESERVED_SPECIMEN,1994.0,b01bffc2-67b0-4441-806d-65c2cff690b5,,Universidad Nacional de Colombia (UNAL),ICN-MHN-Anf,486.0,"['INSTITUTION_MATCH_FUZZY', 'COLLECTION_MATCH_FUZZY']",Atelopus
1315033959,"Atelopus laetissimus Ruiz-Carranza, Ardila-Robayo & Hernández-Camacho, 1994",Atelopus laetissimus,10.9004,-74.0007,Magdalena,,PRESERVED_SPECIMEN,1994.0,b01bffc2-67b0-4441-806d-65c2cff690b5,,Universidad Nacional de Colombia (UNAL),ICN-MHN-Anf,486.0,"['INSTITUTION_MATCH_FUZZY', 'COLLECTION_MATCH_FUZZY']",Atelopus
1315033960,"Atelopus laetissimus Ruiz-Carranza, Ardila-Robayo & Hernández-Camacho, 1994",Atelopus laetissimus,10.9004,-74.0007,Magdalena,,PRESERVED_SPECIMEN,1994.0,b01bffc2-67b0-4441-806d-65c2cff690b5,,Universidad Nacional de Colombia (UNAL),ICN-MHN-Anf,486.0,"['INSTITUTION_MATCH_FUZZY', 'COLLECTION_MATCH_FUZZY']",Atelopus
1315033967,"Atelopus laetissimus Ruiz-Carranza, Ardila-Robayo & Hernández-Camacho, 1994",Atelopus laetissimus,11.1073,-74.0486,Magdalena,,PRESERVED_SPECIMEN,1994.0,b01bffc2-67b0-4441-806d-65c2cff690b5,,Universidad Nacional de Colombia (UNAL),ICN-MHN-Anf,2521.0,"['INSTITUTION_MATCH_FUZZY', 'COLLECTION_MATCH_FUZZY']",Atelopus
1315033986,"Atelopus laetissimus Ruiz-Carranza, Ardila-Robayo & Hernández-Camacho, 1994",Atelopus laetissimus,11.1073,-74.0486,Magdalena,,PRESERVED_SPECIMEN,1994.0,b01bffc2-67b0-4441-806d-65c2cff690b5,,Universidad Nacional de Colombia (UNAL),ICN-MHN-Anf,2521.0,"['INSTITUTION_MATCH_FUZZY', 'COLLECTION_MATCH_FUZZY']",Atelopus
1315034004,"Atelopus nahumae Ruiz-Carranza, Ardila-Robayo & Hernández-Camacho, 1994",Atelopus nahumae,10.8901,-74.0098,Magdalena,,PRESERVED_SPECIMEN,1994.0,b01bffc2-67b0-4441-806d-65c2cff690b5,,Universidad Nacional de Colombia (UNAL),ICN-MHN-Anf,1083.0,"['INSTITUTION_MATCH_FUZZY', 'COLLECTION_MATCH_FUZZY']",Atelopus
1315034025,"Atelopus nahumae Ruiz-Carranza, Ardila-Robayo & Hernández-Camacho, 1994",Atelopus nahumae,10.8901,-74.0098,Magdalena,,PRESERVED_SPECIMEN,1994.0,b01bffc2-67b0-4441-806d-65c2cff690b5,,Universidad Nacional de Colombia (UNAL),ICN-MHN-Anf,1083.0,"['INSTITUTION_MATCH_FUZZY', 'COLLECTION_MATCH_FUZZY']",Atelopus
1315034038,"Atelopus nahumae Ruiz-Carranza, Ardila-Robayo & Hernández-Camacho, 1994",Atelopus nahumae,11.1073,-74.0486,Magdalena,,PRESERVED_SPECIMEN,1994.0,b01bffc2-67b0-4441-806d-65c2cff690b5,,Universidad Nacional de Colombia (UNAL),ICN-MHN-Anf,2521.0,"['INSTITUTION_MATCH_FUZZY', 'COLLECTION_MATCH_FUZZY']",Atelopus
1315034046,"Atelopus nahumae Ruiz-Carranza, Ardila-Robayo & Hernández-Camacho, 1994",Atelopus nahumae,10.8901,-74.0098,Magdalena,,PRESERVED_SPECIMEN,1994.0,b01bffc2-67b0-4441-806d-65c2cff690b5,,Universidad Nacional de Colombia (UNAL),ICN-MHN-Anf,1083.0,"['INSTITUTION_MATCH_FUZZY', 'COLLECTION_MATCH_FUZZY']",Atelopus
1315034050,"Atelopus nahumae Ruiz-Carranza, Ardila-Robayo & Hernández-Camacho, 1994",Atelopus nahumae,10.8901,-74.0098,Magdalena,,PRESERVED_SPECIMEN,1994.0,b01bffc2-67b0-4441-806d-65c2cff690b5,,Universidad Nacional de Colombia (UNAL),ICN-MHN-Anf,1083.0,"['INSTITUTION_MATCH_FUZZY', 'COLLECTION_MATCH_FUZZY']",Atelopus
1315034052,"Atelopus nahumae Ruiz-Carranza, Ardila-Robayo & Hernández-Camacho, 1994",Atelopus nahumae,11.1073,-74.0486,Magdalena,,PRESERVED_SPECIMEN,1994.0,b01bffc2-67b0-4441-806d-65c2cff690b5,,Universidad Nacional de Colombia (UNAL),ICN-MHN-Anf,2521.0,"['INSTITUTION_MATCH_FUZZY', 'COLLECTION_MATCH_FUZZY']",Atelopus
1315034057,"Atelopus nahumae Ruiz-Carranza, Ardila-Robayo & Hernández-Camacho, 1994",Atelopus nahumae,10.8901,-74.0098,Magdalena,,PRESERVED_SPECIMEN,1994.0,b01bffc2-67b0-4441-806d-65c2cff690b5,,Universidad Nacional de Colombia (UNAL),ICN-MHN-Anf,1083.0,"['INSTITUTION_MATCH_FUZZY', 'COLLECTION_MATCH_FUZZY']",Atelopus
1315034058,"Atelopus nahumae Ruiz-Carranza, Ardila-Robayo & Hernández-Camacho, 1994",Atelopus nahumae,10.8901,-74.0098,Magdalena,,PRESERVED_SPECIMEN,1994.0,b01bffc2-67b0-4441-806d-65c2cff690b5,,Universidad Nacional de Colombia (UNAL),ICN-MHN-Anf,1083.0,"['INSTITUTION_MATCH_FUZZY', 'COLLECTION_MATCH_FUZZY']",Atelopus
1315034070,"Atelopus nahumae Ruiz-Carranza, Ardila-Robayo & Hernández-Camacho, 1994",Atelopus nahumae,10.8901,-74.0098,Magdalena,,PRESERVED_SPECIMEN,1994.0,b01bffc2-67b0-4441-806d-65c2cff690b5,,Universidad Nacional de Colombia (UNAL),ICN-MHN-Anf,1083.0,"['INSTITUTION_MATCH_FUZZY', 'COLLECTION_MATCH_FUZZY']",Atelopus
1315034084,"Atelopus nahumae Ruiz-Carranza, Ardila-Robayo & Hernández-Camacho, 1994",Atelopus nahumae,11.1073,-74.0486,Magdalena,,PRESERVED_SPECIMEN,1994.0,b01bffc2-67b0-4441-806d-65c2cff690b5,,Universidad Nacional de Colombia (UNAL),ICN-MHN-Anf,2521.0,"['INSTITUTION_MATCH_FUZZY', 'COLLECTION_MATCH_FUZZY']",Atelopus
1315034100,"Atelopus nahumae Ruiz-Carranza, Ardila-Robayo & Hernández-Camacho, 1994",Atelopus nahumae,10.8901,-74.0098,Magdalena,,PRESERVED_SPECIMEN,1994.0,b01bffc2-67b0-4441-806d-65c2cff690b5,,Universidad Nacional de Colombia (UNAL),ICN-MHN-Anf,1083.0,"['INSTITUTION_MATCH_FUZZY', 'COLLECTION_MATCH_FUZZY']",Atelopus
1315034104,"Atelopus nahumae Ruiz-Carranza, Ardila-Robayo & Hernández-Camacho, 1994",Atelopus nahumae,11.1073,-74.0486,Magdalena,,PRESERVED_SPECIMEN,1994.0,b01bffc2-67b0-4441-806d-65c2cff690b5,,Universidad Nacional de Colombia (UNAL),ICN-MHN-Anf,2521.0,"['INSTITUTION_MATCH_FUZZY', 'COLLECTION_MATCH_FUZZY']",Atelopus
1315034109,"Atelopus nahumae Ruiz-Carranza, Ardila-Robayo & Hernández-Camacho, 1994",Atelopus nahumae,10.8901,-74.0098,Magdalena,,PRESERVED_SPECIMEN,1994.0,b01bffc2-67b0-4441-806d-65c2cff690b5,,Universidad Nacional de Colombia (UNAL),ICN-MHN-Anf,1083.0,"['INSTITUTION_MATCH_FUZZY', 'COLLECTION_MATCH_FUZZY']",Atelopus
1315034125,"Atelopus nahumae Ruiz-Carranza, Ardila-Robayo & Hernández-Camacho, 1994",Atelopus nahumae,10.8901,-74.0098,Magdalena,,PRESERVED_SPECIMEN,1994.0,b01bffc2-67b0-4441-806d-65c2cff690b5,,Universidad Nacional de Colombia (UNAL),ICN-MHN-Anf,1083.0,"['INSTITUTION_MATCH_FUZZY', 'COLLECTION_MATCH_FUZZY']",Atelopus
1078948192,"Atelopus spurrelli Boulenger, 1914",Atelopus spurrelli,3.983336,-76.949966,Valle del Cauca,Bajo Calima,PRESERVED_SPECIMEN,1994.0,aca3452a-0a90-431a-936c-8240ae367911,Colección de Anfibios y Reptiles Departamento de Biología Universidad del Valle,Universidad del Valle,UVC,4250.0,"['INSTITUTION_MATCH_FUZZY', 'COLLECTION_MATCH_FUZZY']",Atelopus
1315033705,"Atelopus Duméril & Bibron, 1841",,5.50446,-75.1784,Caldas,,PRESERVED_SPECIMEN,1994.0,b01bffc2-67b0-4441-806d-65c2cff690b5,,Universidad Nacional de Colombia (UNAL),ICN-MHN-Anf,1283.0,"['INSTITUTION_MATCH_FUZZY', 'COLLECTION_MATCH_FUZZY']",Atelopus
1315033738,"Atelopus Duméril & Bibron, 1841",,5.50446,-75.1784,Caldas,,PRESERVED_SPECIMEN,1994.0,b01bffc2-67b0-4441-806d-65c2cff690b5,,Universidad Nacional de Colombia (UNAL),ICN-MHN-Anf,1283.0,"['INSTITUTION_MATCH_FUZZY', 'COLLECTION_MATCH_FUZZY']",Atelopus
2239582392,"Atelopus Duméril & Bibron, 1841",,5.50222,-75.12583,Caldas,,PRESERVED_SPECIMEN,1994.0,7b11366b-e966-4b74-b414-0313bdf358fe,Colección de vertebrados e invertebrados,Universidad de Caldas (UCaldas),MHN-UCa,2554.0,['INSTITUTION_MATCH_FUZZY'],Atelopus
2239582516,"Atelopus Duméril & Bibron, 1841",,5.50222,-75.12583,Caldas,,PRESERVED_SPECIMEN,1994.0,7b11366b-e966-4b74-b414-0313bdf358fe,Colección de vertebrados e invertebrados,Universidad de Caldas (UCaldas),MHN-UCa,2554.0,['INSTITUTION_MATCH_FUZZY'],Atelopus
2640763095,"Atelopus eusebianus Rivero & Granados-Díaz, 1993",Atelopus eusebianus,2.50518,-76.39254,Cauca,,PRESERVED_SPECIMEN,1993.0,5f19459c-0da2-4d2a-8180-87a917410b07,Colección de ranas del Museo de La Salle,Universidad de La Salle (La Salle),MLS-ran,,"['INSTITUTION_MATCH_FUZZY', 'COLLECTION_MATCH_FUZZY']",Atelopus
2640763096,"Atelopus eusebianus Rivero & Granados-Díaz, 1993",Atelopus eusebianus,2.50518,-76.39254,Cauca,,PRESERVED_SPECIMEN,1993.0,5f19459c-0da2-4d2a-8180-87a917410b07,Colección de ranas del Museo de La Salle,Universidad de La Salle (La Salle),MLS-ran,,"['INSTITUTION_MATCH_FUZZY', 'COLLECTION_MATCH_FUZZY']",Atelopus
2650651329,"Atelopus Duméril & Bibron, 1841",,4.583333,-73.666667,Cundinamarca,,PRESERVED_SPECIMEN,1993.0,b25cc2e7-36aa-41ff-aa2a-441b12c6d423,,Pontificia Universidad Javeriana (PUJ),MPUJ-ANFB,1530.0,"['COORDINATE_ROUNDED', 'INSTITUTION_MATCH_FUZZY', 'COLLECTION_MATCH_FUZZY']",Atelopus
1315035070,"Atelopus ebenoides Rivero, 1963",Atelopus ebenoides,5.6879,-72.8097,Boyacá,,PRESERVED_SPECIMEN,1993.0,b01bffc2-67b0-4441-806d-65c2cff690b5,,Universidad Nacional de Colombia (UNAL),ICN-MHN-Anf,1142.0,"['INSTITUTION_MATCH_FUZZY', 'COLLECTION_MATCH_FUZZY']",Atelopus
1315033728,"Atelopus Duméril & Bibron, 1841",,4.58601,-73.6638,Cundinamarca,,PRESERVED_SPECIMEN,1993.0,b01bffc2-67b0-4441-806d-65c2cff690b5,,Universidad Nacional de Colombia (UNAL),ICN-MHN-Anf,300.0,"['INSTITUTION_MATCH_FUZZY', 'COLLECTION_MATCH_FUZZY']",Atelopus
1315033930,"Atelopus mandingues Osorno-Muñoz, Ardila-Robayo & Ruiz-Carranza, 2001",Atelopus mandingues,4.59148,-73.6652,Cundinamarca,,PRESERVED_SPECIMEN,1993.0,b01bffc2-67b0-4441-806d-65c2cff690b5,,Universidad Nacional de Colombia (UNAL),ICN-MHN-Anf,478.0,"['INSTITUTION_MATCH_FUZZY', 'COLLECTION_MATCH_FUZZY']",Atelopus
1315033983,"Atelopus mandingues Osorno-Muñoz, Ardila-Robayo & Ruiz-Carranza, 2001",Atelopus mandingues,4.59148,-73.6652,Cundinamarca,,PRESERVED_SPECIMEN,1993.0,b01bffc2-67b0-4441-806d-65c2cff690b5,,Universidad Nacional de Colombia (UNAL),ICN-MHN-Anf,478.0,"['INSTITUTION_MATCH_FUZZY', 'COLLECTION_MATCH_FUZZY']",Atelopus
1315034008,"Atelopus mandingues Osorno-Muñoz, Ardila-Robayo & Ruiz-Carranza, 2001",Atelopus mandingues,4.59148,-73.6652,Cundinamarca,,PRESERVED_SPECIMEN,1993.0,b01bffc2-67b0-4441-806d-65c2cff690b5,,Universidad Nacional de Colombia (UNAL),ICN-MHN-Anf,478.0,"['INSTITUTION_MATCH_FUZZY', 'COLLECTION_MATCH_FUZZY']",Atelopus
1315034030,"Atelopus muisca Rueda-Almonacid & Hoyos, 1992",Atelopus muisca,4.5802,-73.6833,Cundinamarca,,PRESERVED_SPECIMEN,1993.0,b01bffc2-67b0-4441-806d-65c2cff690b5,,Universidad Nacional de Colombia (UNAL),ICN-MHN-Anf,300.0,"['INSTITUTION_MATCH_FUZZY', 'COLLECTION_MATCH_FUZZY']",Atelopus
777271785,"Atelopus sanjosei Rivero & Serna, 1989",Atelopus sanjosei,6.911944,-75.078333,Antioquia,,PRESERVED_SPECIMEN,1993.0,cc28549b-467f-448c-875e-881ca507aba8,,Universidad de Antioquia (UdeA),MHUA-A,,"['INSTITUTION_MATCH_FUZZY', 'COLLECTION_MATCH_FUZZY']",Atelopus
777271787,"Atelopus sanjosei Rivero & Serna, 1989",Atelopus sanjosei,6.911944,-75.078333,Antioquia,,PRESERVED_SPECIMEN,1993.0,cc28549b-467f-448c-875e-881ca507aba8,,Universidad de Antioquia (UdeA),MHUA-A,,"['INSTITUTION_MATCH_FUZZY', 'COLLECTION_MATCH_FUZZY']",Atelopus
2650651186,"Atelopus quimbaya Ruiz-Carranza & Osorno-Muñoz, 1994",Atelopus quimbaya,4.735167,-75.579131,Risaralda,,PRESERVED_SPECIMEN,1992.0,b25cc2e7-36aa-41ff-aa2a-441b12c6d423,,Pontificia Universidad Javeriana (PUJ),MPUJ-ANFB,240.0,"['INSTITUTION_MATCH_FUZZY', 'COLLECTION_MATCH_FUZZY']",Atelopus
1315033730,"Atelopus spurrelli Boulenger, 1914",Atelopus spurrelli,6.26187,-77.3714,Chocó,,PRESERVED_SPECIMEN,1992.0,b01bffc2-67b0-4441-806d-65c2cff690b5,,Universidad Nacional de Colombia (UNAL),ICN-MHN-Anf,1578.0,"['INSTITUTION_MATCH_FUZZY', 'COLLECTION_MATCH_FUZZY']",Atelopus
1315033735,"Atelopus spurrelli Boulenger, 1914",Atelopus spurrelli,6.26187,-77.3714,Chocó,,PRESERVED_SPECIMEN,1992.0,b01bffc2-67b0-4441-806d-65c2cff690b5,,Universidad Nacional de Colombia (UNAL),ICN-MHN-Anf,1578.0,"['INSTITUTION_MATCH_FUZZY', 'COLLECTION_MATCH_FUZZY']",Atelopus
1315033743,"Atelopus spurrelli Boulenger, 1914",Atelopus spurrelli,6.26187,-77.3714,Chocó,,PRESERVED_SPECIMEN,1992.0,b01bffc2-67b0-4441-806d-65c2cff690b5,,Universidad Nacional de Colombia (UNAL),ICN-MHN-Anf,1578.0,"['INSTITUTION_MATCH_FUZZY', 'COLLECTION_MATCH_FUZZY']",Atelopus
1315033751,"Atelopus spurrelli Boulenger, 1914",Atelopus spurrelli,6.26187,-77.3714,Chocó,,PRESERVED_SPECIMEN,1992.0,b01bffc2-67b0-4441-806d-65c2cff690b5,,Universidad Nacional de Colombia (UNAL),ICN-MHN-Anf,1578.0,"['INSTITUTION_MATCH_FUZZY', 'COLLECTION_MATCH_FUZZY']",Atelopus
1315033763,"Atelopus spurrelli Boulenger, 1914",Atelopus spurrelli,6.26187,-77.3714,Chocó,,PRESERVED_SPECIMEN,1992.0,b01bffc2-67b0-4441-806d-65c2cff690b5,,Universidad Nacional de Colombia (UNAL),ICN-MHN-Anf,1578.0,"['INSTITUTION_MATCH_FUZZY', 'COLLECTION_MATCH_FUZZY']",Atelopus
1315033799,"Atelopus spurrelli Boulenger, 1914",Atelopus spurrelli,6.26187,-77.3714,Chocó,,PRESERVED_SPECIMEN,1992.0,b01bffc2-67b0-4441-806d-65c2cff690b5,,Universidad Nacional de Colombia (UNAL),ICN-MHN-Anf,1578.0,"['INSTITUTION_MATCH_FUZZY', 'COLLECTION_MATCH_FUZZY']",Atelopus
1315033828,"Atelopus spurrelli Boulenger, 1914",Atelopus spurrelli,6.26187,-77.3714,Chocó,,PRESERVED_SPECIMEN,1992.0,b01bffc2-67b0-4441-806d-65c2cff690b5,,Universidad Nacional de Colombia (UNAL),ICN-MHN-Anf,1578.0,"['INSTITUTION_MATCH_FUZZY', 'COLLECTION_MATCH_FUZZY']",Atelopus
1315033892,"Atelopus laetissimus Ruiz-Carranza, Ardila-Robayo & Hernández-Camacho, 1994",Atelopus laetissimus,10.923,-73.9455,Magdalena,,PRESERVED_SPECIMEN,1992.0,b01bffc2-67b0-4441-806d-65c2cff690b5,,Universidad Nacional de Colombia (UNAL),ICN-MHN-Anf,1685.0,"['INSTITUTION_MATCH_FUZZY', 'COLLECTION_MATCH_FUZZY']",Atelopus
1315033908,"Atelopus leoperezii Ruiz-Carranza, Ardila-Robayo & Hernández-Camacho, 1994",Atelopus carrikeri,10.9075,-73.9263,Magdalena,,PRESERVED_SPECIMEN,1992.0,b01bffc2-67b0-4441-806d-65c2cff690b5,,Universidad Nacional de Colombia (UNAL),ICN-MHN-Anf,2543.0,"['INSTITUTION_MATCH_FUZZY', 'COLLECTION_MATCH_FUZZY']",Atelopus
1315033915,"Atelopus laetissimus Ruiz-Carranza, Ardila-Robayo & Hernández-Camacho, 1994",Atelopus laetissimus,10.923,-73.9455,Magdalena,,PRESERVED_SPECIMEN,1992.0,b01bffc2-67b0-4441-806d-65c2cff690b5,,Universidad Nacional de Colombia (UNAL),ICN-MHN-Anf,1685.0,"['INSTITUTION_MATCH_FUZZY', 'COLLECTION_MATCH_FUZZY']",Atelopus
1315033940,"Atelopus leoperezii Ruiz-Carranza, Ardila-Robayo & Hernández-Camacho, 1994",Atelopus carrikeri,10.9075,-73.9263,Magdalena,,PRESERVED_SPECIMEN,1992.0,b01bffc2-67b0-4441-806d-65c2cff690b5,,Universidad Nacional de Colombia (UNAL),ICN-MHN-Anf,2543.0,"['INSTITUTION_MATCH_FUZZY', 'COLLECTION_MATCH_FUZZY']",Atelopus
1315033945,"Atelopus leoperezii Ruiz-Carranza, Ardila-Robayo & Hernández-Camacho, 1994",Atelopus carrikeri,10.9114,-73.9191,Magdalena,,PRESERVED_SPECIMEN,1992.0,b01bffc2-67b0-4441-806d-65c2cff690b5,,Universidad Nacional de Colombia (UNAL),ICN-MHN-Anf,2643.0,"['INSTITUTION_MATCH_FUZZY', 'COLLECTION_MATCH_FUZZY']",Atelopus
1315033953,"Atelopus leoperezii Ruiz-Carranza, Ardila-Robayo & Hernández-Camacho, 1994",Atelopus carrikeri,10.9075,-73.9263,Magdalena,,PRESERVED_SPECIMEN,1992.0,b01bffc2-67b0-4441-806d-65c2cff690b5,,Universidad Nacional de Colombia (UNAL),ICN-MHN-Anf,2543.0,"['INSTITUTION_MATCH_FUZZY', 'COLLECTION_MATCH_FUZZY']",Atelopus
1315034042,"Atelopus nahumae Ruiz-Carranza, Ardila-Robayo & Hernández-Camacho, 1994",Atelopus nahumae,10.9151,-73.9406,Magdalena,,PRESERVED_SPECIMEN,1992.0,b01bffc2-67b0-4441-806d-65c2cff690b5,,Universidad Nacional de Colombia (UNAL),ICN-MHN-Anf,2563.0,"['INSTITUTION_MATCH_FUZZY', 'COLLECTION_MATCH_FUZZY']",Atelopus
4912433197,"Atelopus eusebianus Rivero & Granados-Díaz, 1993",Atelopus eusebianus,2.6,-76.28333,Valle del Cauca,,MATERIAL_SAMPLE,1992.0,7b20c426-defe-45ff-82a2-bb00141e1e8f,Bioweb,QCAZ,QCAZA,,"['CONTINENT_INVALID', 'CONTINENT_DERIVED_FROM_COORDINATES', 'TAXON_ID_NOT_FOUND']",Atelopus
4912433619,"Atelopus eusebianus Rivero & Granados-Díaz, 1993",Atelopus eusebianus,2.6,-76.28333,Valle del Cauca,,MATERIAL_SAMPLE,1992.0,7b20c426-defe-45ff-82a2-bb00141e1e8f,Bioweb,QCAZ,QCAZA,,"['CONTINENT_INVALID', 'CONTINENT_DERIVED_FROM_COORDINATES', 'TAXON_ID_NOT_FOUND']",Atelopus
4912433620,"Atelopus eusebianus Rivero & Granados-Díaz, 1993",Atelopus eusebianus,2.6,-76.28333,Valle del Cauca,,MATERIAL_SAMPLE,1992.0,7b20c426-defe-45ff-82a2-bb00141e1e8f,Bioweb,QCAZ,QCAZA,,"['CONTINENT_INVALID', 'CONTINENT_DERIVED_FROM_COORDINATES', 'TAXON_ID_NOT_FOUND']",Atelopus
4912433623,"Atelopus eusebianus Rivero & Granados-Díaz, 1993",Atelopus eusebianus,2.6,-76.28333,Valle del Cauca,,MATERIAL_SAMPLE,1992.0,7b20c426-defe-45ff-82a2-bb00141e1e8f,Bioweb,QCAZ,QCAZA,,"['CONTINENT_INVALID', 'CONTINENT_DERIVED_FROM_COORDINATES', 'TAXON_ID_NOT_FOUND']",Atelopus
4912433624,"Atelopus eusebianus Rivero & Granados-Díaz, 1993",Atelopus eusebianus,2.6,-76.28333,Valle del Cauca,,MATERIAL_SAMPLE,1992.0,7b20c426-defe-45ff-82a2-bb00141e1e8f,Bioweb,QCAZ,QCAZA,,"['CONTINENT_INVALID', 'CONTINENT_DERIVED_FROM_COORDINATES', 'TAXON_ID_NOT_FOUND']",Atelopus
4912433625,"Atelopus eusebianus Rivero & Granados-Díaz, 1993",Atelopus eusebianus,2.6,-76.28333,Valle del Cauca,,MATERIAL_SAMPLE,1992.0,7b20c426-defe-45ff-82a2-bb00141e1e8f,Bioweb,QCAZ,QCAZA,,"['CONTINENT_INVALID', 'CONTINENT_DERIVED_FROM_COORDINATES', 'TAXON_ID_NOT_FOUND']",Atelopus
4912433656,"Atelopus eusebianus Rivero & Granados-Díaz, 1993",Atelopus eusebianus,2.6,-76.28333,Valle del Cauca,,MATERIAL_SAMPLE,1992.0,7b20c426-defe-45ff-82a2-bb00141e1e8f,Bioweb,QCAZ,QCAZA,,"['CONTINENT_INVALID', 'CONTINENT_DERIVED_FROM_COORDINATES', 'TAXON_ID_NOT_FOUND']",Atelopus
4912433657,"Atelopus eusebianus Rivero & Granados-Díaz, 1993",Atelopus eusebianus,2.6,-76.28333,Valle del Cauca,,MATERIAL_SAMPLE,1992.0,7b20c426-defe-45ff-82a2-bb00141e1e8f,Bioweb,QCAZ,QCAZA,,"['CONTINENT_INVALID', 'CONTINENT_DERIVED_FROM_COORDINATES', 'TAXON_ID_NOT_FOUND']",Atelopus
4912433658,"Atelopus eusebianus Rivero & Granados-Díaz, 1993",Atelopus eusebianus,2.6,-76.28333,Valle del Cauca,,MATERIAL_SAMPLE,1992.0,7b20c426-defe-45ff-82a2-bb00141e1e8f,Bioweb,QCAZ,QCAZA,,"['CONTINENT_INVALID', 'CONTINENT_DERIVED_FROM_COORDINATES', 'TAXON_ID_NOT_FOUND']",Atelopus
4912433659,"Atelopus eusebianus Rivero & Granados-Díaz, 1993",Atelopus eusebianus,2.6,-76.28333,Valle del Cauca,,MATERIAL_SAMPLE,1992.0,7b20c426-defe-45ff-82a2-bb00141e1e8f,Bioweb,QCAZ,QCAZA,,"['CONTINENT_INVALID', 'CONTINENT_DERIVED_FROM_COORDINATES', 'TAXON_ID_NOT_FOUND']",Atelopus
4912433660,"Atelopus eusebianus Rivero & Granados-Díaz, 1993",Atelopus eusebianus,2.6,-76.28333,Valle del Cauca,,MATERIAL_SAMPLE,1992.0,7b20c426-defe-45ff-82a2-bb00141e1e8f,Bioweb,QCAZ,QCAZA,,"['CONTINENT_INVALID', 'CONTINENT_DERIVED_FROM_COORDINATES', 'TAXON_ID_NOT_FOUND']",Atelopus
4912433661,"Atelopus eusebianus Rivero & Granados-Díaz, 1993",Atelopus eusebianus,2.6,-76.28333,Valle del Cauca,,MATERIAL_SAMPLE,1992.0,7b20c426-defe-45ff-82a2-bb00141e1e8f,Bioweb,QCAZ,QCAZA,,"['CONTINENT_INVALID', 'CONTINENT_DERIVED_FROM_COORDINATES', 'TAXON_ID_NOT_FOUND']",Atelopus
4912433662,"Atelopus eusebianus Rivero & Granados-Díaz, 1993",Atelopus eusebianus,2.6,-76.28333,Valle del Cauca,,MATERIAL_SAMPLE,1992.0,7b20c426-defe-45ff-82a2-bb00141e1e8f,Bioweb,QCAZ,QCAZA,,"['CONTINENT_INVALID', 'CONTINENT_DERIVED_FROM_COORDINATES', 'TAXON_ID_NOT_FOUND']",Atelopus
4912433663,"Atelopus eusebianus Rivero & Granados-Díaz, 1993",Atelopus eusebianus,2.6,-76.28333,Valle del Cauca,,MATERIAL_SAMPLE,1992.0,7b20c426-defe-45ff-82a2-bb00141e1e8f,Bioweb,QCAZ,QCAZA,,"['CONTINENT_INVALID', 'CONTINENT_DERIVED_FROM_COORDINATES', 'TAXON_ID_NOT_FOUND']",Atelopus
4912433664,"Atelopus eusebianus Rivero & Granados-Díaz, 1993",Atelopus eusebianus,2.6,-76.28333,Valle del Cauca,,MATERIAL_SAMPLE,1992.0,7b20c426-defe-45ff-82a2-bb00141e1e8f,Bioweb,QCAZ,QCAZA,,"['CONTINENT_INVALID', 'CONTINENT_DERIVED_FROM_COORDINATES', 'TAXON_ID_NOT_FOUND']",Atelopus
4912433665,"Atelopus eusebianus Rivero & Granados-Díaz, 1993",Atelopus eusebianus,2.6,-76.28333,Valle del Cauca,,MATERIAL_SAMPLE,1992.0,7b20c426-defe-45ff-82a2-bb00141e1e8f,Bioweb,QCAZ,QCAZA,,"['CONTINENT_INVALID', 'CONTINENT_DERIVED_FROM_COORDINATES', 'TAXON_ID_NOT_FOUND']",Atelopus
4912433676,"Atelopus eusebianus Rivero & Granados-Díaz, 1993",Atelopus eusebianus,2.6,-76.28333,Valle del Cauca,,MATERIAL_SAMPLE,1992.0,7b20c426-defe-45ff-82a2-bb00141e1e8f,Bioweb,QCAZ,QCAZA,,"['CONTINENT_INVALID', 'CONTINENT_DERIVED_FROM_COORDINATES', 'TAXON_ID_NOT_FOUND']",Atelopus
4912433677,"Atelopus eusebianus Rivero & Granados-Díaz, 1993",Atelopus eusebianus,2.6,-76.28333,Valle del Cauca,,MATERIAL_SAMPLE,1992.0,7b20c426-defe-45ff-82a2-bb00141e1e8f,Bioweb,QCAZ,QCAZA,,"['CONTINENT_INVALID', 'CONTINENT_DERIVED_FROM_COORDINATES', 'TAXON_ID_NOT_FOUND']",Atelopus
4912433678,"Atelopus eusebianus Rivero & Granados-Díaz, 1993",Atelopus eusebianus,2.6,-76.28333,Valle del Cauca,,MATERIAL_SAMPLE,1992.0,7b20c426-defe-45ff-82a2-bb00141e1e8f,Bioweb,QCAZ,QCAZA,,"['CONTINENT_INVALID', 'CONTINENT_DERIVED_FROM_COORDINATES', 'TAXON_ID_NOT_FOUND']",Atelopus
4912433679,"Atelopus eusebianus Rivero & Granados-Díaz, 1993",Atelopus eusebianus,2.6,-76.28333,Valle del Cauca,,MATERIAL_SAMPLE,1992.0,7b20c426-defe-45ff-82a2-bb00141e1e8f,Bioweb,QCAZ,QCAZA,,"['CONTINENT_INVALID', 'CONTINENT_DERIVED_FROM_COORDINATES', 'TAXON_ID_NOT_FOUND']",Atelopus
4912433680,"Atelopus eusebianus Rivero & Granados-Díaz, 1993",Atelopus eusebianus,2.6,-76.28333,Valle del Cauca,,MATERIAL_SAMPLE,1992.0,7b20c426-defe-45ff-82a2-bb00141e1e8f,Bioweb,QCAZ,QCAZA,,"['CONTINENT_INVALID', 'CONTINENT_DERIVED_FROM_COORDINATES', 'TAXON_ID_NOT_FOUND']",Atelopus
4912433681,"Atelopus eusebianus Rivero & Granados-Díaz, 1993",Atelopus eusebianus,2.6,-76.28333,Valle del Cauca,,MATERIAL_SAMPLE,1992.0,7b20c426-defe-45ff-82a2-bb00141e1e8f,Bioweb,QCAZ,QCAZA,,"['CONTINENT_INVALID', 'CONTINENT_DERIVED_FROM_COORDINATES', 'TAXON_ID_NOT_FOUND']",Atelopus
4912433682,"Atelopus eusebianus Rivero & Granados-Díaz, 1993",Atelopus eusebianus,2.6,-76.28333,Valle del Cauca,,MATERIAL_SAMPLE,1992.0,7b20c426-defe-45ff-82a2-bb00141e1e8f,Bioweb,QCAZ,QCAZA,,"['CONTINENT_INVALID', 'CONTINENT_DERIVED_FROM_COORDINATES', 'TAXON_ID_NOT_FOUND']",Atelopus
4912433683,"Atelopus eusebianus Rivero & Granados-Díaz, 1993",Atelopus eusebianus,2.6,-76.28333,Valle del Cauca,,MATERIAL_SAMPLE,1992.0,7b20c426-defe-45ff-82a2-bb00141e1e8f,Bioweb,QCAZ,QCAZA,,"['CONTINENT_INVALID', 'CONTINENT_DERIVED_FROM_COORDINATES', 'TAXON_ID_NOT_FOUND']",Atelopus
4912433684,"Atelopus eusebianus Rivero & Granados-Díaz, 1993",Atelopus eusebianus,2.6,-76.28333,Valle del Cauca,,MATERIAL_SAMPLE,1992.0,7b20c426-defe-45ff-82a2-bb00141e1e8f,Bioweb,QCAZ,QCAZA,,"['CONTINENT_INVALID', 'CONTINENT_DERIVED_FROM_COORDINATES', 'TAXON_ID_NOT_FOUND']",Atelopus
4912433685,"Atelopus eusebianus Rivero & Granados-Díaz, 1993",Atelopus eusebianus,2.6,-76.28333,Valle del Cauca,,MATERIAL_SAMPLE,1992.0,7b20c426-defe-45ff-82a2-bb00141e1e8f,Bioweb,QCAZ,QCAZA,,"['CONTINENT_INVALID', 'CONTINENT_DERIVED_FROM_COORDINATES', 'TAXON_ID_NOT_FOUND']",Atelopus
4912507948,"Atelopus eusebianus Rivero & Granados-Díaz, 1993",Atelopus eusebianus,2.6,-76.28333,Extranjero,,MATERIAL_SAMPLE,1992.0,7b20c426-defe-45ff-82a2-bb00141e1e8f,Bioweb,QCAZ,QCAZA,,"['CONTINENT_INVALID', 'CONTINENT_DERIVED_FROM_COORDINATES', 'TAXON_ID_NOT_FOUND']",Atelopus
1315034002,"Atelopus muisca Rueda-Almonacid & Hoyos, 1992",Atelopus muisca,4.6195,-73.7215,Cundinamarca,,PRESERVED_SPECIMEN,1992.0,b01bffc2-67b0-4441-806d-65c2cff690b5,,Universidad Nacional de Colombia (UNAL),ICN-MHN-Anf,30902.0,"['INSTITUTION_MATCH_FUZZY', 'COLLECTION_MATCH_FUZZY']",Atelopus
1315034003,"Atelopus muisca Rueda-Almonacid & Hoyos, 1992",Atelopus muisca,4.6195,-73.7215,Cundinamarca,,PRESERVED_SPECIMEN,1992.0,b01bffc2-67b0-4441-806d-65c2cff690b5,,Universidad Nacional de Colombia (UNAL),ICN-MHN-Anf,30902.0,"['INSTITUTION_MATCH_FUZZY', 'COLLECTION_MATCH_FUZZY']",Atelopus
1315034012,"Atelopus muisca Rueda-Almonacid & Hoyos, 1992",Atelopus muisca,4.6195,-73.7215,Cundinamarca,,PRESERVED_SPECIMEN,1992.0,b01bffc2-67b0-4441-806d-65c2cff690b5,,Universidad Nacional de Colombia (UNAL),ICN-MHN-Anf,30902.0,"['INSTITUTION_MATCH_FUZZY', 'COLLECTION_MATCH_FUZZY']",Atelopus
1315034016,"Atelopus muisca Rueda-Almonacid & Hoyos, 1992",Atelopus muisca,4.6195,-73.7215,Cundinamarca,,PRESERVED_SPECIMEN,1992.0,b01bffc2-67b0-4441-806d-65c2cff690b5,,Universidad Nacional de Colombia (UNAL),ICN-MHN-Anf,30902.0,"['INSTITUTION_MATCH_FUZZY', 'COLLECTION_MATCH_FUZZY']",Atelopus
1315034021,"Atelopus muisca Rueda-Almonacid & Hoyos, 1992",Atelopus muisca,4.6195,-73.7215,Cundinamarca,,PRESERVED_SPECIMEN,1992.0,b01bffc2-67b0-4441-806d-65c2cff690b5,,Universidad Nacional de Colombia (UNAL),ICN-MHN-Anf,30902.0,"['INSTITUTION_MATCH_FUZZY', 'COLLECTION_MATCH_FUZZY']",Atelopus
1315034026,"Atelopus muisca Rueda-Almonacid & Hoyos, 1992",Atelopus muisca,4.6195,-73.7215,Cundinamarca,,PRESERVED_SPECIMEN,1992.0,b01bffc2-67b0-4441-806d-65c2cff690b5,,Universidad Nacional de Colombia (UNAL),ICN-MHN-Anf,30902.0,"['INSTITUTION_MATCH_FUZZY', 'COLLECTION_MATCH_FUZZY']",Atelopus
1315034035,"Atelopus muisca Rueda-Almonacid & Hoyos, 1992",Atelopus muisca,4.6195,-73.7215,Cundinamarca,,PRESERVED_SPECIMEN,1992.0,b01bffc2-67b0-4441-806d-65c2cff690b5,,Universidad Nacional de Colombia (UNAL),ICN-MHN-Anf,30902.0,"['INSTITUTION_MATCH_FUZZY', 'COLLECTION_MATCH_FUZZY']",Atelopus
1315034045,"Atelopus muisca Rueda-Almonacid & Hoyos, 1992",Atelopus muisca,4.6195,-73.7215,Cundinamarca,,PRESERVED_SPECIMEN,1992.0,b01bffc2-67b0-4441-806d-65c2cff690b5,,Universidad Nacional de Colombia (UNAL),ICN-MHN-Anf,30902.0,"['INSTITUTION_MATCH_FUZZY', 'COLLECTION_MATCH_FUZZY']",Atelopus
1315034051,"Atelopus muisca Rueda-Almonacid & Hoyos, 1992",Atelopus muisca,4.6195,-73.7215,Cundinamarca,,PRESERVED_SPECIMEN,1992.0,b01bffc2-67b0-4441-806d-65c2cff690b5,,Universidad Nacional de Colombia (UNAL),ICN-MHN-Anf,30902.0,"['INSTITUTION_MATCH_FUZZY', 'COLLECTION_MATCH_FUZZY']",Atelopus
1315034053,"Atelopus muisca Rueda-Almonacid & Hoyos, 1992",Atelopus muisca,4.6195,-73.7215,Cundinamarca,,PRESERVED_SPECIMEN,1992.0,b01bffc2-67b0-4441-806d-65c2cff690b5,,Universidad Nacional de Colombia (UNAL),ICN-MHN-Anf,30902.0,"['INSTITUTION_MATCH_FUZZY', 'COLLECTION_MATCH_FUZZY']",Atelopus
1315034061,"Atelopus muisca Rueda-Almonacid & Hoyos, 1992",Atelopus muisca,4.6195,-73.7215,Cundinamarca,,PRESERVED_SPECIMEN,1992.0,b01bffc2-67b0-4441-806d-65c2cff690b5,,Universidad Nacional de Colombia (UNAL),ICN-MHN-Anf,30902.0,"['INSTITUTION_MATCH_FUZZY', 'COLLECTION_MATCH_FUZZY']",Atelopus
1315034083,"Atelopus muisca Rueda-Almonacid & Hoyos, 1992",Atelopus muisca,4.6195,-73.7215,Cundinamarca,,PRESERVED_SPECIMEN,1992.0,b01bffc2-67b0-4441-806d-65c2cff690b5,,Universidad Nacional de Colombia (UNAL),ICN-MHN-Anf,30902.0,"['INSTITUTION_MATCH_FUZZY', 'COLLECTION_MATCH_FUZZY']",Atelopus
1315034095,"Atelopus muisca Rueda-Almonacid & Hoyos, 1992",Atelopus muisca,4.6195,-73.7215,Cundinamarca,,PRESERVED_SPECIMEN,1992.0,b01bffc2-67b0-4441-806d-65c2cff690b5,,Universidad Nacional de Colombia (UNAL),ICN-MHN-Anf,30902.0,"['INSTITUTION_MATCH_FUZZY', 'COLLECTION_MATCH_FUZZY']",Atelopus
1315034103,"Atelopus muisca Rueda-Almonacid & Hoyos, 1992",Atelopus muisca,4.6195,-73.7215,Cundinamarca,,PRESERVED_SPECIMEN,1992.0,b01bffc2-67b0-4441-806d-65c2cff690b5,,Universidad Nacional de Colombia (UNAL),ICN-MHN-Anf,30902.0,"['INSTITUTION_MATCH_FUZZY', 'COLLECTION_MATCH_FUZZY']",Atelopus
1315034137,"Atelopus muisca Rueda-Almonacid & Hoyos, 1992",Atelopus muisca,4.6195,-73.7215,Cundinamarca,,PRESERVED_SPECIMEN,1992.0,b01bffc2-67b0-4441-806d-65c2cff690b5,,Universidad Nacional de Colombia (UNAL),ICN-MHN-Anf,30902.0,"['INSTITUTION_MATCH_FUZZY', 'COLLECTION_MATCH_FUZZY']",Atelopus
2650645055,"Atelopus muisca Rueda-Almonacid & Hoyos, 1992",Atelopus muisca,4.755397,-73.828987,Cundinamarca,,PRESERVED_SPECIMEN,1992.0,b25cc2e7-36aa-41ff-aa2a-441b12c6d423,,Pontificia Universidad Javeriana (PUJ),MPUJ-ANFB,570.0,"['INSTITUTION_MATCH_FUZZY', 'COLLECTION_MATCH_FUZZY']",Atelopus
2650645056,"Atelopus muisca Rueda-Almonacid & Hoyos, 1992",Atelopus muisca,4.755397,-73.828987,Cundinamarca,,PRESERVED_SPECIMEN,1992.0,b25cc2e7-36aa-41ff-aa2a-441b12c6d423,,Pontificia Universidad Javeriana (PUJ),MPUJ-ANFB,570.0,"['INSTITUTION_MATCH_FUZZY', 'COLLECTION_MATCH_FUZZY']",Atelopus
2650645060,"Atelopus subornatus Werner, 1899",Atelopus subornatus,4.755397,-73.828987,Cundinamarca,,PRESERVED_SPECIMEN,1992.0,b25cc2e7-36aa-41ff-aa2a-441b12c6d423,,Pontificia Universidad Javeriana (PUJ),MPUJ-ANFB,570.0,"['INSTITUTION_MATCH_FUZZY', 'COLLECTION_MATCH_FUZZY']",Atelopus
2650652711,"Atelopus lozanoi Osorno-Muñoz, Ardila-Robayo & Ruiz-Carranza, 2001",Atelopus lozanoi,4.707508,-73.855403,Cundinamarca,,PRESERVED_SPECIMEN,1992.0,b25cc2e7-36aa-41ff-aa2a-441b12c6d423,,Pontificia Universidad Javeriana (PUJ),MPUJ-ANFB,130.0,"['INSTITUTION_MATCH_FUZZY', 'COLLECTION_MATCH_FUZZY']",Atelopus
2650645574,"Atelopus subornatus Werner, 1899",Atelopus subornatus,4.741025,-73.837868,Cundinamarca,,PRESERVED_SPECIMEN,1992.0,b25cc2e7-36aa-41ff-aa2a-441b12c6d423,,Pontificia Universidad Javeriana (PUJ),MPUJ-ANFB,670.0,"['INSTITUTION_MATCH_FUZZY', 'COLLECTION_MATCH_FUZZY']",Atelopus
2650651395,"Atelopus lozanoi Osorno-Muñoz, Ardila-Robayo & Ruiz-Carranza, 2001",Atelopus lozanoi,4.707508,-73.855403,Cundinamarca,,PRESERVED_SPECIMEN,1992.0,b25cc2e7-36aa-41ff-aa2a-441b12c6d423,,Pontificia Universidad Javeriana (PUJ),MPUJ-ANFB,130.0,"['INSTITUTION_MATCH_FUZZY', 'COLLECTION_MATCH_FUZZY']",Atelopus
2650651435,"Atelopus lozanoi Osorno-Muñoz, Ardila-Robayo & Ruiz-Carranza, 2001",Atelopus lozanoi,4.707508,-73.855403,Cundinamarca,,PRESERVED_SPECIMEN,1992.0,b25cc2e7-36aa-41ff-aa2a-441b12c6d423,,Pontificia Universidad Javeriana (PUJ),MPUJ-ANFB,130.0,"['INSTITUTION_MATCH_FUZZY', 'COLLECTION_MATCH_FUZZY']",Atelopus
1315033716,"Atelopus quimbaya Ruiz-Carranza & Osorno-Muñoz, 1994",Atelopus quimbaya,4.65034,-75.4636,Quindío,,PRESERVED_SPECIMEN,1991.0,b01bffc2-67b0-4441-806d-65c2cff690b5,,Universidad Nacional de Colombia (UNAL),ICN-MHN-Anf,1204.01,"['INSTITUTION_MATCH_FUZZY', 'COLLECTION_MATCH_FUZZY']",Atelopus
2650645753,"Atelopus muisca Rueda-Almonacid & Hoyos, 1992",Atelopus muisca,4.6,-73.716667,Cundinamarca,,PRESERVED_SPECIMEN,1991.0,b25cc2e7-36aa-41ff-aa2a-441b12c6d423,,Pontificia Universidad Javeriana (PUJ),MPUJ-ANFB,3115.0,"['COORDINATE_ROUNDED', 'INSTITUTION_MATCH_FUZZY', 'COLLECTION_MATCH_FUZZY']",Atelopus
2650645867,"Atelopus muisca Rueda-Almonacid & Hoyos, 1992",Atelopus muisca,4.6,-73.716667,Cundinamarca,,PRESERVED_SPECIMEN,1991.0,b25cc2e7-36aa-41ff-aa2a-441b12c6d423,,Pontificia Universidad Javeriana (PUJ),MPUJ-ANFB,3115.0,"['COORDINATE_ROUNDED', 'INSTITUTION_MATCH_FUZZY', 'COLLECTION_MATCH_FUZZY']",Atelopus
2650645868,"Atelopus muisca Rueda-Almonacid & Hoyos, 1992",Atelopus muisca,4.6,-73.716667,Cundinamarca,,PRESERVED_SPECIMEN,1991.0,b25cc2e7-36aa-41ff-aa2a-441b12c6d423,,Pontificia Universidad Javeriana (PUJ),MPUJ-ANFB,3115.0,"['COORDINATE_ROUNDED', 'INSTITUTION_MATCH_FUZZY', 'COLLECTION_MATCH_FUZZY']",Atelopus
2650645874,"Atelopus muisca Rueda-Almonacid & Hoyos, 1992",Atelopus muisca,4.6,-73.716667,Cundinamarca,,PRESERVED_SPECIMEN,1991.0,b25cc2e7-36aa-41ff-aa2a-441b12c6d423,,Pontificia Universidad Javeriana (PUJ),MPUJ-ANFB,3115.0,"['COORDINATE_ROUNDED', 'INSTITUTION_MATCH_FUZZY', 'COLLECTION_MATCH_FUZZY']",Atelopus
2650652652,"Atelopus lozanoi Osorno-Muñoz, Ardila-Robayo & Ruiz-Carranza, 2001",Atelopus lozanoi,4.707508,-73.855403,Cundinamarca,,PRESERVED_SPECIMEN,1991.0,b25cc2e7-36aa-41ff-aa2a-441b12c6d423,,Pontificia Universidad Javeriana (PUJ),MPUJ-ANFB,130.0,"['INSTITUTION_MATCH_FUZZY', 'COLLECTION_MATCH_FUZZY']",Atelopus
2650652654,"Atelopus lozanoi Osorno-Muñoz, Ardila-Robayo & Ruiz-Carranza, 2001",Atelopus lozanoi,4.707508,-73.855403,Cundinamarca,,PRESERVED_SPECIMEN,1991.0,b25cc2e7-36aa-41ff-aa2a-441b12c6d423,,Pontificia Universidad Javeriana (PUJ),MPUJ-ANFB,130.0,"['INSTITUTION_MATCH_FUZZY', 'COLLECTION_MATCH_FUZZY']",Atelopus
2650652714,"Atelopus lozanoi Osorno-Muñoz, Ardila-Robayo & Ruiz-Carranza, 2001",Atelopus lozanoi,4.707508,-73.855403,Cundinamarca,,PRESERVED_SPECIMEN,1991.0,b25cc2e7-36aa-41ff-aa2a-441b12c6d423,,Pontificia Universidad Javeriana (PUJ),MPUJ-ANFB,130.0,"['INSTITUTION_MATCH_FUZZY', 'COLLECTION_MATCH_FUZZY']",Atelopus
2650652715,"Atelopus lozanoi Osorno-Muñoz, Ardila-Robayo & Ruiz-Carranza, 2001",Atelopus lozanoi,4.707508,-73.855403,Cundinamarca,,PRESERVED_SPECIMEN,1991.0,b25cc2e7-36aa-41ff-aa2a-441b12c6d423,,Pontificia Universidad Javeriana (PUJ),MPUJ-ANFB,130.0,"['INSTITUTION_MATCH_FUZZY', 'COLLECTION_MATCH_FUZZY']",Atelopus
2650652717,"Atelopus lozanoi Osorno-Muñoz, Ardila-Robayo & Ruiz-Carranza, 2001",Atelopus lozanoi,4.707508,-73.855403,Cundinamarca,,PRESERVED_SPECIMEN,1991.0,b25cc2e7-36aa-41ff-aa2a-441b12c6d423,,Pontificia Universidad Javeriana (PUJ),MPUJ-ANFB,130.0,"['INSTITUTION_MATCH_FUZZY', 'COLLECTION_MATCH_FUZZY']",Atelopus
2650652727,"Atelopus lozanoi Osorno-Muñoz, Ardila-Robayo & Ruiz-Carranza, 2001",Atelopus lozanoi,4.707508,-73.855403,Cundinamarca,,PRESERVED_SPECIMEN,1991.0,b25cc2e7-36aa-41ff-aa2a-441b12c6d423,,Pontificia Universidad Javeriana (PUJ),MPUJ-ANFB,130.0,"['INSTITUTION_MATCH_FUZZY', 'COLLECTION_MATCH_FUZZY']",Atelopus
1315033674,"Atelopus Duméril & Bibron, 1841",,4.752,-76.2905,Valle del Cauca,,PRESERVED_SPECIMEN,1991.0,b01bffc2-67b0-4441-806d-65c2cff690b5,,Universidad Nacional de Colombia (UNAL),ICN-MHN-Anf,1306.69,"['INSTITUTION_MATCH_FUZZY', 'COLLECTION_MATCH_FUZZY']",Atelopus
2650645460,"Atelopus muisca Rueda-Almonacid & Hoyos, 1992",Atelopus muisca,4.571156,-73.780117,Cundinamarca,,PRESERVED_SPECIMEN,1991.0,b25cc2e7-36aa-41ff-aa2a-441b12c6d423,,Pontificia Universidad Javeriana (PUJ),MPUJ-ANFB,1930.0,"['INSTITUTION_MATCH_FUZZY', 'COLLECTION_MATCH_FUZZY']",Atelopus
2650645463,"Atelopus muisca Rueda-Almonacid & Hoyos, 1992",Atelopus muisca,4.571156,-73.780117,Cundinamarca,,PRESERVED_SPECIMEN,1991.0,b25cc2e7-36aa-41ff-aa2a-441b12c6d423,,Pontificia Universidad Javeriana (PUJ),MPUJ-ANFB,1930.0,"['INSTITUTION_MATCH_FUZZY', 'COLLECTION_MATCH_FUZZY']",Atelopus
2650645845,"Atelopus subornatus Werner, 1899",Atelopus subornatus,4.707508,-73.855403,Cundinamarca,,PRESERVED_SPECIMEN,1990.0,b25cc2e7-36aa-41ff-aa2a-441b12c6d423,,Pontificia Universidad Javeriana (PUJ),MPUJ-ANFB,130.0,"['INSTITUTION_MATCH_FUZZY', 'COLLECTION_MATCH_FUZZY']",Atelopus
2650652653,"Atelopus subornatus Werner, 1899",Atelopus subornatus,4.707508,-73.855403,Cundinamarca,,PRESERVED_SPECIMEN,1990.0,b25cc2e7-36aa-41ff-aa2a-441b12c6d423,,Pontificia Universidad Javeriana (PUJ),MPUJ-ANFB,130.0,"['INSTITUTION_MATCH_FUZZY', 'COLLECTION_MATCH_FUZZY']",Atelopus
2650652655,"Atelopus subornatus Werner, 1899",Atelopus subornatus,4.707508,-73.855403,Cundinamarca,,PRESERVED_SPECIMEN,1990.0,b25cc2e7-36aa-41ff-aa2a-441b12c6d423,,Pontificia Universidad Javeriana (PUJ),MPUJ-ANFB,130.0,"['INSTITUTION_MATCH_FUZZY', 'COLLECTION_MATCH_FUZZY']",Atelopus
2650652658,"Atelopus subornatus Werner, 1899",Atelopus subornatus,4.707508,-73.855403,Cundinamarca,,PRESERVED_SPECIMEN,1990.0,b25cc2e7-36aa-41ff-aa2a-441b12c6d423,,Pontificia Universidad Javeriana (PUJ),MPUJ-ANFB,130.0,"['INSTITUTION_MATCH_FUZZY', 'COLLECTION_MATCH_FUZZY']",Atelopus
2650652659,"Atelopus subornatus Werner, 1899",Atelopus subornatus,4.707508,-73.855403,Cundinamarca,,PRESERVED_SPECIMEN,1990.0,b25cc2e7-36aa-41ff-aa2a-441b12c6d423,,Pontificia Universidad Javeriana (PUJ),MPUJ-ANFB,130.0,"['INSTITUTION_MATCH_FUZZY', 'COLLECTION_MATCH_FUZZY']",Atelopus
2650652660,"Atelopus subornatus Werner, 1899",Atelopus subornatus,4.707508,-73.855403,Cundinamarca,,PRESERVED_SPECIMEN,1990.0,b25cc2e7-36aa-41ff-aa2a-441b12c6d423,,Pontificia Universidad Javeriana (PUJ),MPUJ-ANFB,130.0,"['INSTITUTION_MATCH_FUZZY', 'COLLECTION_MATCH_FUZZY']",Atelopus
2650652661,"Atelopus subornatus Werner, 1899",Atelopus subornatus,4.707508,-73.855403,Cundinamarca,,PRESERVED_SPECIMEN,1990.0,b25cc2e7-36aa-41ff-aa2a-441b12c6d423,,Pontificia Universidad Javeriana (PUJ),MPUJ-ANFB,130.0,"['INSTITUTION_MATCH_FUZZY', 'COLLECTION_MATCH_FUZZY']",Atelopus
2650652662,"Atelopus subornatus Werner, 1899",Atelopus subornatus,4.707508,-73.855403,Cundinamarca,,PRESERVED_SPECIMEN,1990.0,b25cc2e7-36aa-41ff-aa2a-441b12c6d423,,Pontificia Universidad Javeriana (PUJ),MPUJ-ANFB,130.0,"['INSTITUTION_MATCH_FUZZY', 'COLLECTION_MATCH_FUZZY']",Atelopus
2650652666,"Atelopus subornatus Werner, 1899",Atelopus subornatus,4.707508,-73.855403,Cundinamarca,,PRESERVED_SPECIMEN,1990.0,b25cc2e7-36aa-41ff-aa2a-441b12c6d423,,Pontificia Universidad Javeriana (PUJ),MPUJ-ANFB,130.0,"['INSTITUTION_MATCH_FUZZY', 'COLLECTION_MATCH_FUZZY']",Atelopus
2650652667,"Atelopus subornatus Werner, 1899",Atelopus subornatus,4.707508,-73.855403,Cundinamarca,,PRESERVED_SPECIMEN,1990.0,b25cc2e7-36aa-41ff-aa2a-441b12c6d423,,Pontificia Universidad Javeriana (PUJ),MPUJ-ANFB,130.0,"['INSTITUTION_MATCH_FUZZY', 'COLLECTION_MATCH_FUZZY']",Atelopus
2650652676,"Atelopus subornatus Werner, 1899",Atelopus subornatus,4.707508,-73.855403,Cundinamarca,,PRESERVED_SPECIMEN,1990.0,b25cc2e7-36aa-41ff-aa2a-441b12c6d423,,Pontificia Universidad Javeriana (PUJ),MPUJ-ANFB,130.0,"['INSTITUTION_MATCH_FUZZY', 'COLLECTION_MATCH_FUZZY']",Atelopus
2650652677,"Atelopus subornatus Werner, 1899",Atelopus subornatus,4.707508,-73.855403,Cundinamarca,,PRESERVED_SPECIMEN,1990.0,b25cc2e7-36aa-41ff-aa2a-441b12c6d423,,Pontificia Universidad Javeriana (PUJ),MPUJ-ANFB,130.0,"['INSTITUTION_MATCH_FUZZY', 'COLLECTION_MATCH_FUZZY']",Atelopus
2650652678,"Atelopus subornatus Werner, 1899",Atelopus subornatus,4.707508,-73.855403,Cundinamarca,,PRESERVED_SPECIMEN,1990.0,b25cc2e7-36aa-41ff-aa2a-441b12c6d423,,Pontificia Universidad Javeriana (PUJ),MPUJ-ANFB,130.0,"['INSTITUTION_MATCH_FUZZY', 'COLLECTION_MATCH_FUZZY']",Atelopus
2650652679,"Atelopus subornatus Werner, 1899",Atelopus subornatus,4.707508,-73.855403,Cundinamarca,,PRESERVED_SPECIMEN,1990.0,b25cc2e7-36aa-41ff-aa2a-441b12c6d423,,Pontificia Universidad Javeriana (PUJ),MPUJ-ANFB,130.0,"['INSTITUTION_MATCH_FUZZY', 'COLLECTION_MATCH_FUZZY']",Atelopus
2650652681,"Atelopus subornatus Werner, 1899",Atelopus subornatus,4.707508,-73.855403,Cundinamarca,,PRESERVED_SPECIMEN,1990.0,b25cc2e7-36aa-41ff-aa2a-441b12c6d423,,Pontificia Universidad Javeriana (PUJ),MPUJ-ANFB,130.0,"['INSTITUTION_MATCH_FUZZY', 'COLLECTION_MATCH_FUZZY']",Atelopus
2650652682,"Atelopus subornatus Werner, 1899",Atelopus subornatus,4.707508,-73.855403,Cundinamarca,,PRESERVED_SPECIMEN,1990.0,b25cc2e7-36aa-41ff-aa2a-441b12c6d423,,Pontificia Universidad Javeriana (PUJ),MPUJ-ANFB,130.0,"['INSTITUTION_MATCH_FUZZY', 'COLLECTION_MATCH_FUZZY']",Atelopus
2650652684,"Atelopus subornatus Werner, 1899",Atelopus subornatus,4.707508,-73.855403,Cundinamarca,,PRESERVED_SPECIMEN,1990.0,b25cc2e7-36aa-41ff-aa2a-441b12c6d423,,Pontificia Universidad Javeriana (PUJ),MPUJ-ANFB,130.0,"['INSTITUTION_MATCH_FUZZY', 'COLLECTION_MATCH_FUZZY']",Atelopus
2650651331,"Atelopus lozanoi Osorno-Muñoz, Ardila-Robayo & Ruiz-Carranza, 2001",Atelopus lozanoi,4.707508,-73.855403,Cundinamarca,,PRESERVED_SPECIMEN,1990.0,b25cc2e7-36aa-41ff-aa2a-441b12c6d423,,Pontificia Universidad Javeriana (PUJ),MPUJ-ANFB,130.0,"['INSTITUTION_MATCH_FUZZY', 'COLLECTION_MATCH_FUZZY']",Atelopus
2650651332,"Atelopus lozanoi Osorno-Muñoz, Ardila-Robayo & Ruiz-Carranza, 2001",Atelopus lozanoi,4.707508,-73.855403,Cundinamarca,,PRESERVED_SPECIMEN,1990.0,b25cc2e7-36aa-41ff-aa2a-441b12c6d423,,Pontificia Universidad Javeriana (PUJ),MPUJ-ANFB,130.0,"['INSTITUTION_MATCH_FUZZY', 'COLLECTION_MATCH_FUZZY']",Atelopus
2650651336,"Atelopus lozanoi Osorno-Muñoz, Ardila-Robayo & Ruiz-Carranza, 2001",Atelopus lozanoi,4.707508,-73.855403,Cundinamarca,,PRESERVED_SPECIMEN,1990.0,b25cc2e7-36aa-41ff-aa2a-441b12c6d423,,Pontificia Universidad Javeriana (PUJ),MPUJ-ANFB,130.0,"['INSTITUTION_MATCH_FUZZY', 'COLLECTION_MATCH_FUZZY']",Atelopus
1315033714,"Atelopus sernai Ruiz-Carranza & Osorno-Muñoz, 1994",Atelopus sernai,5.82567,-75.2964,Antioquia,,PRESERVED_SPECIMEN,1990.0,b01bffc2-67b0-4441-806d-65c2cff690b5,,Universidad Nacional de Colombia (UNAL),ICN-MHN-Anf,1450.0,"['INSTITUTION_MATCH_FUZZY', 'COLLECTION_MATCH_FUZZY']",Atelopus
1315033720,"Atelopus subornatus Werner, 1899",Atelopus subornatus,4.22598,-74.2519,Cundinamarca,,PRESERVED_SPECIMEN,1990.0,b01bffc2-67b0-4441-806d-65c2cff690b5,,Universidad Nacional de Colombia (UNAL),ICN-MHN-Anf,1880.0,"['INSTITUTION_MATCH_FUZZY', 'COLLECTION_MATCH_FUZZY']",Atelopus
2650647909,"Atelopus muisca Rueda-Almonacid & Hoyos, 1992",Atelopus muisca,4.658649,-74.095922,"Bogotá, D.C.",,PRESERVED_SPECIMEN,1990.0,b25cc2e7-36aa-41ff-aa2a-441b12c6d423,,Pontificia Universidad Javeriana (PUJ),MPUJ-ANFB,530.0,"['INSTITUTION_MATCH_FUZZY', 'COLLECTION_MATCH_FUZZY']",Atelopus
2650647910,"Atelopus muisca Rueda-Almonacid & Hoyos, 1992",Atelopus muisca,4.658649,-74.095922,"Bogotá, D.C.",,PRESERVED_SPECIMEN,1990.0,b25cc2e7-36aa-41ff-aa2a-441b12c6d423,,Pontificia Universidad Javeriana (PUJ),MPUJ-ANFB,530.0,"['INSTITUTION_MATCH_FUZZY', 'COLLECTION_MATCH_FUZZY']",Atelopus
1315033711,"Atelopus Duméril & Bibron, 1841",,4.55921,-73.6833,Cundinamarca,,PRESERVED_SPECIMEN,1990.0,b01bffc2-67b0-4441-806d-65c2cff690b5,,Universidad Nacional de Colombia (UNAL),ICN-MHN-Anf,300.0,"['INSTITUTION_MATCH_FUZZY', 'COLLECTION_MATCH_FUZZY']",Atelopus
2650647892,"Atelopus muisca Rueda-Almonacid & Hoyos, 1992",Atelopus muisca,4.6,-73.716667,Cundinamarca,,PRESERVED_SPECIMEN,1990.0,b25cc2e7-36aa-41ff-aa2a-441b12c6d423,,Pontificia Universidad Javeriana (PUJ),MPUJ-ANFB,3115.0,"['COORDINATE_ROUNDED', 'INSTITUTION_MATCH_FUZZY', 'COLLECTION_MATCH_FUZZY']",Atelopus
2650647893,"Atelopus muisca Rueda-Almonacid & Hoyos, 1992",Atelopus muisca,4.6,-73.716667,Cundinamarca,,PRESERVED_SPECIMEN,1990.0,b25cc2e7-36aa-41ff-aa2a-441b12c6d423,,Pontificia Universidad Javeriana (PUJ),MPUJ-ANFB,3115.0,"['COORDINATE_ROUNDED', 'INSTITUTION_MATCH_FUZZY', 'COLLECTION_MATCH_FUZZY']",Atelopus
2650647916,"Atelopus muisca Rueda-Almonacid & Hoyos, 1992",Atelopus muisca,4.6,-73.716667,Cundinamarca,,PRESERVED_SPECIMEN,1990.0,b25cc2e7-36aa-41ff-aa2a-441b12c6d423,,Pontificia Universidad Javeriana (PUJ),MPUJ-ANFB,3115.0,"['COORDINATE_ROUNDED', 'INSTITUTION_MATCH_FUZZY', 'COLLECTION_MATCH_FUZZY']",Atelopus
1315033601,"Atelopus quimbaya Ruiz-Carranza & Osorno-Muñoz, 1994",Atelopus quimbaya,4.62818,-75.4567,Quindío,,PRESERVED_SPECIMEN,1990.0,b01bffc2-67b0-4441-806d-65c2cff690b5,,Universidad Nacional de Colombia (UNAL),ICN-MHN-Anf,1221.13,"['INSTITUTION_MATCH_FUZZY', 'COLLECTION_MATCH_FUZZY']",Atelopus
1315033608,"Atelopus quimbaya Ruiz-Carranza & Osorno-Muñoz, 1994",Atelopus quimbaya,4.62818,-75.4567,Quindío,,PRESERVED_SPECIMEN,1990.0,b01bffc2-67b0-4441-806d-65c2cff690b5,,Universidad Nacional de Colombia (UNAL),ICN-MHN-Anf,1221.13,"['INSTITUTION_MATCH_FUZZY', 'COLLECTION_MATCH_FUZZY']",Atelopus
1315033625,"Atelopus quimbaya Ruiz-Carranza & Osorno-Muñoz, 1994",Atelopus quimbaya,4.62818,-75.4567,Quindío,,PRESERVED_SPECIMEN,1990.0,b01bffc2-67b0-4441-806d-65c2cff690b5,,Universidad Nacional de Colombia (UNAL),ICN-MHN-Anf,1221.13,"['INSTITUTION_MATCH_FUZZY', 'COLLECTION_MATCH_FUZZY']",Atelopus
1315033629,"Atelopus quimbaya Ruiz-Carranza & Osorno-Muñoz, 1994",Atelopus quimbaya,4.6307,-75.4727,Quindío,,PRESERVED_SPECIMEN,1990.0,b01bffc2-67b0-4441-806d-65c2cff690b5,,Universidad Nacional de Colombia (UNAL),ICN-MHN-Anf,961.83,"['INSTITUTION_MATCH_FUZZY', 'COLLECTION_MATCH_FUZZY']",Atelopus
1315033639,"Atelopus quimbaya Ruiz-Carranza & Osorno-Muñoz, 1994",Atelopus quimbaya,4.62818,-75.4567,Quindío,,PRESERVED_SPECIMEN,1990.0,b01bffc2-67b0-4441-806d-65c2cff690b5,,Universidad Nacional de Colombia (UNAL),ICN-MHN-Anf,1221.13,"['INSTITUTION_MATCH_FUZZY', 'COLLECTION_MATCH_FUZZY']",Atelopus
1315033649,"Atelopus quimbaya Ruiz-Carranza & Osorno-Muñoz, 1994",Atelopus quimbaya,4.62818,-75.4567,Quindío,,PRESERVED_SPECIMEN,1990.0,b01bffc2-67b0-4441-806d-65c2cff690b5,,Universidad Nacional de Colombia (UNAL),ICN-MHN-Anf,1221.13,"['INSTITUTION_MATCH_FUZZY', 'COLLECTION_MATCH_FUZZY']",Atelopus
1315033652,"Atelopus quimbaya Ruiz-Carranza & Osorno-Muñoz, 1994",Atelopus quimbaya,4.62818,-75.4567,Quindío,,PRESERVED_SPECIMEN,1990.0,b01bffc2-67b0-4441-806d-65c2cff690b5,,Universidad Nacional de Colombia (UNAL),ICN-MHN-Anf,1221.13,"['INSTITUTION_MATCH_FUZZY', 'COLLECTION_MATCH_FUZZY']",Atelopus
1315033679,"Atelopus quimbaya Ruiz-Carranza & Osorno-Muñoz, 1994",Atelopus quimbaya,4.62674,-75.452,Quindío,,PRESERVED_SPECIMEN,1990.0,b01bffc2-67b0-4441-806d-65c2cff690b5,,Universidad Nacional de Colombia (UNAL),ICN-MHN-Anf,1128.64,"['INSTITUTION_MATCH_FUZZY', 'COLLECTION_MATCH_FUZZY']",Atelopus
1315033680,"Atelopus quimbaya Ruiz-Carranza & Osorno-Muñoz, 1994",Atelopus quimbaya,4.62674,-75.452,Quindío,,PRESERVED_SPECIMEN,1990.0,b01bffc2-67b0-4441-806d-65c2cff690b5,,Universidad Nacional de Colombia (UNAL),ICN-MHN-Anf,1128.64,"['INSTITUTION_MATCH_FUZZY', 'COLLECTION_MATCH_FUZZY']",Atelopus
1315033704,"Atelopus quimbaya Ruiz-Carranza & Osorno-Muñoz, 1994",Atelopus quimbaya,4.62674,-75.452,Quindío,,PRESERVED_SPECIMEN,1990.0,b01bffc2-67b0-4441-806d-65c2cff690b5,,Universidad Nacional de Colombia (UNAL),ICN-MHN-Anf,1128.64,"['INSTITUTION_MATCH_FUZZY', 'COLLECTION_MATCH_FUZZY']",Atelopus
1315033712,"Atelopus quimbaya Ruiz-Carranza & Osorno-Muñoz, 1994",Atelopus quimbaya,4.62818,-75.4567,Quindío,,PRESERVED_SPECIMEN,1990.0,b01bffc2-67b0-4441-806d-65c2cff690b5,,Universidad Nacional de Colombia (UNAL),ICN-MHN-Anf,1221.13,"['INSTITUTION_MATCH_FUZZY', 'COLLECTION_MATCH_FUZZY']",Atelopus
2650647926,"Atelopus muisca Rueda-Almonacid & Hoyos, 1992",Atelopus muisca,4.6,-73.716667,Cundinamarca,,PRESERVED_SPECIMEN,1990.0,b25cc2e7-36aa-41ff-aa2a-441b12c6d423,,Pontificia Universidad Javeriana (PUJ),MPUJ-ANFB,3115.0,"['COORDINATE_ROUNDED', 'INSTITUTION_MATCH_FUZZY', 'COLLECTION_MATCH_FUZZY']",Atelopus
2650647928,"Atelopus muisca Rueda-Almonacid & Hoyos, 1992",Atelopus muisca,4.6,-73.716667,Cundinamarca,,PRESERVED_SPECIMEN,1990.0,b25cc2e7-36aa-41ff-aa2a-441b12c6d423,,Pontificia Universidad Javeriana (PUJ),MPUJ-ANFB,3115.0,"['COORDINATE_ROUNDED', 'INSTITUTION_MATCH_FUZZY', 'COLLECTION_MATCH_FUZZY']",Atelopus
1315033622,"Atelopus quimbaya Ruiz-Carranza & Osorno-Muñoz, 1994",Atelopus quimbaya,4.6307,-75.4727,Quindío,,PRESERVED_SPECIMEN,1990.0,b01bffc2-67b0-4441-806d-65c2cff690b5,,Universidad Nacional de Colombia (UNAL),ICN-MHN-Anf,1011.51,"['INSTITUTION_MATCH_FUZZY', 'COLLECTION_MATCH_FUZZY']",Atelopus
1315033626,"Atelopus quimbaya Ruiz-Carranza & Osorno-Muñoz, 1994",Atelopus quimbaya,4.62942,-75.4653,Quindío,,PRESERVED_SPECIMEN,1990.0,b01bffc2-67b0-4441-806d-65c2cff690b5,,Universidad Nacional de Colombia (UNAL),ICN-MHN-Anf,666.01,"['INSTITUTION_MATCH_FUZZY', 'COLLECTION_MATCH_FUZZY']",Atelopus
1315033637,"Atelopus quimbaya Ruiz-Carranza & Osorno-Muñoz, 1994",Atelopus quimbaya,4.62942,-75.4653,Quindío,,PRESERVED_SPECIMEN,1990.0,b01bffc2-67b0-4441-806d-65c2cff690b5,,Universidad Nacional de Colombia (UNAL),ICN-MHN-Anf,666.01,"['INSTITUTION_MATCH_FUZZY', 'COLLECTION_MATCH_FUZZY']",Atelopus
1315033663,"Atelopus quimbaya Ruiz-Carranza & Osorno-Muñoz, 1994",Atelopus quimbaya,4.62942,-75.4653,Quindío,,PRESERVED_SPECIMEN,1990.0,b01bffc2-67b0-4441-806d-65c2cff690b5,,Universidad Nacional de Colombia (UNAL),ICN-MHN-Anf,666.01,"['INSTITUTION_MATCH_FUZZY', 'COLLECTION_MATCH_FUZZY']",Atelopus
1315033677,"Atelopus quimbaya Ruiz-Carranza & Osorno-Muñoz, 1994",Atelopus quimbaya,4.62987,-75.4638,Quindío,,PRESERVED_SPECIMEN,1990.0,b01bffc2-67b0-4441-806d-65c2cff690b5,,Universidad Nacional de Colombia (UNAL),ICN-MHN-Anf,567.87,"['INSTITUTION_MATCH_FUZZY', 'COLLECTION_MATCH_FUZZY']",Atelopus
1315033682,"Atelopus quimbaya Ruiz-Carranza & Osorno-Muñoz, 1994",Atelopus quimbaya,4.62942,-75.4653,Quindío,,PRESERVED_SPECIMEN,1990.0,b01bffc2-67b0-4441-806d-65c2cff690b5,,Universidad Nacional de Colombia (UNAL),ICN-MHN-Anf,666.01,"['INSTITUTION_MATCH_FUZZY', 'COLLECTION_MATCH_FUZZY']",Atelopus
4912481769,"Atelopus spec Dumeril & Bibron, 1841",Atelopus,2.61189,-76.37405,,,MATERIAL_SAMPLE,1990.0,7b20c426-defe-45ff-82a2-bb00141e1e8f,Bioweb,QCAZ,QCAZA,,"['COORDINATE_ROUNDED', 'CONTINENT_INVALID', 'CONTINENT_DERIVED_FROM_COORDINATES', 'RECORDED_DATE_INVALID', 'TAXON_MATCH_HIGHERRANK', 'TAXON_ID_NOT_FOUND']",Atelopus
4912481845,"Atelopus spec Dumeril & Bibron, 1841",Atelopus,2.5,-76.58333,,,MATERIAL_SAMPLE,1990.0,7b20c426-defe-45ff-82a2-bb00141e1e8f,Bioweb,QCAZ,QCAZA,,"['CONTINENT_INVALID', 'CONTINENT_DERIVED_FROM_COORDINATES', 'RECORDED_DATE_INVALID', 'TAXON_MATCH_HIGHERRANK', 'TAXON_ID_NOT_FOUND']",Atelopus
1315033952,"Atelopus mandingues Osorno-Muñoz, Ardila-Robayo & Ruiz-Carranza, 2001",Atelopus mandingues,4.58211,-73.6724,Cundinamarca,,PRESERVED_SPECIMEN,1989.0,b01bffc2-67b0-4441-806d-65c2cff690b5,,Universidad Nacional de Colombia (UNAL),ICN-MHN-Anf,300.0,"['INSTITUTION_MATCH_FUZZY', 'COLLECTION_MATCH_FUZZY']",Atelopus
2650652671,"Atelopus subornatus Werner, 1899",Atelopus subornatus,4.707508,-73.855403,Cundinamarca,,PRESERVED_SPECIMEN,1989.0,b25cc2e7-36aa-41ff-aa2a-441b12c6d423,,Pontificia Universidad Javeriana (PUJ),MPUJ-ANFB,130.0,"['INSTITUTION_MATCH_FUZZY', 'COLLECTION_MATCH_FUZZY']",Atelopus
2650652673,"Atelopus subornatus Werner, 1899",Atelopus subornatus,4.707508,-73.855403,Cundinamarca,,PRESERVED_SPECIMEN,1989.0,b25cc2e7-36aa-41ff-aa2a-441b12c6d423,,Pontificia Universidad Javeriana (PUJ),MPUJ-ANFB,130.0,"['INSTITUTION_MATCH_FUZZY', 'COLLECTION_MATCH_FUZZY']",Atelopus
2650652689,"Atelopus subornatus Werner, 1899",Atelopus subornatus,4.707508,-73.855403,Cundinamarca,,PRESERVED_SPECIMEN,1989.0,b25cc2e7-36aa-41ff-aa2a-441b12c6d423,,Pontificia Universidad Javeriana (PUJ),MPUJ-ANFB,130.0,"['INSTITUTION_MATCH_FUZZY', 'COLLECTION_MATCH_FUZZY']",Atelopus
2650652701,"Atelopus subornatus Werner, 1899",Atelopus subornatus,4.707508,-73.855403,Cundinamarca,,PRESERVED_SPECIMEN,1989.0,b25cc2e7-36aa-41ff-aa2a-441b12c6d423,,Pontificia Universidad Javeriana (PUJ),MPUJ-ANFB,130.0,"['INSTITUTION_MATCH_FUZZY', 'COLLECTION_MATCH_FUZZY']",Atelopus
1315033741,"Atelopus Duméril & Bibron, 1841",,4.55921,-73.6833,Cundinamarca,,PRESERVED_SPECIMEN,1989.0,b01bffc2-67b0-4441-806d-65c2cff690b5,,Universidad Nacional de Colombia (UNAL),ICN-MHN-Anf,300.0,"['INSTITUTION_MATCH_FUZZY', 'COLLECTION_MATCH_FUZZY']",Atelopus
1315033887,"Atelopus lozanoi Osorno-Muñoz, Ardila-Robayo & Ruiz-Carranza, 2001",Atelopus lozanoi,4.73637,-73.875,Cundinamarca,,PRESERVED_SPECIMEN,1989.0,b01bffc2-67b0-4441-806d-65c2cff690b5,,Universidad Nacional de Colombia (UNAL),ICN-MHN-Anf,1000.0,"['INSTITUTION_MATCH_FUZZY', 'COLLECTION_MATCH_FUZZY']",Atelopus
1315033905,"Atelopus lozanoi Osorno-Muñoz, Ardila-Robayo & Ruiz-Carranza, 2001",Atelopus lozanoi,4.73637,-73.875,Cundinamarca,,PRESERVED_SPECIMEN,1989.0,b01bffc2-67b0-4441-806d-65c2cff690b5,,Universidad Nacional de Colombia (UNAL),ICN-MHN-Anf,1000.0,"['INSTITUTION_MATCH_FUZZY', 'COLLECTION_MATCH_FUZZY']",Atelopus
1315033923,"Atelopus lozanoi Osorno-Muñoz, Ardila-Robayo & Ruiz-Carranza, 2001",Atelopus lozanoi,4.73637,-73.875,Cundinamarca,,PRESERVED_SPECIMEN,1989.0,b01bffc2-67b0-4441-806d-65c2cff690b5,,Universidad Nacional de Colombia (UNAL),ICN-MHN-Anf,1000.0,"['INSTITUTION_MATCH_FUZZY', 'COLLECTION_MATCH_FUZZY']",Atelopus
1315033924,"Atelopus lozanoi Osorno-Muñoz, Ardila-Robayo & Ruiz-Carranza, 2001",Atelopus lozanoi,4.73637,-73.875,Cundinamarca,,PRESERVED_SPECIMEN,1989.0,b01bffc2-67b0-4441-806d-65c2cff690b5,,Universidad Nacional de Colombia (UNAL),ICN-MHN-Anf,1000.0,"['INSTITUTION_MATCH_FUZZY', 'COLLECTION_MATCH_FUZZY']",Atelopus
1315033944,"Atelopus lozanoi Osorno-Muñoz, Ardila-Robayo & Ruiz-Carranza, 2001",Atelopus lozanoi,4.73637,-73.875,Cundinamarca,,PRESERVED_SPECIMEN,1989.0,b01bffc2-67b0-4441-806d-65c2cff690b5,,Universidad Nacional de Colombia (UNAL),ICN-MHN-Anf,1000.0,"['INSTITUTION_MATCH_FUZZY', 'COLLECTION_MATCH_FUZZY']",Atelopus
1315033968,"Atelopus lozanoi Osorno-Muñoz, Ardila-Robayo & Ruiz-Carranza, 2001",Atelopus lozanoi,4.73637,-73.875,Cundinamarca,,PRESERVED_SPECIMEN,1989.0,b01bffc2-67b0-4441-806d-65c2cff690b5,,Universidad Nacional de Colombia (UNAL),ICN-MHN-Anf,1000.0,"['INSTITUTION_MATCH_FUZZY', 'COLLECTION_MATCH_FUZZY']",Atelopus
1315033981,"Atelopus muisca Rueda-Almonacid & Hoyos, 1992",Atelopus muisca,4.55921,-73.6833,Cundinamarca,,PRESERVED_SPECIMEN,1989.0,b01bffc2-67b0-4441-806d-65c2cff690b5,,Universidad Nacional de Colombia (UNAL),ICN-MHN-Anf,300.0,"['INSTITUTION_MATCH_FUZZY', 'COLLECTION_MATCH_FUZZY']",Atelopus
1315033987,"Atelopus lozanoi Osorno-Muñoz, Ardila-Robayo & Ruiz-Carranza, 2001",Atelopus lozanoi,4.73637,-73.875,Cundinamarca,,PRESERVED_SPECIMEN,1989.0,b01bffc2-67b0-4441-806d-65c2cff690b5,,Universidad Nacional de Colombia (UNAL),ICN-MHN-Anf,1000.0,"['INSTITUTION_MATCH_FUZZY', 'COLLECTION_MATCH_FUZZY']",Atelopus
1315034040,"Atelopus muisca Rueda-Almonacid & Hoyos, 1992",Atelopus muisca,4.73637,-73.875,Cundinamarca,,PRESERVED_SPECIMEN,1989.0,b01bffc2-67b0-4441-806d-65c2cff690b5,,Universidad Nacional de Colombia (UNAL),ICN-MHN-Anf,1000.0,"['INSTITUTION_MATCH_FUZZY', 'COLLECTION_MATCH_FUZZY']",Atelopus
1315034080,"Atelopus muisca Rueda-Almonacid & Hoyos, 1992",Atelopus muisca,4.55921,-73.6833,Cundinamarca,,PRESERVED_SPECIMEN,1989.0,b01bffc2-67b0-4441-806d-65c2cff690b5,,Universidad Nacional de Colombia (UNAL),ICN-MHN-Anf,300.0,"['INSTITUTION_MATCH_FUZZY', 'COLLECTION_MATCH_FUZZY']",Atelopus
4955538160,"Atelopus muisca Rueda-Almonacid & Hoyos, 1992",Atelopus muisca,4.609167,-73.718333,Cundinamarca,,PRESERVED_SPECIMEN,1989.0,94dce9c1-e2f0-45cb-a77b-8e5caa871a41,,Instituto de Investigación de Recursos Biológicos Alexander von Humboldt (IAvH),IAvH-Am,,"['COORDINATE_ROUNDED', 'INSTITUTION_MATCH_FUZZY']",Atelopus
1315033707,"Atelopus Duméril & Bibron, 1841",,4.55921,-73.6833,Cundinamarca,,PRESERVED_SPECIMEN,1989.0,b01bffc2-67b0-4441-806d-65c2cff690b5,,Universidad Nacional de Colombia (UNAL),ICN-MHN-Anf,300.0,"['INSTITUTION_MATCH_FUZZY', 'COLLECTION_MATCH_FUZZY']",Atelopus
2650647821,"Atelopus muisca Rueda-Almonacid & Hoyos, 1992",Atelopus muisca,4.6,-73.716667,Cundinamarca,,PRESERVED_SPECIMEN,1989.0,b25cc2e7-36aa-41ff-aa2a-441b12c6d423,,Pontificia Universidad Javeriana (PUJ),MPUJ-ANFB,3115.0,"['COORDINATE_ROUNDED', 'INSTITUTION_MATCH_FUZZY', 'COLLECTION_MATCH_FUZZY']",Atelopus
2650644835,"Atelopus muisca Rueda-Almonacid & Hoyos, 1992",Atelopus muisca,4.527447,-73.772519,Cundinamarca,,PRESERVED_SPECIMEN,1989.0,b25cc2e7-36aa-41ff-aa2a-441b12c6d423,,Pontificia Universidad Javeriana (PUJ),MPUJ-ANFB,650.0,"['INSTITUTION_MATCH_FUZZY', 'COLLECTION_MATCH_FUZZY']",Atelopus
2650651803,"Atelopus muisca Rueda-Almonacid & Hoyos, 1992",Atelopus muisca,4.707508,-73.855403,Cundinamarca,,PRESERVED_SPECIMEN,1989.0,b25cc2e7-36aa-41ff-aa2a-441b12c6d423,,Pontificia Universidad Javeriana (PUJ),MPUJ-ANFB,130.0,"['INSTITUTION_MATCH_FUZZY', 'COLLECTION_MATCH_FUZZY']",Atelopus
2650647847,"Atelopus muisca Rueda-Almonacid & Hoyos, 1992",Atelopus muisca,4.6,-73.716667,Cundinamarca,,PRESERVED_SPECIMEN,1989.0,b25cc2e7-36aa-41ff-aa2a-441b12c6d423,,Pontificia Universidad Javeriana (PUJ),MPUJ-ANFB,3115.0,"['COORDINATE_ROUNDED', 'INSTITUTION_MATCH_FUZZY', 'COLLECTION_MATCH_FUZZY']",Atelopus
2650647865,"Atelopus muisca Rueda-Almonacid & Hoyos, 1992",Atelopus muisca,4.6,-73.716667,Cundinamarca,,PRESERVED_SPECIMEN,1989.0,b25cc2e7-36aa-41ff-aa2a-441b12c6d423,,Pontificia Universidad Javeriana (PUJ),MPUJ-ANFB,3115.0,"['COORDINATE_ROUNDED', 'INSTITUTION_MATCH_FUZZY', 'COLLECTION_MATCH_FUZZY']",Atelopus
2650647867,"Atelopus muisca Rueda-Almonacid & Hoyos, 1992",Atelopus muisca,4.6,-73.716667,Cundinamarca,,PRESERVED_SPECIMEN,1989.0,b25cc2e7-36aa-41ff-aa2a-441b12c6d423,,Pontificia Universidad Javeriana (PUJ),MPUJ-ANFB,3115.0,"['COORDINATE_ROUNDED', 'INSTITUTION_MATCH_FUZZY', 'COLLECTION_MATCH_FUZZY']",Atelopus
2650650160,"Atelopus muisca Rueda-Almonacid & Hoyos, 1992",Atelopus muisca,4.6,-73.716667,Cundinamarca,,PRESERVED_SPECIMEN,1989.0,b25cc2e7-36aa-41ff-aa2a-441b12c6d423,,Pontificia Universidad Javeriana (PUJ),MPUJ-ANFB,3115.0,"['COORDINATE_ROUNDED', 'INSTITUTION_MATCH_FUZZY', 'COLLECTION_MATCH_FUZZY']",Atelopus
2650647855,"Atelopus muisca Rueda-Almonacid & Hoyos, 1992",Atelopus muisca,4.6,-73.716667,Cundinamarca,,PRESERVED_SPECIMEN,1989.0,b25cc2e7-36aa-41ff-aa2a-441b12c6d423,,Pontificia Universidad Javeriana (PUJ),MPUJ-ANFB,3115.0,"['COORDINATE_ROUNDED', 'INSTITUTION_MATCH_FUZZY', 'COLLECTION_MATCH_FUZZY']",Atelopus
2650647856,"Atelopus muisca Rueda-Almonacid & Hoyos, 1992",Atelopus muisca,4.6,-73.716667,Cundinamarca,,PRESERVED_SPECIMEN,1989.0,b25cc2e7-36aa-41ff-aa2a-441b12c6d423,,Pontificia Universidad Javeriana (PUJ),MPUJ-ANFB,3115.0,"['COORDINATE_ROUNDED', 'INSTITUTION_MATCH_FUZZY', 'COLLECTION_MATCH_FUZZY']",Atelopus
2650647864,"Atelopus muisca Rueda-Almonacid & Hoyos, 1992",Atelopus muisca,4.6,-73.716667,Cundinamarca,,PRESERVED_SPECIMEN,1989.0,b25cc2e7-36aa-41ff-aa2a-441b12c6d423,,Pontificia Universidad Javeriana (PUJ),MPUJ-ANFB,3115.0,"['COORDINATE_ROUNDED', 'INSTITUTION_MATCH_FUZZY', 'COLLECTION_MATCH_FUZZY']",Atelopus
2650647866,"Atelopus muisca Rueda-Almonacid & Hoyos, 1992",Atelopus muisca,4.6,-73.716667,Cundinamarca,,PRESERVED_SPECIMEN,1989.0,b25cc2e7-36aa-41ff-aa2a-441b12c6d423,,Pontificia Universidad Javeriana (PUJ),MPUJ-ANFB,3115.0,"['COORDINATE_ROUNDED', 'INSTITUTION_MATCH_FUZZY', 'COLLECTION_MATCH_FUZZY']",Atelopus
2650647868,"Atelopus muisca Rueda-Almonacid & Hoyos, 1992",Atelopus muisca,4.6,-73.716667,Cundinamarca,,PRESERVED_SPECIMEN,1989.0,b25cc2e7-36aa-41ff-aa2a-441b12c6d423,,Pontificia Universidad Javeriana (PUJ),MPUJ-ANFB,3115.0,"['COORDINATE_ROUNDED', 'INSTITUTION_MATCH_FUZZY', 'COLLECTION_MATCH_FUZZY']",Atelopus
2650647882,"Atelopus muisca Rueda-Almonacid & Hoyos, 1992",Atelopus muisca,4.6,-73.716667,Cundinamarca,,PRESERVED_SPECIMEN,1989.0,b25cc2e7-36aa-41ff-aa2a-441b12c6d423,,Pontificia Universidad Javeriana (PUJ),MPUJ-ANFB,3115.0,"['COORDINATE_ROUNDED', 'INSTITUTION_MATCH_FUZZY', 'COLLECTION_MATCH_FUZZY']",Atelopus
2650647883,"Atelopus muisca Rueda-Almonacid & Hoyos, 1992",Atelopus muisca,4.6,-73.716667,Cundinamarca,,PRESERVED_SPECIMEN,1989.0,b25cc2e7-36aa-41ff-aa2a-441b12c6d423,,Pontificia Universidad Javeriana (PUJ),MPUJ-ANFB,3115.0,"['COORDINATE_ROUNDED', 'INSTITUTION_MATCH_FUZZY', 'COLLECTION_MATCH_FUZZY']",Atelopus
2650647884,"Atelopus muisca Rueda-Almonacid & Hoyos, 1992",Atelopus muisca,4.6,-73.716667,Cundinamarca,,PRESERVED_SPECIMEN,1989.0,b25cc2e7-36aa-41ff-aa2a-441b12c6d423,,Pontificia Universidad Javeriana (PUJ),MPUJ-ANFB,3115.0,"['COORDINATE_ROUNDED', 'INSTITUTION_MATCH_FUZZY', 'COLLECTION_MATCH_FUZZY']",Atelopus
2650647886,"Atelopus muisca Rueda-Almonacid & Hoyos, 1992",Atelopus muisca,4.6,-73.716667,Cundinamarca,,PRESERVED_SPECIMEN,1989.0,b25cc2e7-36aa-41ff-aa2a-441b12c6d423,,Pontificia Universidad Javeriana (PUJ),MPUJ-ANFB,3115.0,"['COORDINATE_ROUNDED', 'INSTITUTION_MATCH_FUZZY', 'COLLECTION_MATCH_FUZZY']",Atelopus
2650645052,"Atelopus muisca Rueda-Almonacid & Hoyos, 1992",Atelopus muisca,4.527447,-73.772519,Cundinamarca,,PRESERVED_SPECIMEN,1989.0,b25cc2e7-36aa-41ff-aa2a-441b12c6d423,,Pontificia Universidad Javeriana (PUJ),MPUJ-ANFB,650.0,"['INSTITUTION_MATCH_FUZZY', 'COLLECTION_MATCH_FUZZY']",Atelopus
2650647863,"Atelopus muisca Rueda-Almonacid & Hoyos, 1992",Atelopus muisca,4.6,-73.716667,Cundinamarca,,PRESERVED_SPECIMEN,1989.0,b25cc2e7-36aa-41ff-aa2a-441b12c6d423,,Pontificia Universidad Javeriana (PUJ),MPUJ-ANFB,3115.0,"['COORDINATE_ROUNDED', 'INSTITUTION_MATCH_FUZZY', 'COLLECTION_MATCH_FUZZY']",Atelopus
2650647911,"Atelopus muisca Rueda-Almonacid & Hoyos, 1992",Atelopus muisca,4.658649,-74.095922,"Bogotá, D.C.",,PRESERVED_SPECIMEN,1989.0,b25cc2e7-36aa-41ff-aa2a-441b12c6d423,,Pontificia Universidad Javeriana (PUJ),MPUJ-ANFB,530.0,"['INSTITUTION_MATCH_FUZZY', 'COLLECTION_MATCH_FUZZY']",Atelopus
2650647912,"Atelopus muisca Rueda-Almonacid & Hoyos, 1992",Atelopus muisca,4.658649,-74.095922,"Bogotá, D.C.",,PRESERVED_SPECIMEN,1989.0,b25cc2e7-36aa-41ff-aa2a-441b12c6d423,,Pontificia Universidad Javeriana (PUJ),MPUJ-ANFB,530.0,"['INSTITUTION_MATCH_FUZZY', 'COLLECTION_MATCH_FUZZY']",Atelopus
2650652312,"Atelopus subornatus Werner, 1899",Atelopus subornatus,4.709894,-73.860804,Cundinamarca,,PRESERVED_SPECIMEN,1988.0,b25cc2e7-36aa-41ff-aa2a-441b12c6d423,,Pontificia Universidad Javeriana (PUJ),MPUJ-ANFB,130.0,"['INSTITUTION_MATCH_FUZZY', 'COLLECTION_MATCH_FUZZY']",Atelopus
2650652313,"Atelopus subornatus Werner, 1899",Atelopus subornatus,4.709894,-73.860804,Cundinamarca,,PRESERVED_SPECIMEN,1988.0,b25cc2e7-36aa-41ff-aa2a-441b12c6d423,,Pontificia Universidad Javeriana (PUJ),MPUJ-ANFB,130.0,"['INSTITUTION_MATCH_FUZZY', 'COLLECTION_MATCH_FUZZY']",Atelopus
2650652314,"Atelopus subornatus Werner, 1899",Atelopus subornatus,4.709894,-73.860804,Cundinamarca,,PRESERVED_SPECIMEN,1988.0,b25cc2e7-36aa-41ff-aa2a-441b12c6d423,,Pontificia Universidad Javeriana (PUJ),MPUJ-ANFB,130.0,"['INSTITUTION_MATCH_FUZZY', 'COLLECTION_MATCH_FUZZY']",Atelopus
1078948131,"Atelopus longibrachius Rivero, 1963",Atelopus longibrachius,3.860162,-76.419212,Valle del Cauca,,PRESERVED_SPECIMEN,1988.0,aca3452a-0a90-431a-936c-8240ae367911,Colección de Anfibios y Reptiles Departamento de Biología Universidad del Valle,Universidad del Valle,UVC,3652.0,"['INSTITUTION_MATCH_FUZZY', 'COLLECTION_MATCH_FUZZY']",Atelopus
1315034036,"Atelopus nicefori Rivero, 1963",Atelopus nicefori,6.41244,-76.0581,Antioquia,,PRESERVED_SPECIMEN,1988.0,b01bffc2-67b0-4441-806d-65c2cff690b5,,Universidad Nacional de Colombia (UNAL),ICN-MHN-Anf,975.0,"['INSTITUTION_MATCH_FUZZY', 'COLLECTION_MATCH_FUZZY']",Atelopus
1315035095,"Atelopus ebenoides Rivero, 1963",Atelopus ebenoides,5.52324,-73.0752,Boyacá,,PRESERVED_SPECIMEN,1988.0,b01bffc2-67b0-4441-806d-65c2cff690b5,,Universidad Nacional de Colombia (UNAL),ICN-MHN-Anf,4772.0,"['INSTITUTION_MATCH_FUZZY', 'COLLECTION_MATCH_FUZZY']",Atelopus
1315035119,"Atelopus ebenoides Rivero, 1963",Atelopus ebenoides,5.52324,-73.0752,Boyacá,,PRESERVED_SPECIMEN,1988.0,b01bffc2-67b0-4441-806d-65c2cff690b5,,Universidad Nacional de Colombia (UNAL),ICN-MHN-Anf,4772.0,"['INSTITUTION_MATCH_FUZZY', 'COLLECTION_MATCH_FUZZY']",Atelopus
1315035126,"Atelopus ebenoides Rivero, 1963",Atelopus ebenoides,5.52324,-73.0752,Boyacá,,PRESERVED_SPECIMEN,1988.0,b01bffc2-67b0-4441-806d-65c2cff690b5,,Universidad Nacional de Colombia (UNAL),ICN-MHN-Anf,4772.0,"['INSTITUTION_MATCH_FUZZY', 'COLLECTION_MATCH_FUZZY']",Atelopus
2650652309,"Atelopus subornatus Werner, 1899",Atelopus subornatus,4.709894,-73.860804,Cundinamarca,,PRESERVED_SPECIMEN,1988.0,b25cc2e7-36aa-41ff-aa2a-441b12c6d423,,Pontificia Universidad Javeriana (PUJ),MPUJ-ANFB,130.0,"['INSTITUTION_MATCH_FUZZY', 'COLLECTION_MATCH_FUZZY']",Atelopus
2650652301,"Atelopus subornatus Werner, 1899",Atelopus subornatus,4.709894,-73.860804,Cundinamarca,,PRESERVED_SPECIMEN,1988.0,b25cc2e7-36aa-41ff-aa2a-441b12c6d423,,Pontificia Universidad Javeriana (PUJ),MPUJ-ANFB,130.0,"['INSTITUTION_MATCH_FUZZY', 'COLLECTION_MATCH_FUZZY']",Atelopus
2650652302,"Atelopus subornatus Werner, 1899",Atelopus subornatus,4.707508,-73.855403,Cundinamarca,,PRESERVED_SPECIMEN,1988.0,b25cc2e7-36aa-41ff-aa2a-441b12c6d423,,Pontificia Universidad Javeriana (PUJ),MPUJ-ANFB,130.0,"['INSTITUTION_MATCH_FUZZY', 'COLLECTION_MATCH_FUZZY']",Atelopus
2650652308,"Atelopus subornatus Werner, 1899",Atelopus subornatus,4.709894,-73.860804,Cundinamarca,,PRESERVED_SPECIMEN,1988.0,b25cc2e7-36aa-41ff-aa2a-441b12c6d423,,Pontificia Universidad Javeriana (PUJ),MPUJ-ANFB,130.0,"['INSTITUTION_MATCH_FUZZY', 'COLLECTION_MATCH_FUZZY']",Atelopus
1078948180,"Atelopus spurrelli Boulenger, 1914",Atelopus spurrelli,3.983336,-76.949966,Valle del Cauca,Bajo Calima,PRESERVED_SPECIMEN,1988.0,aca3452a-0a90-431a-936c-8240ae367911,Colección de Anfibios y Reptiles Departamento de Biología Universidad del Valle,Universidad del Valle,UVC,4250.0,"['INSTITUTION_MATCH_FUZZY', 'COLLECTION_MATCH_FUZZY']",Atelopus
1078948187,"Atelopus spurrelli Boulenger, 1914",Atelopus spurrelli,3.983336,-76.949966,Valle del Cauca,Bajo Calima,PRESERVED_SPECIMEN,1988.0,aca3452a-0a90-431a-936c-8240ae367911,Colección de Anfibios y Reptiles Departamento de Biología Universidad del Valle,Universidad del Valle,UVC,4250.0,"['INSTITUTION_MATCH_FUZZY', 'COLLECTION_MATCH_FUZZY']",Atelopus
1315033745,"Atelopus subornatus Werner, 1899",Atelopus subornatus,4.06188,-74.433,Cundinamarca,,PRESERVED_SPECIMEN,1988.0,b01bffc2-67b0-4441-806d-65c2cff690b5,,Universidad Nacional de Colombia (UNAL),ICN-MHN-Anf,314.0,"['INSTITUTION_MATCH_FUZZY', 'COLLECTION_MATCH_FUZZY']",Atelopus
1315033782,"Atelopus subornatus Werner, 1899",Atelopus subornatus,4.06188,-74.433,Cundinamarca,,PRESERVED_SPECIMEN,1988.0,b01bffc2-67b0-4441-806d-65c2cff690b5,,Universidad Nacional de Colombia (UNAL),ICN-MHN-Anf,314.0,"['INSTITUTION_MATCH_FUZZY', 'COLLECTION_MATCH_FUZZY']",Atelopus
2650644886,"Atelopus subornatus Werner, 1899",Atelopus subornatus,4.707508,-73.855403,Cundinamarca,,PRESERVED_SPECIMEN,1988.0,b25cc2e7-36aa-41ff-aa2a-441b12c6d423,,Pontificia Universidad Javeriana (PUJ),MPUJ-ANFB,130.0,"['INSTITUTION_MATCH_FUZZY', 'COLLECTION_MATCH_FUZZY']",Atelopus
2650652304,"Atelopus subornatus Werner, 1899",Atelopus subornatus,4.709894,-73.860804,Cundinamarca,,PRESERVED_SPECIMEN,1988.0,b25cc2e7-36aa-41ff-aa2a-441b12c6d423,,Pontificia Universidad Javeriana (PUJ),MPUJ-ANFB,130.0,"['INSTITUTION_MATCH_FUZZY', 'COLLECTION_MATCH_FUZZY']",Atelopus
2650652310,"Atelopus subornatus Werner, 1899",Atelopus subornatus,4.709894,-73.860804,Cundinamarca,,PRESERVED_SPECIMEN,1988.0,b25cc2e7-36aa-41ff-aa2a-441b12c6d423,,Pontificia Universidad Javeriana (PUJ),MPUJ-ANFB,130.0,"['INSTITUTION_MATCH_FUZZY', 'COLLECTION_MATCH_FUZZY']",Atelopus
2650652311,"Atelopus subornatus Werner, 1899",Atelopus subornatus,4.756331,-73.828013,Cundinamarca,,PRESERVED_SPECIMEN,1988.0,b25cc2e7-36aa-41ff-aa2a-441b12c6d423,,Pontificia Universidad Javeriana (PUJ),MPUJ-ANFB,570.0,"['INSTITUTION_MATCH_FUZZY', 'COLLECTION_MATCH_FUZZY']",Atelopus
1078947997,"Atelopus chocoensis Lötters, 1992",Atelopus chocoensis,4.7548,-76.26852,Valle del Cauca,,PRESERVED_SPECIMEN,1987.0,aca3452a-0a90-431a-936c-8240ae367911,Colección de Anfibios y Reptiles Departamento de Biología Universidad del Valle,Universidad del Valle,UVC,1100.0,"['INSTITUTION_MATCH_FUZZY', 'COLLECTION_MATCH_FUZZY']",Atelopus
1315035098,"Atelopus carauta Ruiz-Carranza & Hernández-Camacho, 1978",Atelopus carauta,6.75973,-76.3061,Antioquia,,PRESERVED_SPECIMEN,1987.0,b01bffc2-67b0-4441-806d-65c2cff690b5,,Universidad Nacional de Colombia (UNAL),ICN-MHN-Anf,900.0,"['INSTITUTION_MATCH_FUZZY', 'COLLECTION_MATCH_FUZZY']",Atelopus
1315035121,"Atelopus carauta Ruiz-Carranza & Hernández-Camacho, 1978",Atelopus carauta,6.75174,-76.3216,Antioquia,,PRESERVED_SPECIMEN,1987.0,b01bffc2-67b0-4441-806d-65c2cff690b5,,Universidad Nacional de Colombia (UNAL),ICN-MHN-Anf,900.0,"['INSTITUTION_MATCH_FUZZY', 'COLLECTION_MATCH_FUZZY']",Atelopus
476783602,"Atelopus eusebianus Rivero & Granados-Díaz, 1993",Atelopus eusebianus,2.05,-76.4,Cauca,,PRESERVED_SPECIMEN,1987.0,4bfac3ea-8763-4f4b-a71a-76a6f5f243d3,,MCZ,Herp,1500.0,"['GEODETIC_DATUM_INVALID', 'GEODETIC_DATUM_ASSUMED_WGS84', 'INSTITUTION_MATCH_FUZZY', 'COLLECTION_MATCH_FUZZY']",Atelopus
1317228693,"Atelopus eusebianus Rivero & Granados-Díaz, 1993",Atelopus eusebianus,2.05,-76.4,Cauca,,PRESERVED_SPECIMEN,1987.0,821cc27a-e3bb-4bc5-ac34-89ada245069d,NMNH Extant Biology,USNM,HERP,,"['GEODETIC_DATUM_ASSUMED_WGS84', 'OCCURRENCE_STATUS_INFERRED_FROM_INDIVIDUAL_COUNT']",Atelopus
1078948164,"Atelopus spurrelli Boulenger, 1914",Atelopus spurrelli,4.071083,-77.218966,Valle del Cauca,,PRESERVED_SPECIMEN,1986.0,aca3452a-0a90-431a-936c-8240ae367911,Colección de Anfibios y Reptiles Departamento de Biología Universidad del Valle,Universidad del Valle,UVC,2657.0,"['INSTITUTION_MATCH_FUZZY', 'COLLECTION_MATCH_FUZZY']",Atelopus
1078948167,"Atelopus spurrelli Boulenger, 1914",Atelopus spurrelli,3.942106,-76.968401,Valle del Cauca,Bajo Calima,PRESERVED_SPECIMEN,1986.0,aca3452a-0a90-431a-936c-8240ae367911,Colección de Anfibios y Reptiles Departamento de Biología Universidad del Valle,Universidad del Valle,UVC,3591.0,"['INSTITUTION_MATCH_FUZZY', 'COLLECTION_MATCH_FUZZY']",Atelopus
1078948170,"Atelopus spurrelli Boulenger, 1914",Atelopus spurrelli,4.071083,-77.218966,Valle del Cauca,,PRESERVED_SPECIMEN,1986.0,aca3452a-0a90-431a-936c-8240ae367911,Colección de Anfibios y Reptiles Departamento de Biología Universidad del Valle,Universidad del Valle,UVC,2657.0,"['INSTITUTION_MATCH_FUZZY', 'COLLECTION_MATCH_FUZZY']",Atelopus
1078948171,"Atelopus spurrelli Boulenger, 1914",Atelopus spurrelli,4.071083,-77.218966,Valle del Cauca,,PRESERVED_SPECIMEN,1986.0,aca3452a-0a90-431a-936c-8240ae367911,Colección de Anfibios y Reptiles Departamento de Biología Universidad del Valle,Universidad del Valle,UVC,2657.0,"['INSTITUTION_MATCH_FUZZY', 'COLLECTION_MATCH_FUZZY']",Atelopus
1078948173,"Atelopus spurrelli Boulenger, 1914",Atelopus spurrelli,4.071083,-77.218966,Valle del Cauca,,PRESERVED_SPECIMEN,1986.0,aca3452a-0a90-431a-936c-8240ae367911,Colección de Anfibios y Reptiles Departamento de Biología Universidad del Valle,Universidad del Valle,UVC,2657.0,"['INSTITUTION_MATCH_FUZZY', 'COLLECTION_MATCH_FUZZY']",Atelopus
1078948175,"Atelopus spurrelli Boulenger, 1914",Atelopus spurrelli,4.071083,-77.218966,Valle del Cauca,,PRESERVED_SPECIMEN,1986.0,aca3452a-0a90-431a-936c-8240ae367911,Colección de Anfibios y Reptiles Departamento de Biología Universidad del Valle,Universidad del Valle,UVC,2657.0,"['INSTITUTION_MATCH_FUZZY', 'COLLECTION_MATCH_FUZZY']",Atelopus
1078948242,"Atelopus spurrelli Boulenger, 1914",Atelopus spurrelli,4.071083,-77.218966,Valle del Cauca,,PRESERVED_SPECIMEN,1986.0,aca3452a-0a90-431a-936c-8240ae367911,Colección de Anfibios y Reptiles Departamento de Biología Universidad del Valle,Universidad del Valle,UVC,2657.0,"['INSTITUTION_MATCH_FUZZY', 'COLLECTION_MATCH_FUZZY']",Atelopus
1078948247,"Atelopus spurrelli Boulenger, 1914",Atelopus spurrelli,4.071083,-77.218966,Valle del Cauca,,PRESERVED_SPECIMEN,1986.0,aca3452a-0a90-431a-936c-8240ae367911,Colección de Anfibios y Reptiles Departamento de Biología Universidad del Valle,Universidad del Valle,UVC,2657.0,"['INSTITUTION_MATCH_FUZZY', 'COLLECTION_MATCH_FUZZY']",Atelopus
2650652837,"Atelopus subornatus Werner, 1899",Atelopus subornatus,4.659979,-73.801056,Cundinamarca,,PRESERVED_SPECIMEN,1986.0,b25cc2e7-36aa-41ff-aa2a-441b12c6d423,,Pontificia Universidad Javeriana (PUJ),MPUJ-ANFB,530.0,"['INSTITUTION_MATCH_FUZZY', 'COLLECTION_MATCH_FUZZY']",Atelopus
1315033701,"Atelopus Duméril & Bibron, 1841",,4.59975,-75.3335,Tolima,,PRESERVED_SPECIMEN,1986.0,b01bffc2-67b0-4441-806d-65c2cff690b5,,Universidad Nacional de Colombia (UNAL),ICN-MHN-Anf,600.0,"['INSTITUTION_MATCH_FUZZY', 'COLLECTION_MATCH_FUZZY']",Atelopus
1078948196,"Atelopus spurrelli Boulenger, 1914",Atelopus spurrelli,3.978689,-77.333025,Valle del Cauca,,PRESERVED_SPECIMEN,1985.0,aca3452a-0a90-431a-936c-8240ae367911,Colección de Anfibios y Reptiles Departamento de Biología Universidad del Valle,Universidad del Valle,UVC,2686.0,"['INSTITUTION_MATCH_FUZZY', 'COLLECTION_MATCH_FUZZY']",Atelopus
1078948124,"Atelopus pictiventris Kattan, 1986",Atelopus pictiventris,3.35946,-76.66038,Valle del Cauca,Pance,PRESERVED_SPECIMEN,1985.0,aca3452a-0a90-431a-936c-8240ae367911,Colección de Anfibios y Reptiles Departamento de Biología Universidad del Valle,Universidad del Valle,UVC,1257.0,"['INSTITUTION_MATCH_FUZZY', 'COLLECTION_MATCH_FUZZY']",Atelopus
1078948140,"Atelopus pictiventris Kattan, 1986",Atelopus pictiventris,3.35946,-76.66038,Valle del Cauca,Pance,PRESERVED_SPECIMEN,1985.0,aca3452a-0a90-431a-936c-8240ae367911,Colección de Anfibios y Reptiles Departamento de Biología Universidad del Valle,Universidad del Valle,UVC,1257.0,"['INSTITUTION_MATCH_FUZZY', 'COLLECTION_MATCH_FUZZY']",Atelopus
1078948145,"Atelopus pictiventris Kattan, 1986",Atelopus pictiventris,3.35946,-76.66038,Valle del Cauca,Pance,PRESERVED_SPECIMEN,1985.0,aca3452a-0a90-431a-936c-8240ae367911,Colección de Anfibios y Reptiles Departamento de Biología Universidad del Valle,Universidad del Valle,UVC,1257.0,"['INSTITUTION_MATCH_FUZZY', 'COLLECTION_MATCH_FUZZY']",Atelopus
1315035104,"Atelopus farci Lynch, 1993",Atelopus farci,4.90477,-74.4294,Cundinamarca,,PRESERVED_SPECIMEN,1985.0,b01bffc2-67b0-4441-806d-65c2cff690b5,,Universidad Nacional de Colombia (UNAL),ICN-MHN-Anf,550.0,"['INSTITUTION_MATCH_FUZZY', 'COLLECTION_MATCH_FUZZY']",Atelopus
1315035147,"Atelopus farci Lynch, 1993",Atelopus farci,4.90477,-74.4294,Cundinamarca,,PRESERVED_SPECIMEN,1985.0,b01bffc2-67b0-4441-806d-65c2cff690b5,,Universidad Nacional de Colombia (UNAL),ICN-MHN-Anf,550.0,"['INSTITUTION_MATCH_FUZZY', 'COLLECTION_MATCH_FUZZY']",Atelopus
1315035148,"Atelopus farci Lynch, 1993",Atelopus farci,4.90477,-74.4294,Cundinamarca,,PRESERVED_SPECIMEN,1985.0,b01bffc2-67b0-4441-806d-65c2cff690b5,,Universidad Nacional de Colombia (UNAL),ICN-MHN-Anf,550.0,"['INSTITUTION_MATCH_FUZZY', 'COLLECTION_MATCH_FUZZY']",Atelopus
1315035166,"Atelopus farci Lynch, 1993",Atelopus farci,4.90477,-74.4294,Cundinamarca,,PRESERVED_SPECIMEN,1985.0,b01bffc2-67b0-4441-806d-65c2cff690b5,,Universidad Nacional de Colombia (UNAL),ICN-MHN-Anf,550.0,"['INSTITUTION_MATCH_FUZZY', 'COLLECTION_MATCH_FUZZY']",Atelopus
1315033664,"Atelopus sernai Ruiz-Carranza & Osorno-Muñoz, 1994",Atelopus sernai,6.35086,-75.6393,Antioquia,,PRESERVED_SPECIMEN,1985.0,b01bffc2-67b0-4441-806d-65c2cff690b5,,Universidad Nacional de Colombia (UNAL),ICN-MHN-Anf,1750.0,"['INSTITUTION_MATCH_FUZZY', 'COLLECTION_MATCH_FUZZY']",Atelopus
1315033694,"Atelopus Duméril & Bibron, 1841",,4.63409,-73.725,Cundinamarca,,PRESERVED_SPECIMEN,1984.0,b01bffc2-67b0-4441-806d-65c2cff690b5,,Universidad Nacional de Colombia (UNAL),ICN-MHN-Anf,1260.0,"['INSTITUTION_MATCH_FUZZY', 'COLLECTION_MATCH_FUZZY']",Atelopus
1315033697,"Atelopus Duméril & Bibron, 1841",,4.63409,-73.725,Cundinamarca,,PRESERVED_SPECIMEN,1984.0,b01bffc2-67b0-4441-806d-65c2cff690b5,,Universidad Nacional de Colombia (UNAL),ICN-MHN-Anf,1260.0,"['INSTITUTION_MATCH_FUZZY', 'COLLECTION_MATCH_FUZZY']",Atelopus
1315033702,"Atelopus Duméril & Bibron, 1841",,4.63409,-73.725,Cundinamarca,,PRESERVED_SPECIMEN,1984.0,b01bffc2-67b0-4441-806d-65c2cff690b5,,Universidad Nacional de Colombia (UNAL),ICN-MHN-Anf,1260.0,"['INSTITUTION_MATCH_FUZZY', 'COLLECTION_MATCH_FUZZY']",Atelopus
1315033703,"Atelopus Duméril & Bibron, 1841",,4.63409,-73.725,Cundinamarca,,PRESERVED_SPECIMEN,1984.0,b01bffc2-67b0-4441-806d-65c2cff690b5,,Universidad Nacional de Colombia (UNAL),ICN-MHN-Anf,1260.0,"['INSTITUTION_MATCH_FUZZY', 'COLLECTION_MATCH_FUZZY']",Atelopus
1315033725,"Atelopus Duméril & Bibron, 1841",,4.63409,-73.725,Cundinamarca,,PRESERVED_SPECIMEN,1984.0,b01bffc2-67b0-4441-806d-65c2cff690b5,,Universidad Nacional de Colombia (UNAL),ICN-MHN-Anf,1260.0,"['INSTITUTION_MATCH_FUZZY', 'COLLECTION_MATCH_FUZZY']",Atelopus
1315033736,"Atelopus Duméril & Bibron, 1841",,4.63409,-73.725,Cundinamarca,,PRESERVED_SPECIMEN,1984.0,b01bffc2-67b0-4441-806d-65c2cff690b5,,Universidad Nacional de Colombia (UNAL),ICN-MHN-Anf,1260.0,"['INSTITUTION_MATCH_FUZZY', 'COLLECTION_MATCH_FUZZY']",Atelopus
1315033742,"Atelopus Duméril & Bibron, 1841",,4.63409,-73.725,Cundinamarca,,PRESERVED_SPECIMEN,1984.0,b01bffc2-67b0-4441-806d-65c2cff690b5,,Universidad Nacional de Colombia (UNAL),ICN-MHN-Anf,1260.0,"['INSTITUTION_MATCH_FUZZY', 'COLLECTION_MATCH_FUZZY']",Atelopus
1315033748,"Atelopus Duméril & Bibron, 1841",,4.63409,-73.725,Cundinamarca,,PRESERVED_SPECIMEN,1984.0,b01bffc2-67b0-4441-806d-65c2cff690b5,,Universidad Nacional de Colombia (UNAL),ICN-MHN-Anf,1260.0,"['INSTITUTION_MATCH_FUZZY', 'COLLECTION_MATCH_FUZZY']",Atelopus
1315033757,"Atelopus Duméril & Bibron, 1841",,4.63409,-73.725,Cundinamarca,,PRESERVED_SPECIMEN,1984.0,b01bffc2-67b0-4441-806d-65c2cff690b5,,Universidad Nacional de Colombia (UNAL),ICN-MHN-Anf,1260.0,"['INSTITUTION_MATCH_FUZZY', 'COLLECTION_MATCH_FUZZY']",Atelopus
1315033776,"Atelopus Duméril & Bibron, 1841",,4.63409,-73.725,Cundinamarca,,PRESERVED_SPECIMEN,1984.0,b01bffc2-67b0-4441-806d-65c2cff690b5,,Universidad Nacional de Colombia (UNAL),ICN-MHN-Anf,1260.0,"['INSTITUTION_MATCH_FUZZY', 'COLLECTION_MATCH_FUZZY']",Atelopus
1315033802,"Atelopus Duméril & Bibron, 1841",,4.63409,-73.725,Cundinamarca,,PRESERVED_SPECIMEN,1984.0,b01bffc2-67b0-4441-806d-65c2cff690b5,,Universidad Nacional de Colombia (UNAL),ICN-MHN-Anf,1260.0,"['INSTITUTION_MATCH_FUZZY', 'COLLECTION_MATCH_FUZZY']",Atelopus
1315033804,"Atelopus Duméril & Bibron, 1841",,4.63409,-73.725,Cundinamarca,,PRESERVED_SPECIMEN,1984.0,b01bffc2-67b0-4441-806d-65c2cff690b5,,Universidad Nacional de Colombia (UNAL),ICN-MHN-Anf,1260.0,"['INSTITUTION_MATCH_FUZZY', 'COLLECTION_MATCH_FUZZY']",Atelopus
476533028,"Atelopus carauta Ruiz-Carranza & Hernández-Camacho, 1978",Atelopus carauta,6.53691,-76.24451,Antioquia,,PRESERVED_SPECIMEN,1984.0,4bfac3ea-8763-4f4b-a71a-76a6f5f243d3,,MCZ,Herp,4940.0,"['INSTITUTION_MATCH_FUZZY', 'COLLECTION_MATCH_FUZZY']",Atelopus
1315033932,"Atelopus minutulus Ruiz-Carranza, Hernández-Camacho & Ardila-Robayo, 1988",Atelopus minutulus,4.17287,-73.816,Meta,,PRESERVED_SPECIMEN,1984.0,b01bffc2-67b0-4441-806d-65c2cff690b5,,Universidad Nacional de Colombia (UNAL),ICN-MHN-Anf,1538.0,"['INSTITUTION_MATCH_FUZZY', 'COLLECTION_MATCH_FUZZY']",Atelopus
1078948188,"Atelopus spurrelli Boulenger, 1914",Atelopus spurrelli,3.983336,-76.949966,Valle del Cauca,Bajo Calima,PRESERVED_SPECIMEN,1984.0,aca3452a-0a90-431a-936c-8240ae367911,Colección de Anfibios y Reptiles Departamento de Biología Universidad del Valle,Universidad del Valle,UVC,4250.0,"['INSTITUTION_MATCH_FUZZY', 'COLLECTION_MATCH_FUZZY']",Atelopus
1078948183,"Atelopus spurrelli Boulenger, 1914",Atelopus spurrelli,3.983336,-76.949966,Valle del Cauca,Bajo Calima,PRESERVED_SPECIMEN,1984.0,aca3452a-0a90-431a-936c-8240ae367911,Colección de Anfibios y Reptiles Departamento de Biología Universidad del Valle,Universidad del Valle,UVC,4250.0,"['INSTITUTION_MATCH_FUZZY', 'COLLECTION_MATCH_FUZZY']",Atelopus
4912443520,"Atelopus eusebianus Rivero & Granados-Díaz, 1993",Atelopus eusebianus,2.5575,-76.07027,Valle del Cauca,,MATERIAL_SAMPLE,1983.0,7b20c426-defe-45ff-82a2-bb00141e1e8f,Bioweb,QCAZ,QCAZA,,"['CONTINENT_INVALID', 'CONTINENT_DERIVED_FROM_COORDINATES', 'TAXON_ID_NOT_FOUND']",Atelopus
4912443521,"Atelopus eusebianus Rivero & Granados-Díaz, 1993",Atelopus eusebianus,2.5575,-76.07027,Valle del Cauca,,MATERIAL_SAMPLE,1983.0,7b20c426-defe-45ff-82a2-bb00141e1e8f,Bioweb,QCAZ,QCAZA,,"['CONTINENT_INVALID', 'CONTINENT_DERIVED_FROM_COORDINATES', 'TAXON_ID_NOT_FOUND']",Atelopus
4912443522,"Atelopus eusebianus Rivero & Granados-Díaz, 1993",Atelopus eusebianus,2.5575,-76.07027,Valle del Cauca,,MATERIAL_SAMPLE,1983.0,7b20c426-defe-45ff-82a2-bb00141e1e8f,Bioweb,QCAZ,QCAZA,,"['CONTINENT_INVALID', 'CONTINENT_DERIVED_FROM_COORDINATES', 'TAXON_ID_NOT_FOUND']",Atelopus
1315033949,"Atelopus monohernandezii Ardila-Robayo, Osorno-Muñoz & Ruiz-Carranza, 2002",Atelopus monohernandezii,6.01456,-73.2157,Santander,,PRESERVED_SPECIMEN,1983.0,b01bffc2-67b0-4441-806d-65c2cff690b5,,Universidad Nacional de Colombia (UNAL),ICN-MHN-Anf,1070.0,"['TAXON_MATCH_FUZZY', 'INSTITUTION_MATCH_FUZZY', 'COLLECTION_MATCH_FUZZY']",Atelopus
1315033956,"Atelopus monohernandezii Ardila-Robayo, Osorno-Muñoz & Ruiz-Carranza, 2002",Atelopus monohernandezii,6.01456,-73.2157,Santander,,PRESERVED_SPECIMEN,1983.0,b01bffc2-67b0-4441-806d-65c2cff690b5,,Universidad Nacional de Colombia (UNAL),ICN-MHN-Anf,1070.0,"['TAXON_MATCH_FUZZY', 'INSTITUTION_MATCH_FUZZY', 'COLLECTION_MATCH_FUZZY']",Atelopus
1315033957,"Atelopus monohernandezii Ardila-Robayo, Osorno-Muñoz & Ruiz-Carranza, 2002",Atelopus monohernandezii,6.01456,-73.2157,Santander,,PRESERVED_SPECIMEN,1983.0,b01bffc2-67b0-4441-806d-65c2cff690b5,,Universidad Nacional de Colombia (UNAL),ICN-MHN-Anf,1070.0,"['TAXON_MATCH_FUZZY', 'INSTITUTION_MATCH_FUZZY', 'COLLECTION_MATCH_FUZZY']",Atelopus
1315033964,"Atelopus monohernandezii Ardila-Robayo, Osorno-Muñoz & Ruiz-Carranza, 2002",Atelopus monohernandezii,6.01456,-73.2157,Santander,,PRESERVED_SPECIMEN,1983.0,b01bffc2-67b0-4441-806d-65c2cff690b5,,Universidad Nacional de Colombia (UNAL),ICN-MHN-Anf,1070.0,"['TAXON_MATCH_FUZZY', 'INSTITUTION_MATCH_FUZZY', 'COLLECTION_MATCH_FUZZY']",Atelopus
1315033969,"Atelopus monohernandezii Ardila-Robayo, Osorno-Muñoz & Ruiz-Carranza, 2002",Atelopus monohernandezii,6.01456,-73.2157,Santander,,PRESERVED_SPECIMEN,1983.0,b01bffc2-67b0-4441-806d-65c2cff690b5,,Universidad Nacional de Colombia (UNAL),ICN-MHN-Anf,1070.0,"['TAXON_MATCH_FUZZY', 'INSTITUTION_MATCH_FUZZY', 'COLLECTION_MATCH_FUZZY']",Atelopus
1315033970,"Atelopus monohernandezii Ardila-Robayo, Osorno-Muñoz & Ruiz-Carranza, 2002",Atelopus monohernandezii,6.01456,-73.2157,Santander,,PRESERVED_SPECIMEN,1983.0,b01bffc2-67b0-4441-806d-65c2cff690b5,,Universidad Nacional de Colombia (UNAL),ICN-MHN-Anf,1070.0,"['TAXON_MATCH_FUZZY', 'INSTITUTION_MATCH_FUZZY', 'COLLECTION_MATCH_FUZZY']",Atelopus
1315033974,"Atelopus monohernandezii Ardila-Robayo, Osorno-Muñoz & Ruiz-Carranza, 2002",Atelopus monohernandezii,6.01456,-73.2157,Santander,,PRESERVED_SPECIMEN,1983.0,b01bffc2-67b0-4441-806d-65c2cff690b5,,Universidad Nacional de Colombia (UNAL),ICN-MHN-Anf,1070.0,"['TAXON_MATCH_FUZZY', 'INSTITUTION_MATCH_FUZZY', 'COLLECTION_MATCH_FUZZY']",Atelopus
1315033979,"Atelopus monohernandezii Ardila-Robayo, Osorno-Muñoz & Ruiz-Carranza, 2002",Atelopus monohernandezii,6.01456,-73.2157,Santander,,PRESERVED_SPECIMEN,1983.0,b01bffc2-67b0-4441-806d-65c2cff690b5,,Universidad Nacional de Colombia (UNAL),ICN-MHN-Anf,1070.0,"['TAXON_MATCH_FUZZY', 'INSTITUTION_MATCH_FUZZY', 'COLLECTION_MATCH_FUZZY']",Atelopus
1315033982,"Atelopus monohernandezii Ardila-Robayo, Osorno-Muñoz & Ruiz-Carranza, 2002",Atelopus monohernandezii,6.01456,-73.2157,Santander,,PRESERVED_SPECIMEN,1983.0,b01bffc2-67b0-4441-806d-65c2cff690b5,,Universidad Nacional de Colombia (UNAL),ICN-MHN-Anf,1070.0,"['TAXON_MATCH_FUZZY', 'INSTITUTION_MATCH_FUZZY', 'COLLECTION_MATCH_FUZZY']",Atelopus
1315033988,"Atelopus monohernandezii Ardila-Robayo, Osorno-Muñoz & Ruiz-Carranza, 2002",Atelopus monohernandezii,6.01456,-73.2157,Santander,,PRESERVED_SPECIMEN,1983.0,b01bffc2-67b0-4441-806d-65c2cff690b5,,Universidad Nacional de Colombia (UNAL),ICN-MHN-Anf,1070.0,"['TAXON_MATCH_FUZZY', 'INSTITUTION_MATCH_FUZZY', 'COLLECTION_MATCH_FUZZY']",Atelopus
1315033989,"Atelopus monohernandezii Ardila-Robayo, Osorno-Muñoz & Ruiz-Carranza, 2002",Atelopus monohernandezii,6.01456,-73.2157,Santander,,PRESERVED_SPECIMEN,1983.0,b01bffc2-67b0-4441-806d-65c2cff690b5,,Universidad Nacional de Colombia (UNAL),ICN-MHN-Anf,1070.0,"['TAXON_MATCH_FUZZY', 'INSTITUTION_MATCH_FUZZY', 'COLLECTION_MATCH_FUZZY']",Atelopus
1315033997,"Atelopus monohernandezii Ardila-Robayo, Osorno-Muñoz & Ruiz-Carranza, 2002",Atelopus monohernandezii,6.01456,-73.2157,Santander,,PRESERVED_SPECIMEN,1983.0,b01bffc2-67b0-4441-806d-65c2cff690b5,,Universidad Nacional de Colombia (UNAL),ICN-MHN-Anf,1070.0,"['TAXON_MATCH_FUZZY', 'INSTITUTION_MATCH_FUZZY', 'COLLECTION_MATCH_FUZZY']",Atelopus
1315034005,"Atelopus monohernandezii Ardila-Robayo, Osorno-Muñoz & Ruiz-Carranza, 2002",Atelopus monohernandezii,6.01456,-73.2157,Santander,,PRESERVED_SPECIMEN,1983.0,b01bffc2-67b0-4441-806d-65c2cff690b5,,Universidad Nacional de Colombia (UNAL),ICN-MHN-Anf,1070.0,"['TAXON_MATCH_FUZZY', 'INSTITUTION_MATCH_FUZZY', 'COLLECTION_MATCH_FUZZY']",Atelopus
1315034009,"Atelopus monohernandezii Ardila-Robayo, Osorno-Muñoz & Ruiz-Carranza, 2002",Atelopus monohernandezii,6.01456,-73.2157,Santander,,PRESERVED_SPECIMEN,1983.0,b01bffc2-67b0-4441-806d-65c2cff690b5,,Universidad Nacional de Colombia (UNAL),ICN-MHN-Anf,1070.0,"['TAXON_MATCH_FUZZY', 'INSTITUTION_MATCH_FUZZY', 'COLLECTION_MATCH_FUZZY']",Atelopus
1315034015,"Atelopus monohernandezii Ardila-Robayo, Osorno-Muñoz & Ruiz-Carranza, 2002",Atelopus monohernandezii,6.01456,-73.2157,Santander,,PRESERVED_SPECIMEN,1983.0,b01bffc2-67b0-4441-806d-65c2cff690b5,,Universidad Nacional de Colombia (UNAL),ICN-MHN-Anf,1070.0,"['TAXON_MATCH_FUZZY', 'INSTITUTION_MATCH_FUZZY', 'COLLECTION_MATCH_FUZZY']",Atelopus
1315034017,"Atelopus monohernandezii Ardila-Robayo, Osorno-Muñoz & Ruiz-Carranza, 2002",Atelopus monohernandezii,6.01456,-73.2157,Santander,,PRESERVED_SPECIMEN,1983.0,b01bffc2-67b0-4441-806d-65c2cff690b5,,Universidad Nacional de Colombia (UNAL),ICN-MHN-Anf,1070.0,"['TAXON_MATCH_FUZZY', 'INSTITUTION_MATCH_FUZZY', 'COLLECTION_MATCH_FUZZY']",Atelopus
1315034023,"Atelopus monohernandezii Ardila-Robayo, Osorno-Muñoz & Ruiz-Carranza, 2002",Atelopus monohernandezii,6.01456,-73.2157,Santander,,PRESERVED_SPECIMEN,1983.0,b01bffc2-67b0-4441-806d-65c2cff690b5,,Universidad Nacional de Colombia (UNAL),ICN-MHN-Anf,1070.0,"['TAXON_MATCH_FUZZY', 'INSTITUTION_MATCH_FUZZY', 'COLLECTION_MATCH_FUZZY']",Atelopus
1315034031,"Atelopus monohernandezii Ardila-Robayo, Osorno-Muñoz & Ruiz-Carranza, 2002",Atelopus monohernandezii,6.01456,-73.2157,Santander,,PRESERVED_SPECIMEN,1983.0,b01bffc2-67b0-4441-806d-65c2cff690b5,,Universidad Nacional de Colombia (UNAL),ICN-MHN-Anf,1070.0,"['TAXON_MATCH_FUZZY', 'INSTITUTION_MATCH_FUZZY', 'COLLECTION_MATCH_FUZZY']",Atelopus
1315034034,"Atelopus monohernandezii Ardila-Robayo, Osorno-Muñoz & Ruiz-Carranza, 2002",Atelopus monohernandezii,6.01456,-73.2157,Santander,,PRESERVED_SPECIMEN,1983.0,b01bffc2-67b0-4441-806d-65c2cff690b5,,Universidad Nacional de Colombia (UNAL),ICN-MHN-Anf,1070.0,"['TAXON_MATCH_FUZZY', 'INSTITUTION_MATCH_FUZZY', 'COLLECTION_MATCH_FUZZY']",Atelopus
1315034043,"Atelopus monohernandezii Ardila-Robayo, Osorno-Muñoz & Ruiz-Carranza, 2002",Atelopus monohernandezii,6.01456,-73.2157,Santander,,PRESERVED_SPECIMEN,1983.0,b01bffc2-67b0-4441-806d-65c2cff690b5,,Universidad Nacional de Colombia (UNAL),ICN-MHN-Anf,1070.0,"['TAXON_MATCH_FUZZY', 'INSTITUTION_MATCH_FUZZY', 'COLLECTION_MATCH_FUZZY']",Atelopus
1315034049,"Atelopus monohernandezii Ardila-Robayo, Osorno-Muñoz & Ruiz-Carranza, 2002",Atelopus monohernandezii,6.01456,-73.2157,Santander,,PRESERVED_SPECIMEN,1983.0,b01bffc2-67b0-4441-806d-65c2cff690b5,,Universidad Nacional de Colombia (UNAL),ICN-MHN-Anf,1070.0,"['TAXON_MATCH_FUZZY', 'INSTITUTION_MATCH_FUZZY', 'COLLECTION_MATCH_FUZZY']",Atelopus
1315034059,"Atelopus monohernandezii Ardila-Robayo, Osorno-Muñoz & Ruiz-Carranza, 2002",Atelopus monohernandezii,6.01456,-73.2157,Santander,,PRESERVED_SPECIMEN,1983.0,b01bffc2-67b0-4441-806d-65c2cff690b5,,Universidad Nacional de Colombia (UNAL),ICN-MHN-Anf,1070.0,"['TAXON_MATCH_FUZZY', 'INSTITUTION_MATCH_FUZZY', 'COLLECTION_MATCH_FUZZY']",Atelopus
1315034060,"Atelopus monohernandezii Ardila-Robayo, Osorno-Muñoz & Ruiz-Carranza, 2002",Atelopus monohernandezii,6.01456,-73.2157,Santander,,PRESERVED_SPECIMEN,1983.0,b01bffc2-67b0-4441-806d-65c2cff690b5,,Universidad Nacional de Colombia (UNAL),ICN-MHN-Anf,1070.0,"['TAXON_MATCH_FUZZY', 'INSTITUTION_MATCH_FUZZY', 'COLLECTION_MATCH_FUZZY']",Atelopus
1315034081,"Atelopus monohernandezii Ardila-Robayo, Osorno-Muñoz & Ruiz-Carranza, 2002",Atelopus monohernandezii,6.01456,-73.2157,Santander,,PRESERVED_SPECIMEN,1983.0,b01bffc2-67b0-4441-806d-65c2cff690b5,,Universidad Nacional de Colombia (UNAL),ICN-MHN-Anf,1070.0,"['TAXON_MATCH_FUZZY', 'INSTITUTION_MATCH_FUZZY', 'COLLECTION_MATCH_FUZZY']",Atelopus
1315034111,"Atelopus monohernandezii Ardila-Robayo, Osorno-Muñoz & Ruiz-Carranza, 2002",Atelopus monohernandezii,6.01456,-73.2157,Santander,,PRESERVED_SPECIMEN,1983.0,b01bffc2-67b0-4441-806d-65c2cff690b5,,Universidad Nacional de Colombia (UNAL),ICN-MHN-Anf,1070.0,"['TAXON_MATCH_FUZZY', 'INSTITUTION_MATCH_FUZZY', 'COLLECTION_MATCH_FUZZY']",Atelopus
1315033731,"Atelopus Duméril & Bibron, 1841",,4.91774,-74.4238,Cundinamarca,,PRESERVED_SPECIMEN,1983.0,b01bffc2-67b0-4441-806d-65c2cff690b5,,Universidad Nacional de Colombia (UNAL),ICN-MHN-Anf,3868.0,"['INSTITUTION_MATCH_FUZZY', 'COLLECTION_MATCH_FUZZY']",Atelopus
1315033733,"Atelopus Duméril & Bibron, 1841",,4.91774,-74.4238,Cundinamarca,,PRESERVED_SPECIMEN,1983.0,b01bffc2-67b0-4441-806d-65c2cff690b5,,Universidad Nacional de Colombia (UNAL),ICN-MHN-Anf,3868.0,"['INSTITUTION_MATCH_FUZZY', 'COLLECTION_MATCH_FUZZY']",Atelopus
2640763048,"Atelopus subornatus Werner, 1899",Atelopus subornatus,4.4491,-74.28287,Cundinamarca,,PRESERVED_SPECIMEN,1983.0,5f19459c-0da2-4d2a-8180-87a917410b07,Colección de ranas del Museo de La Salle,Universidad de La Salle (La Salle),MLS-ran,,"['INSTITUTION_MATCH_FUZZY', 'COLLECTION_MATCH_FUZZY']",Atelopus
2640763098,"Atelopus subornatus Werner, 1899",Atelopus subornatus,4.4491,-74.28287,Cundinamarca,,PRESERVED_SPECIMEN,1983.0,5f19459c-0da2-4d2a-8180-87a917410b07,Colección de ranas del Museo de La Salle,Universidad de La Salle (La Salle),MLS-ran,,"['INSTITUTION_MATCH_FUZZY', 'COLLECTION_MATCH_FUZZY']",Atelopus
1078948174,"Atelopus spurrelli Boulenger, 1914",Atelopus spurrelli,4.0,-76.983333,Valle del Cauca,Bajo Calima,PRESERVED_SPECIMEN,1982.0,aca3452a-0a90-431a-936c-8240ae367911,Colección de Anfibios y Reptiles Departamento de Biología Universidad del Valle,Universidad del Valle,UVC,871.0,"['RECORDED_DATE_MISMATCH', 'INSTITUTION_MATCH_FUZZY', 'COLLECTION_MATCH_FUZZY']",Atelopus
1078948144,"Atelopus spurrelli Boulenger, 1914",Atelopus spurrelli,3.983336,-76.949966,Valle del Cauca,Bajo Calima,PRESERVED_SPECIMEN,1982.0,aca3452a-0a90-431a-936c-8240ae367911,Colección de Anfibios y Reptiles Departamento de Biología Universidad del Valle,Universidad del Valle,UVC,4250.0,"['INSTITUTION_MATCH_FUZZY', 'COLLECTION_MATCH_FUZZY']",Atelopus
1078948151,"Atelopus spurrelli Boulenger, 1914",Atelopus spurrelli,3.983336,-76.949966,Valle del Cauca,Bajo Calima,PRESERVED_SPECIMEN,1982.0,aca3452a-0a90-431a-936c-8240ae367911,Colección de Anfibios y Reptiles Departamento de Biología Universidad del Valle,Universidad del Valle,UVC,4250.0,"['INSTITUTION_MATCH_FUZZY', 'COLLECTION_MATCH_FUZZY']",Atelopus
1078948152,"Atelopus spurrelli Boulenger, 1914",Atelopus spurrelli,3.983336,-76.949966,Valle del Cauca,Bajo Calima,PRESERVED_SPECIMEN,1982.0,aca3452a-0a90-431a-936c-8240ae367911,Colección de Anfibios y Reptiles Departamento de Biología Universidad del Valle,Universidad del Valle,UVC,4250.0,"['INSTITUTION_MATCH_FUZZY', 'COLLECTION_MATCH_FUZZY']",Atelopus
1078948159,"Atelopus spurrelli Boulenger, 1914",Atelopus spurrelli,3.983336,-76.949966,Valle del Cauca,Bajo Calima,PRESERVED_SPECIMEN,1982.0,aca3452a-0a90-431a-936c-8240ae367911,Colección de Anfibios y Reptiles Departamento de Biología Universidad del Valle,Universidad del Valle,UVC,4250.0,"['INSTITUTION_MATCH_FUZZY', 'COLLECTION_MATCH_FUZZY']",Atelopus
1078948162,"Atelopus spurrelli Boulenger, 1914",Atelopus spurrelli,3.983336,-76.949966,Valle del Cauca,Bajo Calima,PRESERVED_SPECIMEN,1982.0,aca3452a-0a90-431a-936c-8240ae367911,Colección de Anfibios y Reptiles Departamento de Biología Universidad del Valle,Universidad del Valle,UVC,4250.0,"['INSTITUTION_MATCH_FUZZY', 'COLLECTION_MATCH_FUZZY']",Atelopus
1078948166,"Atelopus spurrelli Boulenger, 1914",Atelopus spurrelli,3.983336,-76.949966,Valle del Cauca,Bajo Calima,PRESERVED_SPECIMEN,1982.0,aca3452a-0a90-431a-936c-8240ae367911,Colección de Anfibios y Reptiles Departamento de Biología Universidad del Valle,Universidad del Valle,UVC,4250.0,"['INSTITUTION_MATCH_FUZZY', 'COLLECTION_MATCH_FUZZY']",Atelopus
1078948181,"Atelopus spurrelli Boulenger, 1914",Atelopus spurrelli,3.983336,-76.949966,Valle del Cauca,Bajo Calima,PRESERVED_SPECIMEN,1982.0,aca3452a-0a90-431a-936c-8240ae367911,Colección de Anfibios y Reptiles Departamento de Biología Universidad del Valle,Universidad del Valle,UVC,4250.0,"['INSTITUTION_MATCH_FUZZY', 'COLLECTION_MATCH_FUZZY']",Atelopus
1315033760,"Atelopus Duméril & Bibron, 1841",,6.01853,-73.1929,Santander,,PRESERVED_SPECIMEN,1981.0,b01bffc2-67b0-4441-806d-65c2cff690b5,,Universidad Nacional de Colombia (UNAL),ICN-MHN-Anf,1288.0,"['INSTITUTION_MATCH_FUZZY', 'COLLECTION_MATCH_FUZZY']",Atelopus
1315033931,"Atelopus monohernandezii Ardila-Robayo, Osorno-Muñoz & Ruiz-Carranza, 2002",Atelopus monohernandezii,6.01826,-73.1931,Santander,,PRESERVED_SPECIMEN,1981.0,b01bffc2-67b0-4441-806d-65c2cff690b5,,Universidad Nacional de Colombia (UNAL),ICN-MHN-Anf,1275.0,"['TAXON_MATCH_FUZZY', 'INSTITUTION_MATCH_FUZZY', 'COLLECTION_MATCH_FUZZY']",Atelopus
1315033939,"Atelopus monohernandezii Ardila-Robayo, Osorno-Muñoz & Ruiz-Carranza, 2002",Atelopus monohernandezii,6.01826,-73.1931,Santander,,PRESERVED_SPECIMEN,1981.0,b01bffc2-67b0-4441-806d-65c2cff690b5,,Universidad Nacional de Colombia (UNAL),ICN-MHN-Anf,1275.0,"['TAXON_MATCH_FUZZY', 'INSTITUTION_MATCH_FUZZY', 'COLLECTION_MATCH_FUZZY']",Atelopus
1315033955,"Atelopus monohernandezii Ardila-Robayo, Osorno-Muñoz & Ruiz-Carranza, 2002",Atelopus monohernandezii,6.01826,-73.1931,Santander,,PRESERVED_SPECIMEN,1981.0,b01bffc2-67b0-4441-806d-65c2cff690b5,,Universidad Nacional de Colombia (UNAL),ICN-MHN-Anf,1275.0,"['TAXON_MATCH_FUZZY', 'INSTITUTION_MATCH_FUZZY', 'COLLECTION_MATCH_FUZZY']",Atelopus
1315033962,"Atelopus monohernandezii Ardila-Robayo, Osorno-Muñoz & Ruiz-Carranza, 2002",Atelopus monohernandezii,6.01826,-73.1931,Santander,,PRESERVED_SPECIMEN,1981.0,b01bffc2-67b0-4441-806d-65c2cff690b5,,Universidad Nacional de Colombia (UNAL),ICN-MHN-Anf,1275.0,"['TAXON_MATCH_FUZZY', 'INSTITUTION_MATCH_FUZZY', 'COLLECTION_MATCH_FUZZY']",Atelopus
1315033972,"Atelopus monohernandezii Ardila-Robayo, Osorno-Muñoz & Ruiz-Carranza, 2002",Atelopus monohernandezii,6.01853,-73.1929,Santander,,PRESERVED_SPECIMEN,1981.0,b01bffc2-67b0-4441-806d-65c2cff690b5,,Universidad Nacional de Colombia (UNAL),ICN-MHN-Anf,1288.0,"['TAXON_MATCH_FUZZY', 'INSTITUTION_MATCH_FUZZY', 'COLLECTION_MATCH_FUZZY']",Atelopus
1315033980,"Atelopus monohernandezii Ardila-Robayo, Osorno-Muñoz & Ruiz-Carranza, 2002",Atelopus monohernandezii,6.01826,-73.1931,Santander,,PRESERVED_SPECIMEN,1981.0,b01bffc2-67b0-4441-806d-65c2cff690b5,,Universidad Nacional de Colombia (UNAL),ICN-MHN-Anf,1275.0,"['TAXON_MATCH_FUZZY', 'INSTITUTION_MATCH_FUZZY', 'COLLECTION_MATCH_FUZZY']",Atelopus
1315033985,"Atelopus monohernandezii Ardila-Robayo, Osorno-Muñoz & Ruiz-Carranza, 2002",Atelopus monohernandezii,6.01826,-73.1931,Santander,,PRESERVED_SPECIMEN,1981.0,b01bffc2-67b0-4441-806d-65c2cff690b5,,Universidad Nacional de Colombia (UNAL),ICN-MHN-Anf,1275.0,"['TAXON_MATCH_FUZZY', 'INSTITUTION_MATCH_FUZZY', 'COLLECTION_MATCH_FUZZY']",Atelopus
1315033991,"Atelopus monohernandezii Ardila-Robayo, Osorno-Muñoz & Ruiz-Carranza, 2002",Atelopus monohernandezii,6.01853,-73.1929,Santander,,PRESERVED_SPECIMEN,1981.0,b01bffc2-67b0-4441-806d-65c2cff690b5,,Universidad Nacional de Colombia (UNAL),ICN-MHN-Anf,1288.0,"['TAXON_MATCH_FUZZY', 'INSTITUTION_MATCH_FUZZY', 'COLLECTION_MATCH_FUZZY']",Atelopus
1315033998,"Atelopus monohernandezii Ardila-Robayo, Osorno-Muñoz & Ruiz-Carranza, 2002",Atelopus monohernandezii,6.01826,-73.1931,Santander,,PRESERVED_SPECIMEN,1981.0,b01bffc2-67b0-4441-806d-65c2cff690b5,,Universidad Nacional de Colombia (UNAL),ICN-MHN-Anf,1275.0,"['TAXON_MATCH_FUZZY', 'INSTITUTION_MATCH_FUZZY', 'COLLECTION_MATCH_FUZZY']",Atelopus
1315033999,"Atelopus monohernandezii Ardila-Robayo, Osorno-Muñoz & Ruiz-Carranza, 2002",Atelopus monohernandezii,6.01826,-73.1931,Santander,,PRESERVED_SPECIMEN,1981.0,b01bffc2-67b0-4441-806d-65c2cff690b5,,Universidad Nacional de Colombia (UNAL),ICN-MHN-Anf,1275.0,"['TAXON_MATCH_FUZZY', 'INSTITUTION_MATCH_FUZZY', 'COLLECTION_MATCH_FUZZY']",Atelopus
1315034001,"Atelopus monohernandezii Ardila-Robayo, Osorno-Muñoz & Ruiz-Carranza, 2002",Atelopus monohernandezii,6.01853,-73.1929,Santander,,PRESERVED_SPECIMEN,1981.0,b01bffc2-67b0-4441-806d-65c2cff690b5,,Universidad Nacional de Colombia (UNAL),ICN-MHN-Anf,1288.0,"['TAXON_MATCH_FUZZY', 'INSTITUTION_MATCH_FUZZY', 'COLLECTION_MATCH_FUZZY']",Atelopus
1315034006,"Atelopus monohernandezii Ardila-Robayo, Osorno-Muñoz & Ruiz-Carranza, 2002",Atelopus monohernandezii,6.01853,-73.1929,Santander,,PRESERVED_SPECIMEN,1981.0,b01bffc2-67b0-4441-806d-65c2cff690b5,,Universidad Nacional de Colombia (UNAL),ICN-MHN-Anf,1288.0,"['TAXON_MATCH_FUZZY', 'INSTITUTION_MATCH_FUZZY', 'COLLECTION_MATCH_FUZZY']",Atelopus
1315034007,"Atelopus monohernandezii Ardila-Robayo, Osorno-Muñoz & Ruiz-Carranza, 2002",Atelopus monohernandezii,6.01853,-73.1929,Santander,,PRESERVED_SPECIMEN,1981.0,b01bffc2-67b0-4441-806d-65c2cff690b5,,Universidad Nacional de Colombia (UNAL),ICN-MHN-Anf,1288.0,"['TAXON_MATCH_FUZZY', 'INSTITUTION_MATCH_FUZZY', 'COLLECTION_MATCH_FUZZY']",Atelopus
1315034010,"Atelopus monohernandezii Ardila-Robayo, Osorno-Muñoz & Ruiz-Carranza, 2002",Atelopus monohernandezii,6.01853,-73.1929,Santander,,PRESERVED_SPECIMEN,1981.0,b01bffc2-67b0-4441-806d-65c2cff690b5,,Universidad Nacional de Colombia (UNAL),ICN-MHN-Anf,1288.0,"['TAXON_MATCH_FUZZY', 'INSTITUTION_MATCH_FUZZY', 'COLLECTION_MATCH_FUZZY']",Atelopus
1315034024,"Atelopus monohernandezii Ardila-Robayo, Osorno-Muñoz & Ruiz-Carranza, 2002",Atelopus monohernandezii,6.01826,-73.1931,Santander,,PRESERVED_SPECIMEN,1981.0,b01bffc2-67b0-4441-806d-65c2cff690b5,,Universidad Nacional de Colombia (UNAL),ICN-MHN-Anf,1275.0,"['TAXON_MATCH_FUZZY', 'INSTITUTION_MATCH_FUZZY', 'COLLECTION_MATCH_FUZZY']",Atelopus
1315034032,"Atelopus monohernandezii Ardila-Robayo, Osorno-Muñoz & Ruiz-Carranza, 2002",Atelopus monohernandezii,6.01853,-73.1929,Santander,,PRESERVED_SPECIMEN,1981.0,b01bffc2-67b0-4441-806d-65c2cff690b5,,Universidad Nacional de Colombia (UNAL),ICN-MHN-Anf,1288.0,"['TAXON_MATCH_FUZZY', 'INSTITUTION_MATCH_FUZZY', 'COLLECTION_MATCH_FUZZY']",Atelopus
1315034055,"Atelopus monohernandezii Ardila-Robayo, Osorno-Muñoz & Ruiz-Carranza, 2002",Atelopus monohernandezii,6.01853,-73.1929,Santander,,PRESERVED_SPECIMEN,1981.0,b01bffc2-67b0-4441-806d-65c2cff690b5,,Universidad Nacional de Colombia (UNAL),ICN-MHN-Anf,1288.0,"['TAXON_MATCH_FUZZY', 'INSTITUTION_MATCH_FUZZY', 'COLLECTION_MATCH_FUZZY']",Atelopus
1315034071,"Atelopus monohernandezii Ardila-Robayo, Osorno-Muñoz & Ruiz-Carranza, 2002",Atelopus monohernandezii,6.01853,-73.1929,Santander,,PRESERVED_SPECIMEN,1981.0,b01bffc2-67b0-4441-806d-65c2cff690b5,,Universidad Nacional de Colombia (UNAL),ICN-MHN-Anf,1288.0,"['TAXON_MATCH_FUZZY', 'INSTITUTION_MATCH_FUZZY', 'COLLECTION_MATCH_FUZZY']",Atelopus
1315034085,"Atelopus monohernandezii Ardila-Robayo, Osorno-Muñoz & Ruiz-Carranza, 2002",Atelopus monohernandezii,6.01826,-73.1931,Santander,,PRESERVED_SPECIMEN,1981.0,b01bffc2-67b0-4441-806d-65c2cff690b5,,Universidad Nacional de Colombia (UNAL),ICN-MHN-Anf,1275.0,"['TAXON_MATCH_FUZZY', 'INSTITUTION_MATCH_FUZZY', 'COLLECTION_MATCH_FUZZY']",Atelopus
1315033971,"Atelopus monohernandezii Ardila-Robayo, Osorno-Muñoz & Ruiz-Carranza, 2002",Atelopus monohernandezii,6.08118,-73.2003,Santander,,PRESERVED_SPECIMEN,1981.0,b01bffc2-67b0-4441-806d-65c2cff690b5,,Universidad Nacional de Colombia (UNAL),ICN-MHN-Anf,1481.0,"['TAXON_MATCH_FUZZY', 'INSTITUTION_MATCH_FUZZY', 'COLLECTION_MATCH_FUZZY']",Atelopus
1315033990,"Atelopus monohernandezii Ardila-Robayo, Osorno-Muñoz & Ruiz-Carranza, 2002",Atelopus monohernandezii,6.08118,-73.2003,Santander,,PRESERVED_SPECIMEN,1981.0,b01bffc2-67b0-4441-806d-65c2cff690b5,,Universidad Nacional de Colombia (UNAL),ICN-MHN-Anf,1481.0,"['TAXON_MATCH_FUZZY', 'INSTITUTION_MATCH_FUZZY', 'COLLECTION_MATCH_FUZZY']",Atelopus
1315033995,"Atelopus monohernandezii Ardila-Robayo, Osorno-Muñoz & Ruiz-Carranza, 2002",Atelopus monohernandezii,6.08118,-73.2003,Santander,,PRESERVED_SPECIMEN,1981.0,b01bffc2-67b0-4441-806d-65c2cff690b5,,Universidad Nacional de Colombia (UNAL),ICN-MHN-Anf,1481.0,"['TAXON_MATCH_FUZZY', 'INSTITUTION_MATCH_FUZZY', 'COLLECTION_MATCH_FUZZY']",Atelopus
1315034019,"Atelopus monohernandezii Ardila-Robayo, Osorno-Muñoz & Ruiz-Carranza, 2002",Atelopus monohernandezii,6.08118,-73.2003,Santander,,PRESERVED_SPECIMEN,1981.0,b01bffc2-67b0-4441-806d-65c2cff690b5,,Universidad Nacional de Colombia (UNAL),ICN-MHN-Anf,1481.0,"['TAXON_MATCH_FUZZY', 'INSTITUTION_MATCH_FUZZY', 'COLLECTION_MATCH_FUZZY']",Atelopus
1315034020,"Atelopus monohernandezii Ardila-Robayo, Osorno-Muñoz & Ruiz-Carranza, 2002",Atelopus monohernandezii,6.08118,-73.2003,Santander,,PRESERVED_SPECIMEN,1981.0,b01bffc2-67b0-4441-806d-65c2cff690b5,,Universidad Nacional de Colombia (UNAL),ICN-MHN-Anf,1481.0,"['TAXON_MATCH_FUZZY', 'INSTITUTION_MATCH_FUZZY', 'COLLECTION_MATCH_FUZZY']",Atelopus
1315034033,"Atelopus monohernandezii Ardila-Robayo, Osorno-Muñoz & Ruiz-Carranza, 2002",Atelopus monohernandezii,6.08118,-73.2003,Santander,,PRESERVED_SPECIMEN,1981.0,b01bffc2-67b0-4441-806d-65c2cff690b5,,Universidad Nacional de Colombia (UNAL),ICN-MHN-Anf,1481.0,"['TAXON_MATCH_FUZZY', 'INSTITUTION_MATCH_FUZZY', 'COLLECTION_MATCH_FUZZY']",Atelopus
1315034087,"Atelopus monohernandezii Ardila-Robayo, Osorno-Muñoz & Ruiz-Carranza, 2002",Atelopus monohernandezii,6.08118,-73.2003,Santander,,PRESERVED_SPECIMEN,1981.0,b01bffc2-67b0-4441-806d-65c2cff690b5,,Universidad Nacional de Colombia (UNAL),ICN-MHN-Anf,1481.0,"['TAXON_MATCH_FUZZY', 'INSTITUTION_MATCH_FUZZY', 'COLLECTION_MATCH_FUZZY']",Atelopus
1315035170,"Atelopus ebenoides Rivero, 1963",Atelopus ebenoides,5.5086,-72.7603,Boyacá,,PRESERVED_SPECIMEN,1981.0,b01bffc2-67b0-4441-806d-65c2cff690b5,,Universidad Nacional de Colombia (UNAL),ICN-MHN-Anf,300.0,"['INSTITUTION_MATCH_FUZZY', 'COLLECTION_MATCH_FUZZY']",Atelopus
1315033631,"Atelopus sernai Ruiz-Carranza & Osorno-Muñoz, 1994",Atelopus sernai,6.33654,-75.6461,Antioquia,,PRESERVED_SPECIMEN,1981.0,b01bffc2-67b0-4441-806d-65c2cff690b5,,Universidad Nacional de Colombia (UNAL),ICN-MHN-Anf,420.0,"['INSTITUTION_MATCH_FUZZY', 'COLLECTION_MATCH_FUZZY']",Atelopus
1315033647,"Atelopus sernai Ruiz-Carranza & Osorno-Muñoz, 1994",Atelopus sernai,6.33654,-75.6461,Antioquia,,PRESERVED_SPECIMEN,1981.0,b01bffc2-67b0-4441-806d-65c2cff690b5,,Universidad Nacional de Colombia (UNAL),ICN-MHN-Anf,420.0,"['INSTITUTION_MATCH_FUZZY', 'COLLECTION_MATCH_FUZZY']",Atelopus
1315033666,"Atelopus sernai Ruiz-Carranza & Osorno-Muñoz, 1994",Atelopus sernai,6.33654,-75.6461,Antioquia,,PRESERVED_SPECIMEN,1981.0,b01bffc2-67b0-4441-806d-65c2cff690b5,,Universidad Nacional de Colombia (UNAL),ICN-MHN-Anf,420.0,"['INSTITUTION_MATCH_FUZZY', 'COLLECTION_MATCH_FUZZY']",Atelopus
1315033706,"Atelopus sernai Ruiz-Carranza & Osorno-Muñoz, 1994",Atelopus sernai,6.33654,-75.6461,Antioquia,,PRESERVED_SPECIMEN,1981.0,b01bffc2-67b0-4441-806d-65c2cff690b5,,Universidad Nacional de Colombia (UNAL),ICN-MHN-Anf,420.0,"['INSTITUTION_MATCH_FUZZY', 'COLLECTION_MATCH_FUZZY']",Atelopus
1315033744,"Atelopus Duméril & Bibron, 1841",,5.68483,-75.2269,Antioquia,,PRESERVED_SPECIMEN,1981.0,b01bffc2-67b0-4441-806d-65c2cff690b5,,Universidad Nacional de Colombia (UNAL),ICN-MHN-Anf,590.0,"['INSTITUTION_MATCH_FUZZY', 'COLLECTION_MATCH_FUZZY']",Atelopus
1315033759,"Atelopus Duméril & Bibron, 1841",,5.68483,-75.2269,Antioquia,,PRESERVED_SPECIMEN,1981.0,b01bffc2-67b0-4441-806d-65c2cff690b5,,Universidad Nacional de Colombia (UNAL),ICN-MHN-Anf,590.0,"['INSTITUTION_MATCH_FUZZY', 'COLLECTION_MATCH_FUZZY']",Atelopus
1315033672,"Atelopus Duméril & Bibron, 1841",,5.50759,-72.7463,Boyacá,,PRESERVED_SPECIMEN,1981.0,b01bffc2-67b0-4441-806d-65c2cff690b5,,Universidad Nacional de Colombia (UNAL),ICN-MHN-Anf,470.0,"['INSTITUTION_MATCH_FUZZY', 'COLLECTION_MATCH_FUZZY']",Atelopus
1315033689,"Atelopus Duméril & Bibron, 1841",,5.50759,-72.7463,Boyacá,,PRESERVED_SPECIMEN,1981.0,b01bffc2-67b0-4441-806d-65c2cff690b5,,Universidad Nacional de Colombia (UNAL),ICN-MHN-Anf,470.0,"['INSTITUTION_MATCH_FUZZY', 'COLLECTION_MATCH_FUZZY']",Atelopus
1315033723,"Atelopus Duméril & Bibron, 1841",,5.50759,-72.7463,Boyacá,,PRESERVED_SPECIMEN,1981.0,b01bffc2-67b0-4441-806d-65c2cff690b5,,Universidad Nacional de Colombia (UNAL),ICN-MHN-Anf,470.0,"['INSTITUTION_MATCH_FUZZY', 'COLLECTION_MATCH_FUZZY']",Atelopus
1315033752,"Atelopus Duméril & Bibron, 1841",,5.50759,-72.7463,Boyacá,,PRESERVED_SPECIMEN,1981.0,b01bffc2-67b0-4441-806d-65c2cff690b5,,Universidad Nacional de Colombia (UNAL),ICN-MHN-Anf,470.0,"['INSTITUTION_MATCH_FUZZY', 'COLLECTION_MATCH_FUZZY']",Atelopus
1315033794,"Atelopus Duméril & Bibron, 1841",,5.50759,-72.7463,Boyacá,,PRESERVED_SPECIMEN,1981.0,b01bffc2-67b0-4441-806d-65c2cff690b5,,Universidad Nacional de Colombia (UNAL),ICN-MHN-Anf,470.0,"['INSTITUTION_MATCH_FUZZY', 'COLLECTION_MATCH_FUZZY']",Atelopus
1078948148,"Atelopus spurrelli Boulenger, 1914",Atelopus spurrelli,4.00306,-76.98149,Valle del Cauca,Bajo Calima,PRESERVED_SPECIMEN,1981.0,aca3452a-0a90-431a-936c-8240ae367911,Colección de Anfibios y Reptiles Departamento de Biología Universidad del Valle,Universidad del Valle,UVC,284.0,"['INSTITUTION_MATCH_FUZZY', 'COLLECTION_MATCH_FUZZY']",Atelopus
1078948154,"Atelopus spurrelli Boulenger, 1914",Atelopus spurrelli,4.00306,-76.98149,Valle del Cauca,Bajo Calima,PRESERVED_SPECIMEN,1981.0,aca3452a-0a90-431a-936c-8240ae367911,Colección de Anfibios y Reptiles Departamento de Biología Universidad del Valle,Universidad del Valle,UVC,284.0,"['INSTITUTION_MATCH_FUZZY', 'COLLECTION_MATCH_FUZZY']",Atelopus
1078948158,"Atelopus spurrelli Boulenger, 1914",Atelopus spurrelli,4.00306,-76.98149,Valle del Cauca,Bajo Calima,PRESERVED_SPECIMEN,1981.0,aca3452a-0a90-431a-936c-8240ae367911,Colección de Anfibios y Reptiles Departamento de Biología Universidad del Valle,Universidad del Valle,UVC,284.0,"['INSTITUTION_MATCH_FUZZY', 'COLLECTION_MATCH_FUZZY']",Atelopus
1315033662,"Atelopus Duméril & Bibron, 1841",,6.24431,-74.9133,Antioquia,,PRESERVED_SPECIMEN,1981.0,b01bffc2-67b0-4441-806d-65c2cff690b5,,Universidad Nacional de Colombia (UNAL),ICN-MHN-Anf,350.0,"['INSTITUTION_MATCH_FUZZY', 'COLLECTION_MATCH_FUZZY']",Atelopus
2650647820,"Atelopus muisca Rueda-Almonacid & Hoyos, 1992",Atelopus muisca,4.6,-73.716667,Cundinamarca,,PRESERVED_SPECIMEN,1980.0,b25cc2e7-36aa-41ff-aa2a-441b12c6d423,,Pontificia Universidad Javeriana (PUJ),MPUJ-ANFB,3115.0,"['COORDINATE_ROUNDED', 'INSTITUTION_MATCH_FUZZY', 'COLLECTION_MATCH_FUZZY']",Atelopus
2650647871,"Atelopus muisca Rueda-Almonacid & Hoyos, 1992",Atelopus muisca,4.6,-73.716667,Cundinamarca,,PRESERVED_SPECIMEN,1980.0,b25cc2e7-36aa-41ff-aa2a-441b12c6d423,,Pontificia Universidad Javeriana (PUJ),MPUJ-ANFB,3115.0,"['COORDINATE_ROUNDED', 'INSTITUTION_MATCH_FUZZY', 'COLLECTION_MATCH_FUZZY']",Atelopus
2650647872,"Atelopus muisca Rueda-Almonacid & Hoyos, 1992",Atelopus muisca,4.6,-73.716667,Cundinamarca,,PRESERVED_SPECIMEN,1980.0,b25cc2e7-36aa-41ff-aa2a-441b12c6d423,,Pontificia Universidad Javeriana (PUJ),MPUJ-ANFB,3115.0,"['COORDINATE_ROUNDED', 'INSTITUTION_MATCH_FUZZY', 'COLLECTION_MATCH_FUZZY']",Atelopus
2650647874,"Atelopus muisca Rueda-Almonacid & Hoyos, 1992",Atelopus muisca,4.6,-73.716667,Cundinamarca,,PRESERVED_SPECIMEN,1980.0,b25cc2e7-36aa-41ff-aa2a-441b12c6d423,,Pontificia Universidad Javeriana (PUJ),MPUJ-ANFB,3115.0,"['COORDINATE_ROUNDED', 'INSTITUTION_MATCH_FUZZY', 'COLLECTION_MATCH_FUZZY']",Atelopus
2650647885,"Atelopus muisca Rueda-Almonacid & Hoyos, 1992",Atelopus muisca,4.6,-73.716667,Cundinamarca,,PRESERVED_SPECIMEN,1980.0,b25cc2e7-36aa-41ff-aa2a-441b12c6d423,,Pontificia Universidad Javeriana (PUJ),MPUJ-ANFB,3115.0,"['COORDINATE_ROUNDED', 'INSTITUTION_MATCH_FUZZY', 'COLLECTION_MATCH_FUZZY']",Atelopus
2650647887,"Atelopus muisca Rueda-Almonacid & Hoyos, 1992",Atelopus muisca,4.6,-73.716667,Cundinamarca,,PRESERVED_SPECIMEN,1980.0,b25cc2e7-36aa-41ff-aa2a-441b12c6d423,,Pontificia Universidad Javeriana (PUJ),MPUJ-ANFB,3115.0,"['COORDINATE_ROUNDED', 'INSTITUTION_MATCH_FUZZY', 'COLLECTION_MATCH_FUZZY']",Atelopus
2650647890,"Atelopus muisca Rueda-Almonacid & Hoyos, 1992",Atelopus muisca,4.6,-73.716667,Cundinamarca,,PRESERVED_SPECIMEN,1980.0,b25cc2e7-36aa-41ff-aa2a-441b12c6d423,,Pontificia Universidad Javeriana (PUJ),MPUJ-ANFB,3115.0,"['COORDINATE_ROUNDED', 'INSTITUTION_MATCH_FUZZY', 'COLLECTION_MATCH_FUZZY']",Atelopus
1315033902,"Atelopus minutulus Ruiz-Carranza, Hernández-Camacho & Ardila-Robayo, 1988",Atelopus minutulus,4.15459,-73.8103,Meta,,PRESERVED_SPECIMEN,1980.0,b01bffc2-67b0-4441-806d-65c2cff690b5,,Universidad Nacional de Colombia (UNAL),ICN-MHN-Anf,2173.0,"['INSTITUTION_MATCH_FUZZY', 'COLLECTION_MATCH_FUZZY']",Atelopus
1315033943,"Atelopus minutulus Ruiz-Carranza, Hernández-Camacho & Ardila-Robayo, 1988",Atelopus minutulus,4.15459,-73.8103,Meta,,PRESERVED_SPECIMEN,1980.0,b01bffc2-67b0-4441-806d-65c2cff690b5,,Universidad Nacional de Colombia (UNAL),ICN-MHN-Anf,2173.0,"['INSTITUTION_MATCH_FUZZY', 'COLLECTION_MATCH_FUZZY']",Atelopus
1315033947,"Atelopus minutulus Ruiz-Carranza, Hernández-Camacho & Ardila-Robayo, 1988",Atelopus minutulus,4.15459,-73.8103,Meta,,PRESERVED_SPECIMEN,1980.0,b01bffc2-67b0-4441-806d-65c2cff690b5,,Universidad Nacional de Colombia (UNAL),ICN-MHN-Anf,2173.0,"['INSTITUTION_MATCH_FUZZY', 'COLLECTION_MATCH_FUZZY']",Atelopus
1315033951,"Atelopus minutulus Ruiz-Carranza, Hernández-Camacho & Ardila-Robayo, 1988",Atelopus minutulus,4.15459,-73.8103,Meta,,PRESERVED_SPECIMEN,1980.0,b01bffc2-67b0-4441-806d-65c2cff690b5,,Universidad Nacional de Colombia (UNAL),ICN-MHN-Anf,2173.0,"['INSTITUTION_MATCH_FUZZY', 'COLLECTION_MATCH_FUZZY']",Atelopus
1315033965,"Atelopus minutulus Ruiz-Carranza, Hernández-Camacho & Ardila-Robayo, 1988",Atelopus minutulus,4.15459,-73.8103,Meta,,PRESERVED_SPECIMEN,1980.0,b01bffc2-67b0-4441-806d-65c2cff690b5,,Universidad Nacional de Colombia (UNAL),ICN-MHN-Anf,2173.0,"['INSTITUTION_MATCH_FUZZY', 'COLLECTION_MATCH_FUZZY']",Atelopus
1315033975,"Atelopus minutulus Ruiz-Carranza, Hernández-Camacho & Ardila-Robayo, 1988",Atelopus minutulus,4.15459,-73.8103,Meta,,PRESERVED_SPECIMEN,1980.0,b01bffc2-67b0-4441-806d-65c2cff690b5,,Universidad Nacional de Colombia (UNAL),ICN-MHN-Anf,2173.0,"['INSTITUTION_MATCH_FUZZY', 'COLLECTION_MATCH_FUZZY']",Atelopus
1315033976,"Atelopus minutulus Ruiz-Carranza, Hernández-Camacho & Ardila-Robayo, 1988",Atelopus minutulus,4.15459,-73.8103,Meta,,PRESERVED_SPECIMEN,1980.0,b01bffc2-67b0-4441-806d-65c2cff690b5,,Universidad Nacional de Colombia (UNAL),ICN-MHN-Anf,2173.0,"['INSTITUTION_MATCH_FUZZY', 'COLLECTION_MATCH_FUZZY']",Atelopus
1315034000,"Atelopus minutulus Ruiz-Carranza, Hernández-Camacho & Ardila-Robayo, 1988",Atelopus minutulus,4.15459,-73.8103,Meta,,PRESERVED_SPECIMEN,1980.0,b01bffc2-67b0-4441-806d-65c2cff690b5,,Universidad Nacional de Colombia (UNAL),ICN-MHN-Anf,2173.0,"['INSTITUTION_MATCH_FUZZY', 'COLLECTION_MATCH_FUZZY']",Atelopus
1315034027,"Atelopus minutulus Ruiz-Carranza, Hernández-Camacho & Ardila-Robayo, 1988",Atelopus minutulus,4.15459,-73.8103,Meta,,PRESERVED_SPECIMEN,1980.0,b01bffc2-67b0-4441-806d-65c2cff690b5,,Universidad Nacional de Colombia (UNAL),ICN-MHN-Anf,2173.0,"['INSTITUTION_MATCH_FUZZY', 'COLLECTION_MATCH_FUZZY']",Atelopus
1317306363,"Atelopus Duméril & Bibron, 1841",,10.8236,-73.7222,Magdalena,,PRESERVED_SPECIMEN,1979.0,821cc27a-e3bb-4bc5-ac34-89ada245069d,NMNH Extant Biology,USNM,HERP,,"['GEODETIC_DATUM_ASSUMED_WGS84', 'OCCURRENCE_STATUS_INFERRED_FROM_INDIVIDUAL_COUNT']",Atelopus
1319349895,"Atelopus carrikeri Ruthven, 1916",Atelopus carrikeri,10.8236,-73.7222,Magdalena,,PRESERVED_SPECIMEN,1979.0,821cc27a-e3bb-4bc5-ac34-89ada245069d,NMNH Extant Biology,USNM,HERP,,"['GEODETIC_DATUM_ASSUMED_WGS84', 'OCCURRENCE_STATUS_INFERRED_FROM_INDIVIDUAL_COUNT']",Atelopus
1319519772,"Atelopus Duméril & Bibron, 1841",,10.8236,-73.7222,Magdalena,,PRESERVED_SPECIMEN,1979.0,821cc27a-e3bb-4bc5-ac34-89ada245069d,NMNH Extant Biology,USNM,HERP,,"['GEODETIC_DATUM_ASSUMED_WGS84', 'OCCURRENCE_STATUS_INFERRED_FROM_INDIVIDUAL_COUNT']",Atelopus
1319620962,"Atelopus carrikeri Ruthven, 1916",Atelopus carrikeri,10.8236,-73.7222,Magdalena,,PRESERVED_SPECIMEN,1979.0,821cc27a-e3bb-4bc5-ac34-89ada245069d,NMNH Extant Biology,USNM,HERP,,"['GEODETIC_DATUM_ASSUMED_WGS84', 'OCCURRENCE_STATUS_INFERRED_FROM_INDIVIDUAL_COUNT']",Atelopus
1320598587,"Atelopus Duméril & Bibron, 1841",,10.8236,-73.7222,Magdalena,,PRESERVED_SPECIMEN,1979.0,821cc27a-e3bb-4bc5-ac34-89ada245069d,NMNH Extant Biology,USNM,HERP,,"['GEODETIC_DATUM_ASSUMED_WGS84', 'OCCURRENCE_STATUS_INFERRED_FROM_INDIVIDUAL_COUNT']",Atelopus
1321749696,"Atelopus carrikeri Ruthven, 1916",Atelopus carrikeri,10.8236,-73.7222,Magdalena,,PRESERVED_SPECIMEN,1979.0,821cc27a-e3bb-4bc5-ac34-89ada245069d,NMNH Extant Biology,USNM,HERP,,"['GEODETIC_DATUM_ASSUMED_WGS84', 'OCCURRENCE_STATUS_INFERRED_FROM_INDIVIDUAL_COUNT']",Atelopus
1315033657,"Atelopus Duméril & Bibron, 1841",,4.45044,-75.6422,Quindío,,PRESERVED_SPECIMEN,1979.0,b01bffc2-67b0-4441-806d-65c2cff690b5,,Universidad Nacional de Colombia (UNAL),ICN-MHN-Anf,2145.15,"['INSTITUTION_MATCH_FUZZY', 'COLLECTION_MATCH_FUZZY']",Atelopus
1315033665,"Atelopus quimbaya Ruiz-Carranza & Osorno-Muñoz, 1994",Atelopus quimbaya,4.45044,-75.6422,Quindío,,PRESERVED_SPECIMEN,1979.0,b01bffc2-67b0-4441-806d-65c2cff690b5,,Universidad Nacional de Colombia (UNAL),ICN-MHN-Anf,2145.15,"['INSTITUTION_MATCH_FUZZY', 'COLLECTION_MATCH_FUZZY']",Atelopus
1315033692,"Atelopus Duméril & Bibron, 1841",,4.45044,-75.6422,Quindío,,PRESERVED_SPECIMEN,1979.0,b01bffc2-67b0-4441-806d-65c2cff690b5,,Universidad Nacional de Colombia (UNAL),ICN-MHN-Anf,2145.15,"['INSTITUTION_MATCH_FUZZY', 'COLLECTION_MATCH_FUZZY']",Atelopus
1315033779,"Atelopus Duméril & Bibron, 1841",,4.45044,-75.6422,Quindío,,PRESERVED_SPECIMEN,1979.0,b01bffc2-67b0-4441-806d-65c2cff690b5,,Universidad Nacional de Colombia (UNAL),ICN-MHN-Anf,2145.15,"['INSTITUTION_MATCH_FUZZY', 'COLLECTION_MATCH_FUZZY']",Atelopus
1315033992,"Atelopus minutulus Ruiz-Carranza, Hernández-Camacho & Ardila-Robayo, 1988",Atelopus minutulus,4.15459,-73.8103,Meta,,PRESERVED_SPECIMEN,1979.0,b01bffc2-67b0-4441-806d-65c2cff690b5,,Universidad Nacional de Colombia (UNAL),ICN-MHN-Anf,2173.0,"['INSTITUTION_MATCH_FUZZY', 'COLLECTION_MATCH_FUZZY']",Atelopus
1315033719,"Atelopus Duméril & Bibron, 1841",,4.45044,-75.6422,Quindío,,PRESERVED_SPECIMEN,1979.0,b01bffc2-67b0-4441-806d-65c2cff690b5,,Universidad Nacional de Colombia (UNAL),ICN-MHN-Anf,2145.15,"['INSTITUTION_MATCH_FUZZY', 'COLLECTION_MATCH_FUZZY']",Atelopus
1315033883,"Atelopus longirostris Cope, 1868",Atelopus longirostris,5.50051,-72.7391,Boyacá,,PRESERVED_SPECIMEN,1979.0,b01bffc2-67b0-4441-806d-65c2cff690b5,,Universidad Nacional de Colombia (UNAL),ICN-MHN-Anf,2348.0,"['INSTITUTION_MATCH_FUZZY', 'COLLECTION_MATCH_FUZZY']",Atelopus
1315033926,"Atelopus longirostris Cope, 1868",Atelopus longirostris,5.50051,-72.7391,Boyacá,,PRESERVED_SPECIMEN,1979.0,b01bffc2-67b0-4441-806d-65c2cff690b5,,Universidad Nacional de Colombia (UNAL),ICN-MHN-Anf,2348.0,"['INSTITUTION_MATCH_FUZZY', 'COLLECTION_MATCH_FUZZY']",Atelopus
1315033958,"Atelopus longirostris Cope, 1868",Atelopus longirostris,5.50051,-72.7391,Boyacá,,PRESERVED_SPECIMEN,1979.0,b01bffc2-67b0-4441-806d-65c2cff690b5,,Universidad Nacional de Colombia (UNAL),ICN-MHN-Anf,2348.0,"['INSTITUTION_MATCH_FUZZY', 'COLLECTION_MATCH_FUZZY']",Atelopus
476484378,"Atelopus pulcher (Boulenger, 1882)",Atelopus pulcher,-3.18576,-70.14043,Amazonas,,PRESERVED_SPECIMEN,1978.0,4bfac3ea-8763-4f4b-a71a-76a6f5f243d3,,MCZ,Herp,14667.0,"['INSTITUTION_MATCH_FUZZY', 'COLLECTION_MATCH_FUZZY']",Atelopus
4912483811,"Atelopus elegans (Boulenger, 1882)",Atelopus elegans,2.962344,-78.18517,Valle del Cauca,,MATERIAL_SAMPLE,1978.0,7b20c426-defe-45ff-82a2-bb00141e1e8f,Bioweb,QCAZ,QCAZA,,"['COORDINATE_ROUNDED', 'CONTINENT_INVALID', 'CONTINENT_DERIVED_FROM_COORDINATES', 'RECORDED_DATE_INVALID', 'TAXON_ID_NOT_FOUND']",Atelopus
1315033737,"Atelopus subornatus Werner, 1899",Atelopus subornatus,4.26161,-74.2733,Cundinamarca,,PRESERVED_SPECIMEN,1978.0,b01bffc2-67b0-4441-806d-65c2cff690b5,,Universidad Nacional de Colombia (UNAL),ICN-MHN-Anf,350.0,"['INSTITUTION_MATCH_FUZZY', 'COLLECTION_MATCH_FUZZY']",Atelopus
1315033758,"Atelopus subornatus Werner, 1899",Atelopus subornatus,4.26161,-74.2733,Cundinamarca,,PRESERVED_SPECIMEN,1978.0,b01bffc2-67b0-4441-806d-65c2cff690b5,,Universidad Nacional de Colombia (UNAL),ICN-MHN-Anf,350.0,"['INSTITUTION_MATCH_FUZZY', 'COLLECTION_MATCH_FUZZY']",Atelopus
1315033785,"Atelopus subornatus Werner, 1899",Atelopus subornatus,4.26161,-74.2733,Cundinamarca,,PRESERVED_SPECIMEN,1978.0,b01bffc2-67b0-4441-806d-65c2cff690b5,,Universidad Nacional de Colombia (UNAL),ICN-MHN-Anf,350.0,"['INSTITUTION_MATCH_FUZZY', 'COLLECTION_MATCH_FUZZY']",Atelopus
476473777,"Atelopus Duméril & Bibron, 1841",,7.31653,-75.05553,Antioquia,,PRESERVED_SPECIMEN,1978.0,4bfac3ea-8763-4f4b-a71a-76a6f5f243d3,,MCZ,Herp,1673.0,"['TAXON_MATCH_HIGHERRANK', 'INSTITUTION_MATCH_FUZZY', 'COLLECTION_MATCH_FUZZY']",Atelopus
1315033651,"Atelopus sernai Ruiz-Carranza & Osorno-Muñoz, 1994",Atelopus sernai,6.34954,-75.6624,Antioquia,,PRESERVED_SPECIMEN,1978.0,b01bffc2-67b0-4441-806d-65c2cff690b5,,Universidad Nacional de Colombia (UNAL),ICN-MHN-Anf,1050.0,"['INSTITUTION_MATCH_FUZZY', 'COLLECTION_MATCH_FUZZY']",Atelopus
1315033693,"Atelopus sernai Ruiz-Carranza & Osorno-Muñoz, 1994",Atelopus sernai,6.33187,-75.6596,Antioquia,,PRESERVED_SPECIMEN,1978.0,b01bffc2-67b0-4441-806d-65c2cff690b5,,Universidad Nacional de Colombia (UNAL),ICN-MHN-Anf,480.0,"['INSTITUTION_MATCH_FUZZY', 'COLLECTION_MATCH_FUZZY']",Atelopus
1315035114,"Atelopus arsyecue Rueda-Almonacid, 1994",Atelopus arsyecue,10.6383,-73.6383,Magdalena,,PRESERVED_SPECIMEN,1978.0,b01bffc2-67b0-4441-806d-65c2cff690b5,,Universidad Nacional de Colombia (UNAL),ICN-MHN-Anf,1821.0,"['INSTITUTION_MATCH_FUZZY', 'COLLECTION_MATCH_FUZZY']",Atelopus
1315035158,"Atelopus carrikeri Ruthven, 1916",Atelopus carrikeri,10.6383,-73.6383,Magdalena,,PRESERVED_SPECIMEN,1978.0,b01bffc2-67b0-4441-806d-65c2cff690b5,,Universidad Nacional de Colombia (UNAL),ICN-MHN-Anf,1821.0,"['INSTITUTION_MATCH_FUZZY', 'COLLECTION_MATCH_FUZZY']",Atelopus
1315033853,"Atelopus walkeri Rivero, 1963",Atelopus walkeri,11.1227,-74.0517,Magdalena,,PRESERVED_SPECIMEN,1977.0,b01bffc2-67b0-4441-806d-65c2cff690b5,,Universidad Nacional de Colombia (UNAL),ICN-MHN-Anf,797.0,"['INSTITUTION_MATCH_FUZZY', 'COLLECTION_MATCH_FUZZY']",Atelopus
1315033862,"Atelopus walkeri Rivero, 1963",Atelopus walkeri,11.1227,-74.0517,Magdalena,,PRESERVED_SPECIMEN,1977.0,b01bffc2-67b0-4441-806d-65c2cff690b5,,Universidad Nacional de Colombia (UNAL),ICN-MHN-Anf,797.0,"['INSTITUTION_MATCH_FUZZY', 'COLLECTION_MATCH_FUZZY']",Atelopus
1078948135,"Atelopus longibrachius Rivero, 1963",Atelopus longibrachius,3.860162,-76.419212,Valle del Cauca,,PRESERVED_SPECIMEN,1977.0,aca3452a-0a90-431a-936c-8240ae367911,Colección de Anfibios y Reptiles Departamento de Biología Universidad del Valle,Universidad del Valle,UVC,3652.0,"['INSTITUTION_MATCH_FUZZY', 'COLLECTION_MATCH_FUZZY']",Atelopus
1315033864,"Atelopus laetissimus Ruiz-Carranza, Ardila-Robayo & Hernández-Camacho, 1994",Atelopus laetissimus,11.0288,-73.976,Magdalena,,PRESERVED_SPECIMEN,1977.0,b01bffc2-67b0-4441-806d-65c2cff690b5,,Universidad Nacional de Colombia (UNAL),ICN-MHN-Anf,1199.0,"['INSTITUTION_MATCH_FUZZY', 'COLLECTION_MATCH_FUZZY']",Atelopus
1315033885,"Atelopus laetissimus Ruiz-Carranza, Ardila-Robayo & Hernández-Camacho, 1994",Atelopus laetissimus,11.0288,-73.976,Magdalena,,PRESERVED_SPECIMEN,1977.0,b01bffc2-67b0-4441-806d-65c2cff690b5,,Universidad Nacional de Colombia (UNAL),ICN-MHN-Anf,1199.0,"['INSTITUTION_MATCH_FUZZY', 'COLLECTION_MATCH_FUZZY']",Atelopus
1315033928,"Atelopus laetissimus Ruiz-Carranza, Ardila-Robayo & Hernández-Camacho, 1994",Atelopus laetissimus,11.0288,-73.976,Magdalena,,PRESERVED_SPECIMEN,1977.0,b01bffc2-67b0-4441-806d-65c2cff690b5,,Universidad Nacional de Colombia (UNAL),ICN-MHN-Anf,1199.0,"['INSTITUTION_MATCH_FUZZY', 'COLLECTION_MATCH_FUZZY']",Atelopus
1315033856,"Atelopus walkeri Rivero, 1963",Atelopus walkeri,10.934,-73.8798,Magdalena,,PRESERVED_SPECIMEN,1977.0,b01bffc2-67b0-4441-806d-65c2cff690b5,,Universidad Nacional de Colombia (UNAL),ICN-MHN-Anf,1876.0,"['INSTITUTION_MATCH_FUZZY', 'COLLECTION_MATCH_FUZZY']",Atelopus
1315035097,"Atelopus carrikeri Ruthven, 1916",Atelopus carrikeri,10.934,-73.8798,Magdalena,,PRESERVED_SPECIMEN,1977.0,b01bffc2-67b0-4441-806d-65c2cff690b5,,Universidad Nacional de Colombia (UNAL),ICN-MHN-Anf,1876.0,"['INSTITUTION_MATCH_FUZZY', 'COLLECTION_MATCH_FUZZY']",Atelopus
1315035101,"Atelopus carrikeri Ruthven, 1916",Atelopus carrikeri,10.934,-73.8798,Magdalena,,PRESERVED_SPECIMEN,1977.0,b01bffc2-67b0-4441-806d-65c2cff690b5,,Universidad Nacional de Colombia (UNAL),ICN-MHN-Anf,1876.0,"['INSTITUTION_MATCH_FUZZY', 'COLLECTION_MATCH_FUZZY']",Atelopus
1315035132,"Atelopus carrikeri Ruthven, 1916",Atelopus carrikeri,10.934,-73.8798,Magdalena,,PRESERVED_SPECIMEN,1977.0,b01bffc2-67b0-4441-806d-65c2cff690b5,,Universidad Nacional de Colombia (UNAL),ICN-MHN-Anf,1876.0,"['INSTITUTION_MATCH_FUZZY', 'COLLECTION_MATCH_FUZZY']",Atelopus
1315035135,"Atelopus carrikeri Ruthven, 1916",Atelopus carrikeri,10.934,-73.8798,Magdalena,,PRESERVED_SPECIMEN,1977.0,b01bffc2-67b0-4441-806d-65c2cff690b5,,Universidad Nacional de Colombia (UNAL),ICN-MHN-Anf,1876.0,"['INSTITUTION_MATCH_FUZZY', 'COLLECTION_MATCH_FUZZY']",Atelopus
1315035143,"Atelopus carrikeri Ruthven, 1916",Atelopus carrikeri,10.934,-73.8798,Magdalena,,PRESERVED_SPECIMEN,1977.0,b01bffc2-67b0-4441-806d-65c2cff690b5,,Universidad Nacional de Colombia (UNAL),ICN-MHN-Anf,1876.0,"['INSTITUTION_MATCH_FUZZY', 'COLLECTION_MATCH_FUZZY']",Atelopus
1315034093,"Atelopus nicefori Rivero, 1963",Atelopus nicefori,6.39868,-76.0488,Antioquia,,PRESERVED_SPECIMEN,1977.0,b01bffc2-67b0-4441-806d-65c2cff690b5,,Universidad Nacional de Colombia (UNAL),ICN-MHN-Anf,2650.0,"['INSTITUTION_MATCH_FUZZY', 'COLLECTION_MATCH_FUZZY']",Atelopus
1315034146,"Atelopus nicefori Rivero, 1963",Atelopus nicefori,6.39868,-76.0488,Antioquia,,PRESERVED_SPECIMEN,1977.0,b01bffc2-67b0-4441-806d-65c2cff690b5,,Universidad Nacional de Colombia (UNAL),ICN-MHN-Anf,2650.0,"['INSTITUTION_MATCH_FUZZY', 'COLLECTION_MATCH_FUZZY']",Atelopus
1315033734,"Atelopus subornatus Werner, 1899",Atelopus subornatus,4.26513,-74.2737,Cundinamarca,,PRESERVED_SPECIMEN,1976.0,b01bffc2-67b0-4441-806d-65c2cff690b5,,Universidad Nacional de Colombia (UNAL),ICN-MHN-Anf,500.0,"['INSTITUTION_MATCH_FUZZY', 'COLLECTION_MATCH_FUZZY']",Atelopus
1315033740,"Atelopus subornatus Werner, 1899",Atelopus subornatus,4.26513,-74.2737,Cundinamarca,,PRESERVED_SPECIMEN,1976.0,b01bffc2-67b0-4441-806d-65c2cff690b5,,Universidad Nacional de Colombia (UNAL),ICN-MHN-Anf,500.0,"['INSTITUTION_MATCH_FUZZY', 'COLLECTION_MATCH_FUZZY']",Atelopus
1315033746,"Atelopus subornatus Werner, 1899",Atelopus subornatus,4.26513,-74.2737,Cundinamarca,,PRESERVED_SPECIMEN,1976.0,b01bffc2-67b0-4441-806d-65c2cff690b5,,Universidad Nacional de Colombia (UNAL),ICN-MHN-Anf,500.0,"['INSTITUTION_MATCH_FUZZY', 'COLLECTION_MATCH_FUZZY']",Atelopus
1315033754,"Atelopus subornatus Werner, 1899",Atelopus subornatus,4.26513,-74.2737,Cundinamarca,,PRESERVED_SPECIMEN,1976.0,b01bffc2-67b0-4441-806d-65c2cff690b5,,Universidad Nacional de Colombia (UNAL),ICN-MHN-Anf,500.0,"['INSTITUTION_MATCH_FUZZY', 'COLLECTION_MATCH_FUZZY']",Atelopus
1315033755,"Atelopus subornatus Werner, 1899",Atelopus subornatus,4.26513,-74.2737,Cundinamarca,,PRESERVED_SPECIMEN,1976.0,b01bffc2-67b0-4441-806d-65c2cff690b5,,Universidad Nacional de Colombia (UNAL),ICN-MHN-Anf,500.0,"['INSTITUTION_MATCH_FUZZY', 'COLLECTION_MATCH_FUZZY']",Atelopus
1315033756,"Atelopus subornatus Werner, 1899",Atelopus subornatus,4.26513,-74.2737,Cundinamarca,,PRESERVED_SPECIMEN,1976.0,b01bffc2-67b0-4441-806d-65c2cff690b5,,Universidad Nacional de Colombia (UNAL),ICN-MHN-Anf,500.0,"['INSTITUTION_MATCH_FUZZY', 'COLLECTION_MATCH_FUZZY']",Atelopus
1315033764,"Atelopus subornatus Werner, 1899",Atelopus subornatus,4.26513,-74.2737,Cundinamarca,,PRESERVED_SPECIMEN,1976.0,b01bffc2-67b0-4441-806d-65c2cff690b5,,Universidad Nacional de Colombia (UNAL),ICN-MHN-Anf,500.0,"['INSTITUTION_MATCH_FUZZY', 'COLLECTION_MATCH_FUZZY']",Atelopus
1315033771,"Atelopus subornatus Werner, 1899",Atelopus subornatus,4.26513,-74.2737,Cundinamarca,,PRESERVED_SPECIMEN,1976.0,b01bffc2-67b0-4441-806d-65c2cff690b5,,Universidad Nacional de Colombia (UNAL),ICN-MHN-Anf,500.0,"['INSTITUTION_MATCH_FUZZY', 'COLLECTION_MATCH_FUZZY']",Atelopus
1315033772,"Atelopus subornatus Werner, 1899",Atelopus subornatus,4.26513,-74.2737,Cundinamarca,,PRESERVED_SPECIMEN,1976.0,b01bffc2-67b0-4441-806d-65c2cff690b5,,Universidad Nacional de Colombia (UNAL),ICN-MHN-Anf,500.0,"['INSTITUTION_MATCH_FUZZY', 'COLLECTION_MATCH_FUZZY']",Atelopus
1315033773,"Atelopus subornatus Werner, 1899",Atelopus subornatus,4.26513,-74.2737,Cundinamarca,,PRESERVED_SPECIMEN,1976.0,b01bffc2-67b0-4441-806d-65c2cff690b5,,Universidad Nacional de Colombia (UNAL),ICN-MHN-Anf,500.0,"['INSTITUTION_MATCH_FUZZY', 'COLLECTION_MATCH_FUZZY']",Atelopus
1315033775,"Atelopus subornatus Werner, 1899",Atelopus subornatus,4.26513,-74.2737,Cundinamarca,,PRESERVED_SPECIMEN,1976.0,b01bffc2-67b0-4441-806d-65c2cff690b5,,Universidad Nacional de Colombia (UNAL),ICN-MHN-Anf,500.0,"['INSTITUTION_MATCH_FUZZY', 'COLLECTION_MATCH_FUZZY']",Atelopus
1315033781,"Atelopus subornatus Werner, 1899",Atelopus subornatus,4.26513,-74.2737,Cundinamarca,,PRESERVED_SPECIMEN,1976.0,b01bffc2-67b0-4441-806d-65c2cff690b5,,Universidad Nacional de Colombia (UNAL),ICN-MHN-Anf,500.0,"['INSTITUTION_MATCH_FUZZY', 'COLLECTION_MATCH_FUZZY']",Atelopus
1315033784,"Atelopus subornatus Werner, 1899",Atelopus subornatus,4.26513,-74.2737,Cundinamarca,,PRESERVED_SPECIMEN,1976.0,b01bffc2-67b0-4441-806d-65c2cff690b5,,Universidad Nacional de Colombia (UNAL),ICN-MHN-Anf,500.0,"['INSTITUTION_MATCH_FUZZY', 'COLLECTION_MATCH_FUZZY']",Atelopus
1315033790,"Atelopus subornatus Werner, 1899",Atelopus subornatus,4.26513,-74.2737,Cundinamarca,,PRESERVED_SPECIMEN,1976.0,b01bffc2-67b0-4441-806d-65c2cff690b5,,Universidad Nacional de Colombia (UNAL),ICN-MHN-Anf,500.0,"['INSTITUTION_MATCH_FUZZY', 'COLLECTION_MATCH_FUZZY']",Atelopus
1315033791,"Atelopus subornatus Werner, 1899",Atelopus subornatus,4.26513,-74.2737,Cundinamarca,,PRESERVED_SPECIMEN,1976.0,b01bffc2-67b0-4441-806d-65c2cff690b5,,Universidad Nacional de Colombia (UNAL),ICN-MHN-Anf,500.0,"['INSTITUTION_MATCH_FUZZY', 'COLLECTION_MATCH_FUZZY']",Atelopus
1315033801,"Atelopus subornatus Werner, 1899",Atelopus subornatus,4.26513,-74.2737,Cundinamarca,,PRESERVED_SPECIMEN,1976.0,b01bffc2-67b0-4441-806d-65c2cff690b5,,Universidad Nacional de Colombia (UNAL),ICN-MHN-Anf,500.0,"['INSTITUTION_MATCH_FUZZY', 'COLLECTION_MATCH_FUZZY']",Atelopus
1315033807,"Atelopus subornatus Werner, 1899",Atelopus subornatus,4.26513,-74.2737,Cundinamarca,,PRESERVED_SPECIMEN,1976.0,b01bffc2-67b0-4441-806d-65c2cff690b5,,Universidad Nacional de Colombia (UNAL),ICN-MHN-Anf,500.0,"['INSTITUTION_MATCH_FUZZY', 'COLLECTION_MATCH_FUZZY']",Atelopus
1315033811,"Atelopus subornatus Werner, 1899",Atelopus subornatus,4.26513,-74.2737,Cundinamarca,,PRESERVED_SPECIMEN,1976.0,b01bffc2-67b0-4441-806d-65c2cff690b5,,Universidad Nacional de Colombia (UNAL),ICN-MHN-Anf,500.0,"['INSTITUTION_MATCH_FUZZY', 'COLLECTION_MATCH_FUZZY']",Atelopus
1315033823,"Atelopus subornatus Werner, 1899",Atelopus subornatus,4.26513,-74.2737,Cundinamarca,,PRESERVED_SPECIMEN,1976.0,b01bffc2-67b0-4441-806d-65c2cff690b5,,Universidad Nacional de Colombia (UNAL),ICN-MHN-Anf,500.0,"['INSTITUTION_MATCH_FUZZY', 'COLLECTION_MATCH_FUZZY']",Atelopus
1315033824,"Atelopus subornatus Werner, 1899",Atelopus subornatus,4.26513,-74.2737,Cundinamarca,,PRESERVED_SPECIMEN,1976.0,b01bffc2-67b0-4441-806d-65c2cff690b5,,Universidad Nacional de Colombia (UNAL),ICN-MHN-Anf,500.0,"['INSTITUTION_MATCH_FUZZY', 'COLLECTION_MATCH_FUZZY']",Atelopus
1315033841,"Atelopus subornatus Werner, 1899",Atelopus subornatus,4.26513,-74.2737,Cundinamarca,,PRESERVED_SPECIMEN,1976.0,b01bffc2-67b0-4441-806d-65c2cff690b5,,Universidad Nacional de Colombia (UNAL),ICN-MHN-Anf,500.0,"['INSTITUTION_MATCH_FUZZY', 'COLLECTION_MATCH_FUZZY']",Atelopus
1315033846,"Atelopus subornatus Werner, 1899",Atelopus subornatus,4.26513,-74.2737,Cundinamarca,,PRESERVED_SPECIMEN,1976.0,b01bffc2-67b0-4441-806d-65c2cff690b5,,Universidad Nacional de Colombia (UNAL),ICN-MHN-Anf,500.0,"['INSTITUTION_MATCH_FUZZY', 'COLLECTION_MATCH_FUZZY']",Atelopus
1315033849,"Atelopus subornatus Werner, 1899",Atelopus subornatus,4.26513,-74.2737,Cundinamarca,,PRESERVED_SPECIMEN,1976.0,b01bffc2-67b0-4441-806d-65c2cff690b5,,Universidad Nacional de Colombia (UNAL),ICN-MHN-Anf,500.0,"['INSTITUTION_MATCH_FUZZY', 'COLLECTION_MATCH_FUZZY']",Atelopus
1315033678,"Atelopus Duméril & Bibron, 1841",,10.906,-74.0464,Magdalena,,PRESERVED_SPECIMEN,1976.0,b01bffc2-67b0-4441-806d-65c2cff690b5,,Universidad Nacional de Colombia (UNAL),ICN-MHN-Anf,697.0,"['INSTITUTION_MATCH_FUZZY', 'COLLECTION_MATCH_FUZZY']",Atelopus
1315033732,"Atelopus Duméril & Bibron, 1841",,10.906,-74.0464,Magdalena,,PRESERVED_SPECIMEN,1976.0,b01bffc2-67b0-4441-806d-65c2cff690b5,,Universidad Nacional de Colombia (UNAL),ICN-MHN-Anf,697.0,"['INSTITUTION_MATCH_FUZZY', 'COLLECTION_MATCH_FUZZY']",Atelopus
1315033765,"Atelopus Duméril & Bibron, 1841",,10.906,-74.0464,Magdalena,,PRESERVED_SPECIMEN,1976.0,b01bffc2-67b0-4441-806d-65c2cff690b5,,Universidad Nacional de Colombia (UNAL),ICN-MHN-Anf,697.0,"['INSTITUTION_MATCH_FUZZY', 'COLLECTION_MATCH_FUZZY']",Atelopus
1315033832,"Atelopus Duméril & Bibron, 1841",,10.906,-74.0464,Magdalena,,PRESERVED_SPECIMEN,1976.0,b01bffc2-67b0-4441-806d-65c2cff690b5,,Universidad Nacional de Colombia (UNAL),ICN-MHN-Anf,697.0,"['INSTITUTION_MATCH_FUZZY', 'COLLECTION_MATCH_FUZZY']",Atelopus
1315033833,"Atelopus walkeri Rivero, 1963",Atelopus walkeri,10.907,-73.9631,Magdalena,,PRESERVED_SPECIMEN,1976.0,b01bffc2-67b0-4441-806d-65c2cff690b5,,Universidad Nacional de Colombia (UNAL),ICN-MHN-Anf,1600.0,"['INSTITUTION_MATCH_FUZZY', 'COLLECTION_MATCH_FUZZY']",Atelopus
1315033899,"Atelopus walkeri Rivero, 1963",Atelopus walkeri,10.907,-73.9631,Magdalena,,PRESERVED_SPECIMEN,1976.0,b01bffc2-67b0-4441-806d-65c2cff690b5,,Universidad Nacional de Colombia (UNAL),ICN-MHN-Anf,1600.0,"['INSTITUTION_MATCH_FUZZY', 'COLLECTION_MATCH_FUZZY']",Atelopus
1315033911,"Atelopus walkeri Rivero, 1963",Atelopus walkeri,10.906,-74.0464,Magdalena,,PRESERVED_SPECIMEN,1976.0,b01bffc2-67b0-4441-806d-65c2cff690b5,,Universidad Nacional de Colombia (UNAL),ICN-MHN-Anf,697.0,"['INSTITUTION_MATCH_FUZZY', 'COLLECTION_MATCH_FUZZY']",Atelopus
1315033912,"Atelopus leoperezii Ruiz-Carranza, Ardila-Robayo & Hernández-Camacho, 1994",Atelopus carrikeri,10.906,-74.0464,Magdalena,,PRESERVED_SPECIMEN,1976.0,b01bffc2-67b0-4441-806d-65c2cff690b5,,Universidad Nacional de Colombia (UNAL),ICN-MHN-Anf,697.0,"['INSTITUTION_MATCH_FUZZY', 'COLLECTION_MATCH_FUZZY']",Atelopus
1315033916,"Atelopus laetissimus Ruiz-Carranza, Ardila-Robayo & Hernández-Camacho, 1994",Atelopus laetissimus,10.907,-73.9631,Magdalena,,PRESERVED_SPECIMEN,1976.0,b01bffc2-67b0-4441-806d-65c2cff690b5,,Universidad Nacional de Colombia (UNAL),ICN-MHN-Anf,1600.0,"['INSTITUTION_MATCH_FUZZY', 'COLLECTION_MATCH_FUZZY']",Atelopus
1315033929,"Atelopus leoperezii Ruiz-Carranza, Ardila-Robayo & Hernández-Camacho, 1994",Atelopus carrikeri,10.906,-74.0464,Magdalena,,PRESERVED_SPECIMEN,1976.0,b01bffc2-67b0-4441-806d-65c2cff690b5,,Universidad Nacional de Colombia (UNAL),ICN-MHN-Anf,697.0,"['INSTITUTION_MATCH_FUZZY', 'COLLECTION_MATCH_FUZZY']",Atelopus
1315034013,"Atelopus leoperezii Ruiz-Carranza, Ardila-Robayo & Hernández-Camacho, 1994",Atelopus carrikeri,10.906,-74.0464,Magdalena,,PRESERVED_SPECIMEN,1976.0,b01bffc2-67b0-4441-806d-65c2cff690b5,,Universidad Nacional de Colombia (UNAL),ICN-MHN-Anf,697.0,"['INSTITUTION_MATCH_FUZZY', 'COLLECTION_MATCH_FUZZY']",Atelopus
1315035077,"Atelopus carrikeri Ruthven, 1916",Atelopus carrikeri,10.906,-74.0464,Magdalena,,PRESERVED_SPECIMEN,1976.0,b01bffc2-67b0-4441-806d-65c2cff690b5,,Universidad Nacional de Colombia (UNAL),ICN-MHN-Anf,697.0,"['INSTITUTION_MATCH_FUZZY', 'COLLECTION_MATCH_FUZZY']",Atelopus
1315035111,"Atelopus carrikeri Ruthven, 1916",Atelopus carrikeri,10.906,-74.0464,Magdalena,,PRESERVED_SPECIMEN,1976.0,b01bffc2-67b0-4441-806d-65c2cff690b5,,Universidad Nacional de Colombia (UNAL),ICN-MHN-Anf,697.0,"['INSTITUTION_MATCH_FUZZY', 'COLLECTION_MATCH_FUZZY']",Atelopus
1315035113,"Atelopus carrikeri Ruthven, 1916",Atelopus carrikeri,10.906,-74.0464,Magdalena,,PRESERVED_SPECIMEN,1976.0,b01bffc2-67b0-4441-806d-65c2cff690b5,,Universidad Nacional de Colombia (UNAL),ICN-MHN-Anf,697.0,"['INSTITUTION_MATCH_FUZZY', 'COLLECTION_MATCH_FUZZY']",Atelopus
1315035117,"Atelopus carrikeri Ruthven, 1916",Atelopus carrikeri,10.906,-74.0464,Magdalena,,PRESERVED_SPECIMEN,1976.0,b01bffc2-67b0-4441-806d-65c2cff690b5,,Universidad Nacional de Colombia (UNAL),ICN-MHN-Anf,697.0,"['INSTITUTION_MATCH_FUZZY', 'COLLECTION_MATCH_FUZZY']",Atelopus
1315035130,"Atelopus carrikeri Ruthven, 1916",Atelopus carrikeri,10.906,-74.0464,Magdalena,,PRESERVED_SPECIMEN,1976.0,b01bffc2-67b0-4441-806d-65c2cff690b5,,Universidad Nacional de Colombia (UNAL),ICN-MHN-Anf,697.0,"['INSTITUTION_MATCH_FUZZY', 'COLLECTION_MATCH_FUZZY']",Atelopus
1315035155,"Atelopus carrikeri Ruthven, 1916",Atelopus carrikeri,10.906,-74.0464,Magdalena,,PRESERVED_SPECIMEN,1976.0,b01bffc2-67b0-4441-806d-65c2cff690b5,,Universidad Nacional de Colombia (UNAL),ICN-MHN-Anf,697.0,"['INSTITUTION_MATCH_FUZZY', 'COLLECTION_MATCH_FUZZY']",Atelopus
1315035159,"Atelopus carrikeri Ruthven, 1916",Atelopus carrikeri,10.906,-74.0464,Magdalena,,PRESERVED_SPECIMEN,1976.0,b01bffc2-67b0-4441-806d-65c2cff690b5,,Universidad Nacional de Colombia (UNAL),ICN-MHN-Anf,697.0,"['INSTITUTION_MATCH_FUZZY', 'COLLECTION_MATCH_FUZZY']",Atelopus
1315035173,"Atelopus carrikeri Ruthven, 1916",Atelopus carrikeri,10.906,-74.0464,Magdalena,,PRESERVED_SPECIMEN,1976.0,b01bffc2-67b0-4441-806d-65c2cff690b5,,Universidad Nacional de Colombia (UNAL),ICN-MHN-Anf,697.0,"['INSTITUTION_MATCH_FUZZY', 'COLLECTION_MATCH_FUZZY']",Atelopus
4598805224,"Atelopus ignescens (Cornalia, 1849)",Atelopus ignescens,1.209167,-77.271389,Nariño,,PRESERVED_SPECIMEN,1976.0,be87cbf5-5d0a-49db-b909-67cd3c6df24e,,DC-JMC,Amphibia,157593.0,"['COORDINATE_ROUNDED', 'INSTITUTION_MATCH_NONE']",Atelopus
1315033727,"Atelopus Duméril & Bibron, 1841",,11.1095,-74.0465,Magdalena,,PRESERVED_SPECIMEN,1975.0,b01bffc2-67b0-4441-806d-65c2cff690b5,,Universidad Nacional de Colombia (UNAL),ICN-MHN-Anf,3002.0,"['INSTITUTION_MATCH_FUZZY', 'COLLECTION_MATCH_FUZZY']",Atelopus
1315033800,"Atelopus Duméril & Bibron, 1841",,11.1095,-74.0465,Magdalena,,PRESERVED_SPECIMEN,1975.0,b01bffc2-67b0-4441-806d-65c2cff690b5,,Universidad Nacional de Colombia (UNAL),ICN-MHN-Anf,3002.0,"['INSTITUTION_MATCH_FUZZY', 'COLLECTION_MATCH_FUZZY']",Atelopus
1318393165,"Atelopus carrikeri Ruthven, 1916",Atelopus carrikeri,10.9,-73.85,Magdalena,,PRESERVED_SPECIMEN,1975.0,821cc27a-e3bb-4bc5-ac34-89ada245069d,NMNH Extant Biology,USNM,HERP,,"['GEODETIC_DATUM_ASSUMED_WGS84', 'OCCURRENCE_STATUS_INFERRED_FROM_INDIVIDUAL_COUNT']",Atelopus
1319348632,"Atelopus carrikeri Ruthven, 1916",Atelopus carrikeri,10.9,-73.85,Magdalena,,PRESERVED_SPECIMEN,1975.0,821cc27a-e3bb-4bc5-ac34-89ada245069d,NMNH Extant Biology,USNM,HERP,,"['GEODETIC_DATUM_ASSUMED_WGS84', 'OCCURRENCE_STATUS_INFERRED_FROM_INDIVIDUAL_COUNT']",Atelopus
1321358855,"Atelopus carrikeri Ruthven, 1916",Atelopus carrikeri,10.9,-73.85,Magdalena,,PRESERVED_SPECIMEN,1975.0,821cc27a-e3bb-4bc5-ac34-89ada245069d,NMNH Extant Biology,USNM,HERP,,"['GEODETIC_DATUM_ASSUMED_WGS84', 'OCCURRENCE_STATUS_INFERRED_FROM_INDIVIDUAL_COUNT']",Atelopus
1322862758,"Atelopus carrikeri Ruthven, 1916",Atelopus carrikeri,10.9,-73.85,Magdalena,,PRESERVED_SPECIMEN,1975.0,821cc27a-e3bb-4bc5-ac34-89ada245069d,NMNH Extant Biology,USNM,HERP,,"['GEODETIC_DATUM_ASSUMED_WGS84', 'OCCURRENCE_STATUS_INFERRED_FROM_INDIVIDUAL_COUNT']",Atelopus
476485173,"Atelopus carrikeri Ruthven, 1916",Atelopus carrikeri,10.88993,-73.93839,Magdalena,,PRESERVED_SPECIMEN,1974.0,4bfac3ea-8763-4f4b-a71a-76a6f5f243d3,,MCZ,Herp,2440.0,"['INSTITUTION_MATCH_FUZZY', 'COLLECTION_MATCH_FUZZY']",Atelopus
476485174,"Atelopus walkeri Rivero, 1963",Atelopus walkeri,10.90616,-73.99489,Magdalena,,PRESERVED_SPECIMEN,1974.0,4bfac3ea-8763-4f4b-a71a-76a6f5f243d3,,MCZ,Herp,1314.0,"['INSTITUTION_MATCH_FUZZY', 'COLLECTION_MATCH_FUZZY']",Atelopus
476485175,"Atelopus walkeri Rivero, 1963",Atelopus walkeri,10.90616,-73.99489,Magdalena,,PRESERVED_SPECIMEN,1974.0,4bfac3ea-8763-4f4b-a71a-76a6f5f243d3,,MCZ,Herp,1314.0,"['INSTITUTION_MATCH_FUZZY', 'COLLECTION_MATCH_FUZZY']",Atelopus
476611892,"Atelopus carrikeri Ruthven, 1916",Atelopus carrikeri,10.88993,-73.93839,Magdalena,,PRESERVED_SPECIMEN,1974.0,4bfac3ea-8763-4f4b-a71a-76a6f5f243d3,,MCZ,Herp,2440.0,"['INSTITUTION_MATCH_FUZZY', 'COLLECTION_MATCH_FUZZY']",Atelopus
476611893,"Atelopus walkeri Rivero, 1963",Atelopus walkeri,10.90986,-73.96671,Magdalena,,PRESERVED_SPECIMEN,1974.0,4bfac3ea-8763-4f4b-a71a-76a6f5f243d3,,MCZ,Herp,1952.0,"['INSTITUTION_MATCH_FUZZY', 'COLLECTION_MATCH_FUZZY']",Atelopus
476611894,"Atelopus walkeri Rivero, 1963",Atelopus walkeri,10.90986,-73.96671,Magdalena,,PRESERVED_SPECIMEN,1974.0,4bfac3ea-8763-4f4b-a71a-76a6f5f243d3,,MCZ,Herp,1952.0,"['INSTITUTION_MATCH_FUZZY', 'COLLECTION_MATCH_FUZZY']",Atelopus
476611895,"Atelopus walkeri Rivero, 1963",Atelopus walkeri,10.90986,-73.96671,Magdalena,,PRESERVED_SPECIMEN,1974.0,4bfac3ea-8763-4f4b-a71a-76a6f5f243d3,,MCZ,Herp,1952.0,"['INSTITUTION_MATCH_FUZZY', 'COLLECTION_MATCH_FUZZY']",Atelopus
476611896,"Atelopus walkeri Rivero, 1963",Atelopus walkeri,10.90616,-73.99489,Magdalena,,PRESERVED_SPECIMEN,1974.0,4bfac3ea-8763-4f4b-a71a-76a6f5f243d3,,MCZ,Herp,1314.0,"['INSTITUTION_MATCH_FUZZY', 'COLLECTION_MATCH_FUZZY']",Atelopus
476611897,"Atelopus walkeri Rivero, 1963",Atelopus walkeri,10.90616,-73.99489,Magdalena,,PRESERVED_SPECIMEN,1974.0,4bfac3ea-8763-4f4b-a71a-76a6f5f243d3,,MCZ,Herp,1314.0,"['INSTITUTION_MATCH_FUZZY', 'COLLECTION_MATCH_FUZZY']",Atelopus
476611993,"Atelopus walkeri Rivero, 1963",Atelopus walkeri,10.90616,-73.99489,Magdalena,,PRESERVED_SPECIMEN,1974.0,4bfac3ea-8763-4f4b-a71a-76a6f5f243d3,,MCZ,Herp,1314.0,"['INSTITUTION_MATCH_FUZZY', 'COLLECTION_MATCH_FUZZY']",Atelopus
476611994,"Atelopus walkeri Rivero, 1963",Atelopus walkeri,10.90616,-73.99489,Magdalena,,PRESERVED_SPECIMEN,1974.0,4bfac3ea-8763-4f4b-a71a-76a6f5f243d3,,MCZ,Herp,1314.0,"['INSTITUTION_MATCH_FUZZY', 'COLLECTION_MATCH_FUZZY']",Atelopus
476611995,"Atelopus walkeri Rivero, 1963",Atelopus walkeri,10.90616,-73.99489,Magdalena,,PRESERVED_SPECIMEN,1974.0,4bfac3ea-8763-4f4b-a71a-76a6f5f243d3,,MCZ,Herp,1314.0,"['INSTITUTION_MATCH_FUZZY', 'COLLECTION_MATCH_FUZZY']",Atelopus
476611996,"Atelopus walkeri Rivero, 1963",Atelopus walkeri,10.90616,-73.99489,Magdalena,,PRESERVED_SPECIMEN,1974.0,4bfac3ea-8763-4f4b-a71a-76a6f5f243d3,,MCZ,Herp,1314.0,"['INSTITUTION_MATCH_FUZZY', 'COLLECTION_MATCH_FUZZY']",Atelopus
476611997,"Atelopus walkeri Rivero, 1963",Atelopus walkeri,10.90616,-73.99489,Magdalena,,PRESERVED_SPECIMEN,1974.0,4bfac3ea-8763-4f4b-a71a-76a6f5f243d3,,MCZ,Herp,1314.0,"['INSTITUTION_MATCH_FUZZY', 'COLLECTION_MATCH_FUZZY']",Atelopus
476611998,"Atelopus walkeri Rivero, 1963",Atelopus walkeri,10.90616,-73.99489,Magdalena,,PRESERVED_SPECIMEN,1974.0,4bfac3ea-8763-4f4b-a71a-76a6f5f243d3,,MCZ,Herp,1314.0,"['INSTITUTION_MATCH_FUZZY', 'COLLECTION_MATCH_FUZZY']",Atelopus
476611999,"Atelopus walkeri Rivero, 1963",Atelopus walkeri,10.90616,-73.99489,Magdalena,,PRESERVED_SPECIMEN,1974.0,4bfac3ea-8763-4f4b-a71a-76a6f5f243d3,,MCZ,Herp,1314.0,"['INSTITUTION_MATCH_FUZZY', 'COLLECTION_MATCH_FUZZY']",Atelopus
476612094,"Atelopus walkeri Rivero, 1963",Atelopus walkeri,10.90616,-73.99489,Magdalena,,PRESERVED_SPECIMEN,1974.0,4bfac3ea-8763-4f4b-a71a-76a6f5f243d3,,MCZ,Herp,1314.0,"['INSTITUTION_MATCH_FUZZY', 'COLLECTION_MATCH_FUZZY']",Atelopus
476612095,"Atelopus walkeri Rivero, 1963",Atelopus walkeri,10.90616,-73.99489,Magdalena,,PRESERVED_SPECIMEN,1974.0,4bfac3ea-8763-4f4b-a71a-76a6f5f243d3,,MCZ,Herp,1314.0,"['INSTITUTION_MATCH_FUZZY', 'COLLECTION_MATCH_FUZZY']",Atelopus
476620147,"Atelopus spurrelli Boulenger, 1914",Atelopus spurrelli,6.25986,-77.39373,Choco,,PRESERVED_SPECIMEN,1973.0,4bfac3ea-8763-4f4b-a71a-76a6f5f243d3,,MCZ,Herp,12100.0,"['INSTITUTION_MATCH_FUZZY', 'COLLECTION_MATCH_FUZZY']",Atelopus
476620251,"Atelopus spurrelli Boulenger, 1914",Atelopus spurrelli,6.25986,-77.39373,Choco,,PRESERVED_SPECIMEN,1973.0,4bfac3ea-8763-4f4b-a71a-76a6f5f243d3,,MCZ,Herp,12100.0,"['INSTITUTION_MATCH_FUZZY', 'COLLECTION_MATCH_FUZZY']",Atelopus
1315035102,"Atelopus ebenoides Rivero, 1963",Atelopus ebenoides,5.56541,-72.8044,Boyacá,,PRESERVED_SPECIMEN,1973.0,b01bffc2-67b0-4441-806d-65c2cff690b5,,Universidad Nacional de Colombia (UNAL),ICN-MHN-Anf,740.0,"['INSTITUTION_MATCH_FUZZY', 'COLLECTION_MATCH_FUZZY']",Atelopus
2640763110,"Atelopus ignescens (Cornalia, 1849)",Atelopus ignescens,1.21467,-77.27865,Nariño,,PRESERVED_SPECIMEN,1973.0,5f19459c-0da2-4d2a-8180-87a917410b07,Colección de ranas del Museo de La Salle,Universidad de La Salle (La Salle),MLS-ran,,"['INSTITUTION_MATCH_FUZZY', 'COLLECTION_MATCH_FUZZY']",Atelopus
2640764022,"Atelopus muisca Rueda-Almonacid & Hoyos, 1992",Atelopus muisca,4.52806,-73.78879,Cundinamarca,,PRESERVED_SPECIMEN,1973.0,5f19459c-0da2-4d2a-8180-87a917410b07,Colección de ranas del Museo de La Salle,Universidad de La Salle (La Salle),MLS-ran,,"['INSTITUTION_MATCH_FUZZY', 'COLLECTION_MATCH_FUZZY']",Atelopus
1912817087,"Atelopus Duméril & Bibron, 1841",,5.0476,-75.2929,Tolima,,PRESERVED_SPECIMEN,1972.0,b01bffc2-67b0-4441-806d-65c2cff690b5,Datos sistematizados por Expedición por la historia - ColombiaBio,Universidad Nacional de Colombia (UNAL),ICN-MHN-Anf,5500.0,"['COORDINATE_ROUNDED', 'INSTITUTION_MATCH_FUZZY', 'COLLECTION_MATCH_FUZZY']",Atelopus
476640405,"Atelopus ignescens (Cornalia, 1849)",Atelopus ignescens,1.1512,-77.10081,,,PRESERVED_SPECIMEN,1972.0,4bfac3ea-8763-4f4b-a71a-76a6f5f243d3,,MCZ,Herp,4937.0,"['INSTITUTION_MATCH_FUZZY', 'COLLECTION_MATCH_FUZZY']",Atelopus
476640406,"Atelopus ignescens (Cornalia, 1849)",Atelopus ignescens,1.1512,-77.10081,,,PRESERVED_SPECIMEN,1972.0,4bfac3ea-8763-4f4b-a71a-76a6f5f243d3,,MCZ,Herp,4937.0,"['INSTITUTION_MATCH_FUZZY', 'COLLECTION_MATCH_FUZZY']",Atelopus
476640407,"Atelopus ignescens (Cornalia, 1849)",Atelopus ignescens,1.1512,-77.10081,,,PRESERVED_SPECIMEN,1972.0,4bfac3ea-8763-4f4b-a71a-76a6f5f243d3,,MCZ,Herp,4937.0,"['INSTITUTION_MATCH_FUZZY', 'COLLECTION_MATCH_FUZZY']",Atelopus
1315034028,"Atelopus nicefori Rivero, 1963",Atelopus nicefori,6.37786,-76.0692,Antioquia,,PRESERVED_SPECIMEN,1972.0,b01bffc2-67b0-4441-806d-65c2cff690b5,,Universidad Nacional de Colombia (UNAL),ICN-MHN-Anf,360.0,"['INSTITUTION_MATCH_FUZZY', 'COLLECTION_MATCH_FUZZY']",Atelopus
1315034037,"Atelopus nicefori Rivero, 1963",Atelopus nicefori,6.37791,-76.0703,Antioquia,,PRESERVED_SPECIMEN,1972.0,b01bffc2-67b0-4441-806d-65c2cff690b5,,Universidad Nacional de Colombia (UNAL),ICN-MHN-Anf,360.0,"['INSTITUTION_MATCH_FUZZY', 'COLLECTION_MATCH_FUZZY']",Atelopus
1315034039,"Atelopus nicefori Rivero, 1963",Atelopus nicefori,6.37786,-76.0692,Antioquia,,PRESERVED_SPECIMEN,1972.0,b01bffc2-67b0-4441-806d-65c2cff690b5,,Universidad Nacional de Colombia (UNAL),ICN-MHN-Anf,360.0,"['INSTITUTION_MATCH_FUZZY', 'COLLECTION_MATCH_FUZZY']",Atelopus
1315034041,"Atelopus nicefori Rivero, 1963",Atelopus nicefori,6.37786,-76.0692,Antioquia,,PRESERVED_SPECIMEN,1972.0,b01bffc2-67b0-4441-806d-65c2cff690b5,,Universidad Nacional de Colombia (UNAL),ICN-MHN-Anf,360.0,"['INSTITUTION_MATCH_FUZZY', 'COLLECTION_MATCH_FUZZY']",Atelopus
1315034044,"Atelopus nicefori Rivero, 1963",Atelopus nicefori,6.37791,-76.0703,Antioquia,,PRESERVED_SPECIMEN,1972.0,b01bffc2-67b0-4441-806d-65c2cff690b5,,Universidad Nacional de Colombia (UNAL),ICN-MHN-Anf,360.0,"['INSTITUTION_MATCH_FUZZY', 'COLLECTION_MATCH_FUZZY']",Atelopus
1315034048,"Atelopus nicefori Rivero, 1963",Atelopus nicefori,6.37791,-76.0703,Antioquia,,PRESERVED_SPECIMEN,1972.0,b01bffc2-67b0-4441-806d-65c2cff690b5,,Universidad Nacional de Colombia (UNAL),ICN-MHN-Anf,360.0,"['INSTITUTION_MATCH_FUZZY', 'COLLECTION_MATCH_FUZZY']",Atelopus
1315034063,"Atelopus nicefori Rivero, 1963",Atelopus nicefori,6.37786,-76.0692,Antioquia,,PRESERVED_SPECIMEN,1972.0,b01bffc2-67b0-4441-806d-65c2cff690b5,,Universidad Nacional de Colombia (UNAL),ICN-MHN-Anf,360.0,"['INSTITUTION_MATCH_FUZZY', 'COLLECTION_MATCH_FUZZY']",Atelopus
1315034065,"Atelopus nicefori Rivero, 1963",Atelopus nicefori,6.37786,-76.0692,Antioquia,,PRESERVED_SPECIMEN,1972.0,b01bffc2-67b0-4441-806d-65c2cff690b5,,Universidad Nacional de Colombia (UNAL),ICN-MHN-Anf,360.0,"['INSTITUTION_MATCH_FUZZY', 'COLLECTION_MATCH_FUZZY']",Atelopus
1315034069,"Atelopus nicefori Rivero, 1963",Atelopus nicefori,6.37791,-76.0703,Antioquia,,PRESERVED_SPECIMEN,1972.0,b01bffc2-67b0-4441-806d-65c2cff690b5,,Universidad Nacional de Colombia (UNAL),ICN-MHN-Anf,360.0,"['INSTITUTION_MATCH_FUZZY', 'COLLECTION_MATCH_FUZZY']",Atelopus
1315034072,"Atelopus nicefori Rivero, 1963",Atelopus nicefori,6.37786,-76.0692,Antioquia,,PRESERVED_SPECIMEN,1972.0,b01bffc2-67b0-4441-806d-65c2cff690b5,,Universidad Nacional de Colombia (UNAL),ICN-MHN-Anf,360.0,"['INSTITUTION_MATCH_FUZZY', 'COLLECTION_MATCH_FUZZY']",Atelopus
1315034075,"Atelopus nicefori Rivero, 1963",Atelopus nicefori,6.37786,-76.0692,Antioquia,,PRESERVED_SPECIMEN,1972.0,b01bffc2-67b0-4441-806d-65c2cff690b5,,Universidad Nacional de Colombia (UNAL),ICN-MHN-Anf,360.0,"['INSTITUTION_MATCH_FUZZY', 'COLLECTION_MATCH_FUZZY']",Atelopus
1315034079,"Atelopus nicefori Rivero, 1963",Atelopus nicefori,6.37786,-76.0692,Antioquia,,PRESERVED_SPECIMEN,1972.0,b01bffc2-67b0-4441-806d-65c2cff690b5,,Universidad Nacional de Colombia (UNAL),ICN-MHN-Anf,360.0,"['INSTITUTION_MATCH_FUZZY', 'COLLECTION_MATCH_FUZZY']",Atelopus
1315034082,"Atelopus nicefori Rivero, 1963",Atelopus nicefori,6.37791,-76.0703,Antioquia,,PRESERVED_SPECIMEN,1972.0,b01bffc2-67b0-4441-806d-65c2cff690b5,,Universidad Nacional de Colombia (UNAL),ICN-MHN-Anf,360.0,"['INSTITUTION_MATCH_FUZZY', 'COLLECTION_MATCH_FUZZY']",Atelopus
1315034090,"Atelopus nicefori Rivero, 1963",Atelopus nicefori,6.37786,-76.0692,Antioquia,,PRESERVED_SPECIMEN,1972.0,b01bffc2-67b0-4441-806d-65c2cff690b5,,Universidad Nacional de Colombia (UNAL),ICN-MHN-Anf,360.0,"['INSTITUTION_MATCH_FUZZY', 'COLLECTION_MATCH_FUZZY']",Atelopus
1315034097,"Atelopus nicefori Rivero, 1963",Atelopus nicefori,6.37786,-76.0692,Antioquia,,PRESERVED_SPECIMEN,1972.0,b01bffc2-67b0-4441-806d-65c2cff690b5,,Universidad Nacional de Colombia (UNAL),ICN-MHN-Anf,360.0,"['INSTITUTION_MATCH_FUZZY', 'COLLECTION_MATCH_FUZZY']",Atelopus
1315034102,"Atelopus nicefori Rivero, 1963",Atelopus nicefori,6.37791,-76.0703,Antioquia,,PRESERVED_SPECIMEN,1972.0,b01bffc2-67b0-4441-806d-65c2cff690b5,,Universidad Nacional de Colombia (UNAL),ICN-MHN-Anf,360.0,"['INSTITUTION_MATCH_FUZZY', 'COLLECTION_MATCH_FUZZY']",Atelopus
1315034115,"Atelopus nicefori Rivero, 1963",Atelopus nicefori,6.37791,-76.0703,Antioquia,,PRESERVED_SPECIMEN,1972.0,b01bffc2-67b0-4441-806d-65c2cff690b5,,Universidad Nacional de Colombia (UNAL),ICN-MHN-Anf,360.0,"['INSTITUTION_MATCH_FUZZY', 'COLLECTION_MATCH_FUZZY']",Atelopus
1315034127,"Atelopus nicefori Rivero, 1963",Atelopus nicefori,6.37786,-76.0692,Antioquia,,PRESERVED_SPECIMEN,1972.0,b01bffc2-67b0-4441-806d-65c2cff690b5,,Universidad Nacional de Colombia (UNAL),ICN-MHN-Anf,360.0,"['INSTITUTION_MATCH_FUZZY', 'COLLECTION_MATCH_FUZZY']",Atelopus
1315034136,"Atelopus nicefori Rivero, 1963",Atelopus nicefori,6.37791,-76.0703,Antioquia,,PRESERVED_SPECIMEN,1972.0,b01bffc2-67b0-4441-806d-65c2cff690b5,,Universidad Nacional de Colombia (UNAL),ICN-MHN-Anf,360.0,"['INSTITUTION_MATCH_FUZZY', 'COLLECTION_MATCH_FUZZY']",Atelopus
1315034138,"Atelopus nicefori Rivero, 1963",Atelopus nicefori,6.37786,-76.0692,Antioquia,,PRESERVED_SPECIMEN,1972.0,b01bffc2-67b0-4441-806d-65c2cff690b5,,Universidad Nacional de Colombia (UNAL),ICN-MHN-Anf,360.0,"['INSTITUTION_MATCH_FUZZY', 'COLLECTION_MATCH_FUZZY']",Atelopus
1315034169,"Atelopus nicefori Rivero, 1963",Atelopus nicefori,6.37786,-76.0692,Antioquia,,PRESERVED_SPECIMEN,1972.0,b01bffc2-67b0-4441-806d-65c2cff690b5,,Universidad Nacional de Colombia (UNAL),ICN-MHN-Anf,360.0,"['INSTITUTION_MATCH_FUZZY', 'COLLECTION_MATCH_FUZZY']",Atelopus
1315034192,"Atelopus nicefori Rivero, 1963",Atelopus nicefori,6.37786,-76.0692,Antioquia,,PRESERVED_SPECIMEN,1972.0,b01bffc2-67b0-4441-806d-65c2cff690b5,,Universidad Nacional de Colombia (UNAL),ICN-MHN-Anf,360.0,"['INSTITUTION_MATCH_FUZZY', 'COLLECTION_MATCH_FUZZY']",Atelopus
1315033793,"Atelopus walkeri Rivero, 1963",Atelopus walkeri,11.1107,-74.0451,Magdalena,,PRESERVED_SPECIMEN,1972.0,b01bffc2-67b0-4441-806d-65c2cff690b5,,Universidad Nacional de Colombia (UNAL),ICN-MHN-Anf,3563.0,"['INSTITUTION_MATCH_FUZZY', 'COLLECTION_MATCH_FUZZY']",Atelopus
1315033809,"Atelopus walkeri Rivero, 1963",Atelopus walkeri,11.1107,-74.0451,Magdalena,,PRESERVED_SPECIMEN,1972.0,b01bffc2-67b0-4441-806d-65c2cff690b5,,Universidad Nacional de Colombia (UNAL),ICN-MHN-Anf,3563.0,"['INSTITUTION_MATCH_FUZZY', 'COLLECTION_MATCH_FUZZY']",Atelopus
2640763063,"Atelopus ignescens (Cornalia, 1849)",Atelopus ignescens,1.21467,-77.27865,Nariño,,PRESERVED_SPECIMEN,1972.0,5f19459c-0da2-4d2a-8180-87a917410b07,Colección de ranas del Museo de La Salle,Universidad de La Salle (La Salle),MLS-ran,,"['INSTITUTION_MATCH_FUZZY', 'COLLECTION_MATCH_FUZZY']",Atelopus
476485652,"Atelopus elegans (Boulenger, 1882)",Atelopus elegans,2.93707,-77.65312,Cauca,,PRESERVED_SPECIMEN,1971.0,4bfac3ea-8763-4f4b-a71a-76a6f5f243d3,,MCZ,Herp,301.0,"['INSTITUTION_MATCH_FUZZY', 'COLLECTION_MATCH_FUZZY']",Atelopus
476619821,"Atelopus elegans (Boulenger, 1882)",Atelopus elegans,2.93707,-77.65312,Cauca,,PRESERVED_SPECIMEN,1971.0,4bfac3ea-8763-4f4b-a71a-76a6f5f243d3,,MCZ,Herp,301.0,"['INSTITUTION_MATCH_FUZZY', 'COLLECTION_MATCH_FUZZY']",Atelopus
1315033747,"Atelopus Duméril & Bibron, 1841",,4.53148,-74.336,Cundinamarca,,PRESERVED_SPECIMEN,1971.0,b01bffc2-67b0-4441-806d-65c2cff690b5,,Universidad Nacional de Colombia (UNAL),ICN-MHN-Anf,350.0,"['INSTITUTION_MATCH_FUZZY', 'COLLECTION_MATCH_FUZZY']",Atelopus
1912816743,"Atelopus angelito Ardila-Robayo & Ruiz-Carranza, 1998",Atelopus angelito,5.08444,-75.29357,Tolima,,PRESERVED_SPECIMEN,1970.0,b01bffc2-67b0-4441-806d-65c2cff690b5,Datos sistematizados por Expedición por la historia - ColombiaBio,Universidad Nacional de Colombia (UNAL),ICN-MHN-Anf,2500.0,"['INSTITUTION_MATCH_FUZZY', 'COLLECTION_MATCH_FUZZY']",Atelopus
1315035062,"Atelopus ebenoides Rivero, 1963",Atelopus ebenoides,5.48228,-73.0884,Boyacá,,PRESERVED_SPECIMEN,1970.0,b01bffc2-67b0-4441-806d-65c2cff690b5,,Universidad Nacional de Colombia (UNAL),ICN-MHN-Anf,2669.0,"['INSTITUTION_MATCH_FUZZY', 'COLLECTION_MATCH_FUZZY']",Atelopus
1315033792,"Atelopus walkeri Rivero, 1963",Atelopus walkeri,11.1107,-74.0451,Magdalena,,PRESERVED_SPECIMEN,1970.0,b01bffc2-67b0-4441-806d-65c2cff690b5,,Universidad Nacional de Colombia (UNAL),ICN-MHN-Anf,3563.0,"['INSTITUTION_MATCH_FUZZY', 'COLLECTION_MATCH_FUZZY']",Atelopus
2640763001,"Atelopus walkeri Rivero, 1963",Atelopus walkeri,11.24348,-74.20835,Magdalena,,PRESERVED_SPECIMEN,1970.0,5f19459c-0da2-4d2a-8180-87a917410b07,Colección de ranas del Museo de La Salle,Universidad de La Salle (La Salle),MLS-ran,,"['INSTITUTION_MATCH_FUZZY', 'COLLECTION_MATCH_FUZZY']",Atelopus
1912816492,"Atelopus nicefori Rivero, 1963",Atelopus nicefori,6.41126,-76.04529,Antioquia,,PRESERVED_SPECIMEN,1970.0,b01bffc2-67b0-4441-806d-65c2cff690b5,Datos sistematizados por Expedición por la historia - ColombiaBio,Universidad Nacional de Colombia (UNAL),ICN-MHN-Anf,700.0,"['INSTITUTION_MATCH_FUZZY', 'COLLECTION_MATCH_FUZZY']",Atelopus
1912816597,"Atelopus nicefori Rivero, 1963",Atelopus nicefori,6.41126,-76.04529,Antioquia,,PRESERVED_SPECIMEN,1970.0,b01bffc2-67b0-4441-806d-65c2cff690b5,Datos sistematizados por Expedición por la historia - ColombiaBio,Universidad Nacional de Colombia (UNAL),ICN-MHN-Anf,700.0,"['INSTITUTION_MATCH_FUZZY', 'COLLECTION_MATCH_FUZZY']",Atelopus
1912816609,"Atelopus nicefori Rivero, 1963",Atelopus nicefori,6.41126,-76.04529,Antioquia,,PRESERVED_SPECIMEN,1970.0,b01bffc2-67b0-4441-806d-65c2cff690b5,Datos sistematizados por Expedición por la historia - ColombiaBio,Universidad Nacional de Colombia (UNAL),ICN-MHN-Anf,700.0,"['INSTITUTION_MATCH_FUZZY', 'COLLECTION_MATCH_FUZZY']",Atelopus
1912816639,"Atelopus nicefori Rivero, 1963",Atelopus nicefori,6.41126,-76.04529,Antioquia,,PRESERVED_SPECIMEN,1970.0,b01bffc2-67b0-4441-806d-65c2cff690b5,Datos sistematizados por Expedición por la historia - ColombiaBio,Universidad Nacional de Colombia (UNAL),ICN-MHN-Anf,700.0,"['INSTITUTION_MATCH_FUZZY', 'COLLECTION_MATCH_FUZZY']",Atelopus
1912816721,"Atelopus nicefori Rivero, 1963",Atelopus nicefori,6.41126,-76.04529,Antioquia,,PRESERVED_SPECIMEN,1970.0,b01bffc2-67b0-4441-806d-65c2cff690b5,Datos sistematizados por Expedición por la historia - ColombiaBio,Universidad Nacional de Colombia (UNAL),ICN-MHN-Anf,700.0,"['INSTITUTION_MATCH_FUZZY', 'COLLECTION_MATCH_FUZZY']",Atelopus
2640763004,"Atelopus nicefori Rivero, 1963",Atelopus nicefori,6.19,-76.08,Antioquia,,PRESERVED_SPECIMEN,1970.0,5f19459c-0da2-4d2a-8180-87a917410b07,Colección de ranas del Museo de La Salle,Universidad de La Salle (La Salle),MLS-ran,,"['INSTITUTION_MATCH_FUZZY', 'COLLECTION_MATCH_FUZZY']",Atelopus
4912494696,"Atelopus nicefori Rivero, 1963",Atelopus nicefori,0.715451,-75.68376,Antioquia,,MATERIAL_SAMPLE,1970.0,7b20c426-defe-45ff-82a2-bb00141e1e8f,Bioweb,QCAZ,QCAZA,,"['CONTINENT_INVALID', 'CONTINENT_DERIVED_FROM_COORDINATES', 'PRESUMED_NEGATED_LATITUDE', 'TAXON_ID_NOT_FOUND']",Atelopus
1912816380,"Atelopus ebenoides Rivero, 1963",Atelopus ebenoides,2.51744,-76.34253,Cauca,,PRESERVED_SPECIMEN,1970.0,b01bffc2-67b0-4441-806d-65c2cff690b5,Datos sistematizados por Expedición por la historia - ColombiaBio,Universidad Nacional de Colombia (UNAL),ICN-MHN-Anf,,"['INSTITUTION_MATCH_FUZZY', 'COLLECTION_MATCH_FUZZY']",Atelopus
1912816382,"Atelopus ebenoides Rivero, 1963",Atelopus ebenoides,2.51744,-76.34253,Cauca,,PRESERVED_SPECIMEN,1970.0,b01bffc2-67b0-4441-806d-65c2cff690b5,Datos sistematizados por Expedición por la historia - ColombiaBio,Universidad Nacional de Colombia (UNAL),ICN-MHN-Anf,,"['INSTITUTION_MATCH_FUZZY', 'COLLECTION_MATCH_FUZZY']",Atelopus
1912816383,"Atelopus ebenoides Rivero, 1963",Atelopus ebenoides,2.51744,-76.34253,Cauca,,PRESERVED_SPECIMEN,1970.0,b01bffc2-67b0-4441-806d-65c2cff690b5,Datos sistematizados por Expedición por la historia - ColombiaBio,Universidad Nacional de Colombia (UNAL),ICN-MHN-Anf,,"['INSTITUTION_MATCH_FUZZY', 'COLLECTION_MATCH_FUZZY']",Atelopus
1912816384,"Atelopus ebenoides Rivero, 1963",Atelopus ebenoides,2.51744,-76.34253,Cauca,,PRESERVED_SPECIMEN,1970.0,b01bffc2-67b0-4441-806d-65c2cff690b5,Datos sistematizados por Expedición por la historia - ColombiaBio,Universidad Nacional de Colombia (UNAL),ICN-MHN-Anf,,"['INSTITUTION_MATCH_FUZZY', 'COLLECTION_MATCH_FUZZY']",Atelopus
1912816385,"Atelopus ebenoides Rivero, 1963",Atelopus ebenoides,2.51744,-76.34253,Cauca,,PRESERVED_SPECIMEN,1970.0,b01bffc2-67b0-4441-806d-65c2cff690b5,Datos sistematizados por Expedición por la historia - ColombiaBio,Universidad Nacional de Colombia (UNAL),ICN-MHN-Anf,,"['INSTITUTION_MATCH_FUZZY', 'COLLECTION_MATCH_FUZZY']",Atelopus
1912816386,"Atelopus ebenoides Rivero, 1963",Atelopus ebenoides,2.51744,-76.34253,Cauca,,PRESERVED_SPECIMEN,1970.0,b01bffc2-67b0-4441-806d-65c2cff690b5,Datos sistematizados por Expedición por la historia - ColombiaBio,Universidad Nacional de Colombia (UNAL),ICN-MHN-Anf,,"['INSTITUTION_MATCH_FUZZY', 'COLLECTION_MATCH_FUZZY']",Atelopus
1912816387,"Atelopus ebenoides Rivero, 1963",Atelopus ebenoides,2.51744,-76.34253,Cauca,,PRESERVED_SPECIMEN,1970.0,b01bffc2-67b0-4441-806d-65c2cff690b5,Datos sistematizados por Expedición por la historia - ColombiaBio,Universidad Nacional de Colombia (UNAL),ICN-MHN-Anf,,"['INSTITUTION_MATCH_FUZZY', 'COLLECTION_MATCH_FUZZY']",Atelopus
1912816388,"Atelopus laetissimus Ruiz-Carranza, Ardila-Robayo & Hernández-Camacho, 1994",Atelopus laetissimus,11.11069,-74.0451,Magdalena,,PRESERVED_SPECIMEN,1970.0,b01bffc2-67b0-4441-806d-65c2cff690b5,Datos sistematizados por Expedición por la historia - ColombiaBio,Universidad Nacional de Colombia (UNAL),ICN-MHN-Anf,3563.0,"['TYPE_STATUS_INVALID', 'INSTITUTION_MATCH_FUZZY', 'COLLECTION_MATCH_FUZZY']",Atelopus
1912816390,"Atelopus ebenoides Rivero, 1963",Atelopus ebenoides,2.51744,-76.34253,Cauca,,PRESERVED_SPECIMEN,1970.0,b01bffc2-67b0-4441-806d-65c2cff690b5,Datos sistematizados por Expedición por la historia - ColombiaBio,Universidad Nacional de Colombia (UNAL),ICN-MHN-Anf,,"['INSTITUTION_MATCH_FUZZY', 'COLLECTION_MATCH_FUZZY']",Atelopus
1912816391,"Atelopus ebenoides Rivero, 1963",Atelopus ebenoides,2.51744,-76.34253,Cauca,,PRESERVED_SPECIMEN,1970.0,b01bffc2-67b0-4441-806d-65c2cff690b5,Datos sistematizados por Expedición por la historia - ColombiaBio,Universidad Nacional de Colombia (UNAL),ICN-MHN-Anf,,"['INSTITUTION_MATCH_FUZZY', 'COLLECTION_MATCH_FUZZY']",Atelopus
1912816392,"Atelopus ebenoides Rivero, 1963",Atelopus ebenoides,2.51744,-76.34253,Cauca,,PRESERVED_SPECIMEN,1970.0,b01bffc2-67b0-4441-806d-65c2cff690b5,Datos sistematizados por Expedición por la historia - ColombiaBio,Universidad Nacional de Colombia (UNAL),ICN-MHN-Anf,,"['INSTITUTION_MATCH_FUZZY', 'COLLECTION_MATCH_FUZZY']",Atelopus
1912816393,"Atelopus laetissimus Ruiz-Carranza, Ardila-Robayo & Hernández-Camacho, 1994",Atelopus laetissimus,11.11069,-74.0451,Magdalena,,PRESERVED_SPECIMEN,1970.0,b01bffc2-67b0-4441-806d-65c2cff690b5,Datos sistematizados por Expedición por la historia - ColombiaBio,Universidad Nacional de Colombia (UNAL),ICN-MHN-Anf,3563.0,"['INSTITUTION_MATCH_FUZZY', 'COLLECTION_MATCH_FUZZY']",Atelopus
1912816394,"Atelopus laetissimus Ruiz-Carranza, Ardila-Robayo & Hernández-Camacho, 1994",Atelopus laetissimus,11.11069,-74.0451,Magdalena,,PRESERVED_SPECIMEN,1970.0,b01bffc2-67b0-4441-806d-65c2cff690b5,Datos sistematizados por Expedición por la historia - ColombiaBio,Universidad Nacional de Colombia (UNAL),ICN-MHN-Anf,3563.0,"['TYPE_STATUS_INVALID', 'INSTITUTION_MATCH_FUZZY', 'COLLECTION_MATCH_FUZZY']",Atelopus
1912816395,"Atelopus walkeri Rivero, 1963",Atelopus walkeri,11.11069,-74.0451,Magdalena,,PRESERVED_SPECIMEN,1970.0,b01bffc2-67b0-4441-806d-65c2cff690b5,Datos sistematizados por Expedición por la historia - ColombiaBio,Universidad Nacional de Colombia (UNAL),ICN-MHN-Anf,3563.0,"['INSTITUTION_MATCH_FUZZY', 'COLLECTION_MATCH_FUZZY']",Atelopus
1912816396,"Atelopus walkeri Rivero, 1963",Atelopus walkeri,11.11069,-74.0451,Magdalena,,PRESERVED_SPECIMEN,1970.0,b01bffc2-67b0-4441-806d-65c2cff690b5,Datos sistematizados por Expedición por la historia - ColombiaBio,Universidad Nacional de Colombia (UNAL),ICN-MHN-Anf,3563.0,"['INSTITUTION_MATCH_FUZZY', 'COLLECTION_MATCH_FUZZY']",Atelopus
1912816398,"Atelopus walkeri Rivero, 1963",Atelopus walkeri,11.11069,-74.0451,Magdalena,,PRESERVED_SPECIMEN,1970.0,b01bffc2-67b0-4441-806d-65c2cff690b5,Datos sistematizados por Expedición por la historia - ColombiaBio,Universidad Nacional de Colombia (UNAL),ICN-MHN-Anf,3563.0,"['TYPE_STATUS_INVALID', 'INSTITUTION_MATCH_FUZZY', 'COLLECTION_MATCH_FUZZY']",Atelopus
1912816399,"Atelopus ebenoides Rivero, 1963",Atelopus ebenoides,2.51744,-76.34253,Cauca,,PRESERVED_SPECIMEN,1970.0,b01bffc2-67b0-4441-806d-65c2cff690b5,Datos sistematizados por Expedición por la historia - ColombiaBio,Universidad Nacional de Colombia (UNAL),ICN-MHN-Anf,,"['INSTITUTION_MATCH_FUZZY', 'COLLECTION_MATCH_FUZZY']",Atelopus
1912816400,"Atelopus walkeri Rivero, 1963",Atelopus walkeri,11.11069,-74.0451,Magdalena,,PRESERVED_SPECIMEN,1970.0,b01bffc2-67b0-4441-806d-65c2cff690b5,Datos sistematizados por Expedición por la historia - ColombiaBio,Universidad Nacional de Colombia (UNAL),ICN-MHN-Anf,3563.0,"['INSTITUTION_MATCH_FUZZY', 'COLLECTION_MATCH_FUZZY']",Atelopus
1912816401,"Atelopus ebenoides Rivero, 1963",Atelopus ebenoides,2.51744,-76.34253,Cauca,,PRESERVED_SPECIMEN,1970.0,b01bffc2-67b0-4441-806d-65c2cff690b5,Datos sistematizados por Expedición por la historia - ColombiaBio,Universidad Nacional de Colombia (UNAL),ICN-MHN-Anf,,"['INSTITUTION_MATCH_FUZZY', 'COLLECTION_MATCH_FUZZY']",Atelopus
1912816402,"Atelopus walkeri Rivero, 1963",Atelopus walkeri,11.11069,-74.0451,Magdalena,,PRESERVED_SPECIMEN,1970.0,b01bffc2-67b0-4441-806d-65c2cff690b5,Datos sistematizados por Expedición por la historia - ColombiaBio,Universidad Nacional de Colombia (UNAL),ICN-MHN-Anf,3563.0,"['INSTITUTION_MATCH_FUZZY', 'COLLECTION_MATCH_FUZZY']",Atelopus
1912816403,"Atelopus nahumae Ruiz-Carranza, Ardila-Robayo & Hernández-Camacho, 1994",Atelopus nahumae,11.11069,-74.0451,Magdalena,,PRESERVED_SPECIMEN,1970.0,b01bffc2-67b0-4441-806d-65c2cff690b5,Datos sistematizados por Expedición por la historia - ColombiaBio,Universidad Nacional de Colombia (UNAL),ICN-MHN-Anf,3563.0,"['INSTITUTION_MATCH_FUZZY', 'COLLECTION_MATCH_FUZZY']",Atelopus
1912816404,"Atelopus walkeri Rivero, 1963",Atelopus walkeri,11.11069,-74.0451,Magdalena,,PRESERVED_SPECIMEN,1970.0,b01bffc2-67b0-4441-806d-65c2cff690b5,Datos sistematizados por Expedición por la historia - ColombiaBio,Universidad Nacional de Colombia (UNAL),ICN-MHN-Anf,3563.0,"['INSTITUTION_MATCH_FUZZY', 'COLLECTION_MATCH_FUZZY']",Atelopus
1912816406,"Atelopus walkeri Rivero, 1963",Atelopus walkeri,11.11069,-74.0451,Magdalena,,PRESERVED_SPECIMEN,1970.0,b01bffc2-67b0-4441-806d-65c2cff690b5,Datos sistematizados por Expedición por la historia - ColombiaBio,Universidad Nacional de Colombia (UNAL),ICN-MHN-Anf,3563.0,"['INSTITUTION_MATCH_FUZZY', 'COLLECTION_MATCH_FUZZY']",Atelopus
1912816408,"Atelopus walkeri Rivero, 1963",Atelopus walkeri,11.11069,-74.0451,Magdalena,,PRESERVED_SPECIMEN,1970.0,b01bffc2-67b0-4441-806d-65c2cff690b5,Datos sistematizados por Expedición por la historia - ColombiaBio,Universidad Nacional de Colombia (UNAL),ICN-MHN-Anf,3563.0,"['INSTITUTION_MATCH_FUZZY', 'COLLECTION_MATCH_FUZZY']",Atelopus
1912816409,"Atelopus walkeri Rivero, 1963",Atelopus walkeri,11.11069,-74.0451,Magdalena,,PRESERVED_SPECIMEN,1970.0,b01bffc2-67b0-4441-806d-65c2cff690b5,Datos sistematizados por Expedición por la historia - ColombiaBio,Universidad Nacional de Colombia (UNAL),ICN-MHN-Anf,3563.0,"['INSTITUTION_MATCH_FUZZY', 'COLLECTION_MATCH_FUZZY']",Atelopus
1912816410,"Atelopus laetissimus Ruiz-Carranza, Ardila-Robayo & Hernández-Camacho, 1994",Atelopus laetissimus,11.11069,-74.0451,Magdalena,,PRESERVED_SPECIMEN,1970.0,b01bffc2-67b0-4441-806d-65c2cff690b5,Datos sistematizados por Expedición por la historia - ColombiaBio,Universidad Nacional de Colombia (UNAL),ICN-MHN-Anf,3563.0,"['TYPE_STATUS_INVALID', 'INSTITUTION_MATCH_FUZZY', 'COLLECTION_MATCH_FUZZY']",Atelopus
1912816412,"Atelopus walkeri Rivero, 1963",Atelopus walkeri,11.11069,-74.0451,Magdalena,,PRESERVED_SPECIMEN,1970.0,b01bffc2-67b0-4441-806d-65c2cff690b5,Datos sistematizados por Expedición por la historia - ColombiaBio,Universidad Nacional de Colombia (UNAL),ICN-MHN-Anf,3563.0,"['INSTITUTION_MATCH_FUZZY', 'COLLECTION_MATCH_FUZZY']",Atelopus
1912816413,"Atelopus walkeri Rivero, 1963",Atelopus walkeri,11.11069,-74.0451,Magdalena,,PRESERVED_SPECIMEN,1970.0,b01bffc2-67b0-4441-806d-65c2cff690b5,Datos sistematizados por Expedición por la historia - ColombiaBio,Universidad Nacional de Colombia (UNAL),ICN-MHN-Anf,3563.0,"['INSTITUTION_MATCH_FUZZY', 'COLLECTION_MATCH_FUZZY']",Atelopus
1912816414,"Atelopus walkeri Rivero, 1963",Atelopus walkeri,11.11069,-74.0451,Magdalena,,PRESERVED_SPECIMEN,1970.0,b01bffc2-67b0-4441-806d-65c2cff690b5,Datos sistematizados por Expedición por la historia - ColombiaBio,Universidad Nacional de Colombia (UNAL),ICN-MHN-Anf,3563.0,"['INSTITUTION_MATCH_FUZZY', 'COLLECTION_MATCH_FUZZY']",Atelopus
1912816415,"Atelopus walkeri Rivero, 1963",Atelopus walkeri,11.11069,-74.0451,Magdalena,,PRESERVED_SPECIMEN,1970.0,b01bffc2-67b0-4441-806d-65c2cff690b5,Datos sistematizados por Expedición por la historia - ColombiaBio,Universidad Nacional de Colombia (UNAL),ICN-MHN-Anf,3563.0,"['INSTITUTION_MATCH_FUZZY', 'COLLECTION_MATCH_FUZZY']",Atelopus
1912816416,"Atelopus walkeri Rivero, 1963",Atelopus walkeri,11.11069,-74.0451,Magdalena,,PRESERVED_SPECIMEN,1970.0,b01bffc2-67b0-4441-806d-65c2cff690b5,Datos sistematizados por Expedición por la historia - ColombiaBio,Universidad Nacional de Colombia (UNAL),ICN-MHN-Anf,3563.0,"['INSTITUTION_MATCH_FUZZY', 'COLLECTION_MATCH_FUZZY']",Atelopus
1912816417,"Atelopus walkeri Rivero, 1963",Atelopus walkeri,11.11069,-74.0451,Magdalena,,PRESERVED_SPECIMEN,1970.0,b01bffc2-67b0-4441-806d-65c2cff690b5,Datos sistematizados por Expedición por la historia - ColombiaBio,Universidad Nacional de Colombia (UNAL),ICN-MHN-Anf,3563.0,"['INSTITUTION_MATCH_FUZZY', 'COLLECTION_MATCH_FUZZY']",Atelopus
1912816418,"Atelopus walkeri Rivero, 1963",Atelopus walkeri,11.11069,-74.0451,Magdalena,,PRESERVED_SPECIMEN,1970.0,b01bffc2-67b0-4441-806d-65c2cff690b5,Datos sistematizados por Expedición por la historia - ColombiaBio,Universidad Nacional de Colombia (UNAL),ICN-MHN-Anf,3563.0,"['INSTITUTION_MATCH_FUZZY', 'COLLECTION_MATCH_FUZZY']",Atelopus
1912816419,"Atelopus walkeri Rivero, 1963",Atelopus walkeri,11.11069,-74.0451,Magdalena,,PRESERVED_SPECIMEN,1970.0,b01bffc2-67b0-4441-806d-65c2cff690b5,Datos sistematizados por Expedición por la historia - ColombiaBio,Universidad Nacional de Colombia (UNAL),ICN-MHN-Anf,3563.0,"['INSTITUTION_MATCH_FUZZY', 'COLLECTION_MATCH_FUZZY']",Atelopus
1912816420,"Atelopus laetissimus Ruiz-Carranza, Ardila-Robayo & Hernández-Camacho, 1994",Atelopus laetissimus,11.11069,-74.0451,Magdalena,,PRESERVED_SPECIMEN,1970.0,b01bffc2-67b0-4441-806d-65c2cff690b5,Datos sistematizados por Expedición por la historia - ColombiaBio,Universidad Nacional de Colombia (UNAL),ICN-MHN-Anf,3563.0,"['TYPE_STATUS_INVALID', 'INSTITUTION_MATCH_FUZZY', 'COLLECTION_MATCH_FUZZY']",Atelopus
1912816423,"Atelopus nahumae Ruiz-Carranza, Ardila-Robayo & Hernández-Camacho, 1994",Atelopus nahumae,11.11069,-74.0451,Magdalena,,PRESERVED_SPECIMEN,1970.0,b01bffc2-67b0-4441-806d-65c2cff690b5,Datos sistematizados por Expedición por la historia - ColombiaBio,Universidad Nacional de Colombia (UNAL),ICN-MHN-Anf,3563.0,"['TYPE_STATUS_INVALID', 'INSTITUTION_MATCH_FUZZY', 'COLLECTION_MATCH_FUZZY']",Atelopus
1912816425,"Atelopus walkeri Rivero, 1963",Atelopus walkeri,11.11069,-74.0451,Magdalena,,PRESERVED_SPECIMEN,1970.0,b01bffc2-67b0-4441-806d-65c2cff690b5,Datos sistematizados por Expedición por la historia - ColombiaBio,Universidad Nacional de Colombia (UNAL),ICN-MHN-Anf,3563.0,"['INSTITUTION_MATCH_FUZZY', 'COLLECTION_MATCH_FUZZY']",Atelopus
1912816427,"Atelopus walkeri Rivero, 1963",Atelopus walkeri,11.11069,-74.0451,Magdalena,,PRESERVED_SPECIMEN,1970.0,b01bffc2-67b0-4441-806d-65c2cff690b5,Datos sistematizados por Expedición por la historia - ColombiaBio,Universidad Nacional de Colombia (UNAL),ICN-MHN-Anf,3563.0,"['INSTITUTION_MATCH_FUZZY', 'COLLECTION_MATCH_FUZZY']",Atelopus
1912816428,"Atelopus walkeri Rivero, 1963",Atelopus walkeri,11.11069,-74.0451,Magdalena,,PRESERVED_SPECIMEN,1970.0,b01bffc2-67b0-4441-806d-65c2cff690b5,Datos sistematizados por Expedición por la historia - ColombiaBio,Universidad Nacional de Colombia (UNAL),ICN-MHN-Anf,3563.0,"['INSTITUTION_MATCH_FUZZY', 'COLLECTION_MATCH_FUZZY']",Atelopus
1912816434,"Atelopus walkeri Rivero, 1963",Atelopus walkeri,11.11069,-74.0451,Magdalena,,PRESERVED_SPECIMEN,1970.0,b01bffc2-67b0-4441-806d-65c2cff690b5,Datos sistematizados por Expedición por la historia - ColombiaBio,Universidad Nacional de Colombia (UNAL),ICN-MHN-Anf,3563.0,"['INSTITUTION_MATCH_FUZZY', 'COLLECTION_MATCH_FUZZY']",Atelopus
1912816436,"Atelopus walkeri Rivero, 1963",Atelopus walkeri,11.11069,-74.0451,Magdalena,,PRESERVED_SPECIMEN,1970.0,b01bffc2-67b0-4441-806d-65c2cff690b5,Datos sistematizados por Expedición por la historia - ColombiaBio,Universidad Nacional de Colombia (UNAL),ICN-MHN-Anf,3563.0,"['INSTITUTION_MATCH_FUZZY', 'COLLECTION_MATCH_FUZZY']",Atelopus
1912816437,"Atelopus walkeri Rivero, 1963",Atelopus walkeri,11.11069,-74.0451,Magdalena,,PRESERVED_SPECIMEN,1970.0,b01bffc2-67b0-4441-806d-65c2cff690b5,Datos sistematizados por Expedición por la historia - ColombiaBio,Universidad Nacional de Colombia (UNAL),ICN-MHN-Anf,3563.0,"['INSTITUTION_MATCH_FUZZY', 'COLLECTION_MATCH_FUZZY']",Atelopus
1912816438,"Atelopus nahumae Ruiz-Carranza, Ardila-Robayo & Hernández-Camacho, 1994",Atelopus nahumae,11.11069,-74.0451,Magdalena,,PRESERVED_SPECIMEN,1970.0,b01bffc2-67b0-4441-806d-65c2cff690b5,Datos sistematizados por Expedición por la historia - ColombiaBio,Universidad Nacional de Colombia (UNAL),ICN-MHN-Anf,3563.0,"['TYPE_STATUS_INVALID', 'INSTITUTION_MATCH_FUZZY', 'COLLECTION_MATCH_FUZZY']",Atelopus
1912816441,"Atelopus walkeri Rivero, 1963",Atelopus walkeri,11.11069,-74.0451,Magdalena,,PRESERVED_SPECIMEN,1970.0,b01bffc2-67b0-4441-806d-65c2cff690b5,Datos sistematizados por Expedición por la historia - ColombiaBio,Universidad Nacional de Colombia (UNAL),ICN-MHN-Anf,3563.0,"['INSTITUTION_MATCH_FUZZY', 'COLLECTION_MATCH_FUZZY']",Atelopus
1912816450,"Atelopus walkeri Rivero, 1963",Atelopus walkeri,11.11069,-74.0451,Magdalena,,PRESERVED_SPECIMEN,1970.0,b01bffc2-67b0-4441-806d-65c2cff690b5,Datos sistematizados por Expedición por la historia - ColombiaBio,Universidad Nacional de Colombia (UNAL),ICN-MHN-Anf,3563.0,"['INSTITUTION_MATCH_FUZZY', 'COLLECTION_MATCH_FUZZY']",Atelopus
1912816451,"Atelopus nahumae Ruiz-Carranza, Ardila-Robayo & Hernández-Camacho, 1994",Atelopus nahumae,11.11069,-74.0451,Magdalena,,PRESERVED_SPECIMEN,1970.0,b01bffc2-67b0-4441-806d-65c2cff690b5,Datos sistematizados por Expedición por la historia - ColombiaBio,Universidad Nacional de Colombia (UNAL),ICN-MHN-Anf,3563.0,"['TYPE_STATUS_INVALID', 'INSTITUTION_MATCH_FUZZY', 'COLLECTION_MATCH_FUZZY']",Atelopus
1912816456,"Atelopus walkeri Rivero, 1963",Atelopus walkeri,11.11069,-74.0451,Magdalena,,PRESERVED_SPECIMEN,1970.0,b01bffc2-67b0-4441-806d-65c2cff690b5,Datos sistematizados por Expedición por la historia - ColombiaBio,Universidad Nacional de Colombia (UNAL),ICN-MHN-Anf,3563.0,"['INSTITUTION_MATCH_FUZZY', 'COLLECTION_MATCH_FUZZY']",Atelopus
1912816460,"Atelopus walkeri Rivero, 1963",Atelopus walkeri,11.11069,-74.0451,Magdalena,,PRESERVED_SPECIMEN,1970.0,b01bffc2-67b0-4441-806d-65c2cff690b5,Datos sistematizados por Expedición por la historia - ColombiaBio,Universidad Nacional de Colombia (UNAL),ICN-MHN-Anf,3563.0,"['INSTITUTION_MATCH_FUZZY', 'COLLECTION_MATCH_FUZZY']",Atelopus
1912816466,"Atelopus walkeri Rivero, 1963",Atelopus walkeri,11.11069,-74.0451,Magdalena,,PRESERVED_SPECIMEN,1970.0,b01bffc2-67b0-4441-806d-65c2cff690b5,Datos sistematizados por Expedición por la historia - ColombiaBio,Universidad Nacional de Colombia (UNAL),ICN-MHN-Anf,3563.0,"['INSTITUTION_MATCH_FUZZY', 'COLLECTION_MATCH_FUZZY']",Atelopus
1912816473,"Atelopus walkeri Rivero, 1963",Atelopus walkeri,11.11069,-74.0451,Magdalena,,PRESERVED_SPECIMEN,1970.0,b01bffc2-67b0-4441-806d-65c2cff690b5,Datos sistematizados por Expedición por la historia - ColombiaBio,Universidad Nacional de Colombia (UNAL),ICN-MHN-Anf,3563.0,"['INSTITUTION_MATCH_FUZZY', 'COLLECTION_MATCH_FUZZY']",Atelopus
1912816475,"Atelopus walkeri Rivero, 1963",Atelopus walkeri,11.11069,-74.0451,Magdalena,,PRESERVED_SPECIMEN,1970.0,b01bffc2-67b0-4441-806d-65c2cff690b5,Datos sistematizados por Expedición por la historia - ColombiaBio,Universidad Nacional de Colombia (UNAL),ICN-MHN-Anf,3563.0,"['INSTITUTION_MATCH_FUZZY', 'COLLECTION_MATCH_FUZZY']",Atelopus
1912816487,"Atelopus walkeri Rivero, 1963",Atelopus walkeri,11.11069,-74.0451,Magdalena,,PRESERVED_SPECIMEN,1970.0,b01bffc2-67b0-4441-806d-65c2cff690b5,Datos sistematizados por Expedición por la historia - ColombiaBio,Universidad Nacional de Colombia (UNAL),ICN-MHN-Anf,3563.0,"['INSTITUTION_MATCH_FUZZY', 'COLLECTION_MATCH_FUZZY']",Atelopus
1912817106,"Atelopus walkeri Rivero, 1963",Atelopus walkeri,11.11069,-74.0451,Magdalena,,PRESERVED_SPECIMEN,1970.0,b01bffc2-67b0-4441-806d-65c2cff690b5,Datos sistematizados por Expedición por la historia - ColombiaBio,Universidad Nacional de Colombia (UNAL),ICN-MHN-Anf,3563.0,"['INSTITUTION_MATCH_FUZZY', 'COLLECTION_MATCH_FUZZY']",Atelopus
543462629,"Atelopus spurrelli Boulenger, 1914",Atelopus spurrelli,4.553883,-77.004317,Choco Dept.,,PRESERVED_SPECIMEN,1969.0,cece4fc2-1fec-4bb5-a335-7252548e3f0b,,CAS,HERP,,['COORDINATE_ROUNDED'],Atelopus
543462630,"Atelopus spurrelli Boulenger, 1914",Atelopus spurrelli,4.553883,-77.004317,Choco Dept.,,PRESERVED_SPECIMEN,1969.0,cece4fc2-1fec-4bb5-a335-7252548e3f0b,,CAS,HERP,,['COORDINATE_ROUNDED'],Atelopus
543462631,"Atelopus spurrelli Boulenger, 1914",Atelopus spurrelli,4.553883,-77.004317,Choco Dept.,,PRESERVED_SPECIMEN,1969.0,cece4fc2-1fec-4bb5-a335-7252548e3f0b,,CAS,HERP,,['COORDINATE_ROUNDED'],Atelopus
543462632,"Atelopus spurrelli Boulenger, 1914",Atelopus spurrelli,4.553883,-77.004317,Choco Dept.,,PRESERVED_SPECIMEN,1969.0,cece4fc2-1fec-4bb5-a335-7252548e3f0b,,CAS,HERP,,['COORDINATE_ROUNDED'],Atelopus
543462633,"Atelopus spurrelli Boulenger, 1914",Atelopus spurrelli,4.553883,-77.004317,Choco Dept.,,PRESERVED_SPECIMEN,1969.0,cece4fc2-1fec-4bb5-a335-7252548e3f0b,,CAS,HERP,,['COORDINATE_ROUNDED'],Atelopus
543462634,"Atelopus spurrelli Boulenger, 1914",Atelopus spurrelli,4.553883,-77.004317,Choco Dept.,,PRESERVED_SPECIMEN,1969.0,cece4fc2-1fec-4bb5-a335-7252548e3f0b,,CAS,HERP,,['COORDINATE_ROUNDED'],Atelopus
543462635,"Atelopus spurrelli Boulenger, 1914",Atelopus spurrelli,4.553883,-77.004317,Choco Dept.,,PRESERVED_SPECIMEN,1969.0,cece4fc2-1fec-4bb5-a335-7252548e3f0b,,CAS,HERP,,['COORDINATE_ROUNDED'],Atelopus
543462636,"Atelopus spurrelli Boulenger, 1914",Atelopus spurrelli,4.553883,-77.004317,Choco Dept.,,PRESERVED_SPECIMEN,1969.0,cece4fc2-1fec-4bb5-a335-7252548e3f0b,,CAS,HERP,,['COORDINATE_ROUNDED'],Atelopus
543462637,"Atelopus spurrelli Boulenger, 1914",Atelopus spurrelli,4.553883,-77.004317,Choco Dept.,,PRESERVED_SPECIMEN,1969.0,cece4fc2-1fec-4bb5-a335-7252548e3f0b,,CAS,HERP,,['COORDINATE_ROUNDED'],Atelopus
543462638,"Atelopus spurrelli Boulenger, 1914",Atelopus spurrelli,4.553883,-77.004317,Choco Dept.,,PRESERVED_SPECIMEN,1969.0,cece4fc2-1fec-4bb5-a335-7252548e3f0b,,CAS,HERP,,['COORDINATE_ROUNDED'],Atelopus
543462640,"Atelopus spurrelli Boulenger, 1914",Atelopus spurrelli,4.553883,-77.004317,Choco Dept.,,PRESERVED_SPECIMEN,1969.0,cece4fc2-1fec-4bb5-a335-7252548e3f0b,,CAS,HERP,,['COORDINATE_ROUNDED'],Atelopus
543462641,"Atelopus spurrelli Boulenger, 1914",Atelopus spurrelli,4.553883,-77.004317,Choco Dept.,,PRESERVED_SPECIMEN,1969.0,cece4fc2-1fec-4bb5-a335-7252548e3f0b,,CAS,HERP,,['COORDINATE_ROUNDED'],Atelopus
543462642,"Atelopus spurrelli Boulenger, 1914",Atelopus spurrelli,4.553883,-77.004317,Choco Dept.,,PRESERVED_SPECIMEN,1969.0,cece4fc2-1fec-4bb5-a335-7252548e3f0b,,CAS,HERP,,['COORDINATE_ROUNDED'],Atelopus
543462643,"Atelopus spurrelli Boulenger, 1914",Atelopus spurrelli,4.553883,-77.004317,Choco Dept.,,PRESERVED_SPECIMEN,1969.0,cece4fc2-1fec-4bb5-a335-7252548e3f0b,,CAS,HERP,,['COORDINATE_ROUNDED'],Atelopus
543462644,"Atelopus spurrelli Boulenger, 1914",Atelopus spurrelli,4.553883,-77.004317,Choco Dept.,,PRESERVED_SPECIMEN,1969.0,cece4fc2-1fec-4bb5-a335-7252548e3f0b,,CAS,HERP,,['COORDINATE_ROUNDED'],Atelopus
543462645,"Atelopus spurrelli Boulenger, 1914",Atelopus spurrelli,4.553883,-77.004317,Choco Dept.,,PRESERVED_SPECIMEN,1969.0,cece4fc2-1fec-4bb5-a335-7252548e3f0b,,CAS,HERP,,['COORDINATE_ROUNDED'],Atelopus
543462646,"Atelopus spurrelli Boulenger, 1914",Atelopus spurrelli,4.553883,-77.004317,Choco Dept.,,PRESERVED_SPECIMEN,1969.0,cece4fc2-1fec-4bb5-a335-7252548e3f0b,,CAS,HERP,,['COORDINATE_ROUNDED'],Atelopus
543462647,"Atelopus spurrelli Boulenger, 1914",Atelopus spurrelli,4.553883,-77.004317,Choco Dept.,,PRESERVED_SPECIMEN,1969.0,cece4fc2-1fec-4bb5-a335-7252548e3f0b,,CAS,HERP,,['COORDINATE_ROUNDED'],Atelopus
543462648,"Atelopus spurrelli Boulenger, 1914",Atelopus spurrelli,4.553883,-77.004317,Choco Dept.,,PRESERVED_SPECIMEN,1969.0,cece4fc2-1fec-4bb5-a335-7252548e3f0b,,CAS,HERP,,['COORDINATE_ROUNDED'],Atelopus
543462649,"Atelopus spurrelli Boulenger, 1914",Atelopus spurrelli,4.553883,-77.004317,Choco Dept.,,PRESERVED_SPECIMEN,1969.0,cece4fc2-1fec-4bb5-a335-7252548e3f0b,,CAS,HERP,,['COORDINATE_ROUNDED'],Atelopus
543462651,"Atelopus spurrelli Boulenger, 1914",Atelopus spurrelli,4.553883,-77.004317,Choco Dept.,,PRESERVED_SPECIMEN,1969.0,cece4fc2-1fec-4bb5-a335-7252548e3f0b,,CAS,HERP,,['COORDINATE_ROUNDED'],Atelopus
543462652,"Atelopus spurrelli Boulenger, 1914",Atelopus spurrelli,4.553883,-77.004317,Choco Dept.,,PRESERVED_SPECIMEN,1969.0,cece4fc2-1fec-4bb5-a335-7252548e3f0b,,CAS,HERP,,['COORDINATE_ROUNDED'],Atelopus
543462653,"Atelopus spurrelli Boulenger, 1914",Atelopus spurrelli,4.553883,-77.004317,Choco Dept.,,PRESERVED_SPECIMEN,1969.0,cece4fc2-1fec-4bb5-a335-7252548e3f0b,,CAS,HERP,,['COORDINATE_ROUNDED'],Atelopus
543462654,"Atelopus spurrelli Boulenger, 1914",Atelopus spurrelli,4.553883,-77.004317,Choco Dept.,,PRESERVED_SPECIMEN,1969.0,cece4fc2-1fec-4bb5-a335-7252548e3f0b,,CAS,HERP,,['COORDINATE_ROUNDED'],Atelopus
543462655,"Atelopus spurrelli Boulenger, 1914",Atelopus spurrelli,4.553883,-77.004317,Choco Dept.,,PRESERVED_SPECIMEN,1969.0,cece4fc2-1fec-4bb5-a335-7252548e3f0b,,CAS,HERP,,['COORDINATE_ROUNDED'],Atelopus
543462656,"Atelopus spurrelli Boulenger, 1914",Atelopus spurrelli,4.553883,-77.004317,Choco Dept.,,PRESERVED_SPECIMEN,1969.0,cece4fc2-1fec-4bb5-a335-7252548e3f0b,,CAS,HERP,,['COORDINATE_ROUNDED'],Atelopus
543462657,"Atelopus spurrelli Boulenger, 1914",Atelopus spurrelli,4.553883,-77.004317,Choco Dept.,,PRESERVED_SPECIMEN,1969.0,cece4fc2-1fec-4bb5-a335-7252548e3f0b,,CAS,HERP,,['COORDINATE_ROUNDED'],Atelopus
543462658,"Atelopus spurrelli Boulenger, 1914",Atelopus spurrelli,4.553883,-77.004317,Choco Dept.,,PRESERVED_SPECIMEN,1969.0,cece4fc2-1fec-4bb5-a335-7252548e3f0b,,CAS,HERP,,['COORDINATE_ROUNDED'],Atelopus
543462659,"Atelopus spurrelli Boulenger, 1914",Atelopus spurrelli,4.553883,-77.004317,Choco Dept.,,PRESERVED_SPECIMEN,1969.0,cece4fc2-1fec-4bb5-a335-7252548e3f0b,,CAS,HERP,,['COORDINATE_ROUNDED'],Atelopus
543462660,"Atelopus spurrelli Boulenger, 1914",Atelopus spurrelli,4.553883,-77.004317,Choco Dept.,,PRESERVED_SPECIMEN,1969.0,cece4fc2-1fec-4bb5-a335-7252548e3f0b,,CAS,HERP,,['COORDINATE_ROUNDED'],Atelopus
543462662,"Atelopus spurrelli Boulenger, 1914",Atelopus spurrelli,4.553883,-77.004317,Choco Dept.,,PRESERVED_SPECIMEN,1969.0,cece4fc2-1fec-4bb5-a335-7252548e3f0b,,CAS,HERP,,['COORDINATE_ROUNDED'],Atelopus
543462663,"Atelopus spurrelli Boulenger, 1914",Atelopus spurrelli,4.553883,-77.004317,Choco Dept.,,PRESERVED_SPECIMEN,1969.0,cece4fc2-1fec-4bb5-a335-7252548e3f0b,,CAS,HERP,,['COORDINATE_ROUNDED'],Atelopus
543462664,"Atelopus spurrelli Boulenger, 1914",Atelopus spurrelli,4.553883,-77.004317,Choco Dept.,,PRESERVED_SPECIMEN,1969.0,cece4fc2-1fec-4bb5-a335-7252548e3f0b,,CAS,HERP,,['COORDINATE_ROUNDED'],Atelopus
543462665,"Atelopus spurrelli Boulenger, 1914",Atelopus spurrelli,4.553883,-77.004317,Choco Dept.,,PRESERVED_SPECIMEN,1969.0,cece4fc2-1fec-4bb5-a335-7252548e3f0b,,CAS,HERP,,['COORDINATE_ROUNDED'],Atelopus
543462666,"Atelopus spurrelli Boulenger, 1914",Atelopus spurrelli,4.553883,-77.004317,Choco Dept.,,PRESERVED_SPECIMEN,1969.0,cece4fc2-1fec-4bb5-a335-7252548e3f0b,,CAS,HERP,,['COORDINATE_ROUNDED'],Atelopus
543462667,"Atelopus spurrelli Boulenger, 1914",Atelopus spurrelli,4.553883,-77.004317,Choco Dept.,,PRESERVED_SPECIMEN,1969.0,cece4fc2-1fec-4bb5-a335-7252548e3f0b,,CAS,HERP,,['COORDINATE_ROUNDED'],Atelopus
543462668,"Atelopus spurrelli Boulenger, 1914",Atelopus spurrelli,4.553883,-77.004317,Choco Dept.,,PRESERVED_SPECIMEN,1969.0,cece4fc2-1fec-4bb5-a335-7252548e3f0b,,CAS,HERP,,['COORDINATE_ROUNDED'],Atelopus
543462669,"Atelopus spurrelli Boulenger, 1914",Atelopus spurrelli,4.553883,-77.004317,Choco Dept.,,PRESERVED_SPECIMEN,1969.0,cece4fc2-1fec-4bb5-a335-7252548e3f0b,,CAS,HERP,,['COORDINATE_ROUNDED'],Atelopus
543462670,"Atelopus spurrelli Boulenger, 1914",Atelopus spurrelli,4.553883,-77.004317,Choco Dept.,,PRESERVED_SPECIMEN,1969.0,cece4fc2-1fec-4bb5-a335-7252548e3f0b,,CAS,HERP,,['COORDINATE_ROUNDED'],Atelopus
543462671,"Atelopus spurrelli Boulenger, 1914",Atelopus spurrelli,4.553883,-77.004317,Choco Dept.,,PRESERVED_SPECIMEN,1969.0,cece4fc2-1fec-4bb5-a335-7252548e3f0b,,CAS,HERP,,['COORDINATE_ROUNDED'],Atelopus
543462673,"Atelopus spurrelli Boulenger, 1914",Atelopus spurrelli,4.553883,-77.004317,Choco Dept.,,PRESERVED_SPECIMEN,1969.0,cece4fc2-1fec-4bb5-a335-7252548e3f0b,,CAS,HERP,,['COORDINATE_ROUNDED'],Atelopus
543462674,"Atelopus spurrelli Boulenger, 1914",Atelopus spurrelli,4.553883,-77.004317,Choco Dept.,,PRESERVED_SPECIMEN,1969.0,cece4fc2-1fec-4bb5-a335-7252548e3f0b,,CAS,HERP,,['COORDINATE_ROUNDED'],Atelopus
543462675,"Atelopus spurrelli Boulenger, 1914",Atelopus spurrelli,4.553883,-77.004317,Choco Dept.,,PRESERVED_SPECIMEN,1969.0,cece4fc2-1fec-4bb5-a335-7252548e3f0b,,CAS,HERP,,['COORDINATE_ROUNDED'],Atelopus
543462676,"Atelopus spurrelli Boulenger, 1914",Atelopus spurrelli,4.553883,-77.004317,Choco Dept.,,PRESERVED_SPECIMEN,1969.0,cece4fc2-1fec-4bb5-a335-7252548e3f0b,,CAS,HERP,,['COORDINATE_ROUNDED'],Atelopus
543462677,"Atelopus spurrelli Boulenger, 1914",Atelopus spurrelli,4.553883,-77.004317,Choco Dept.,,PRESERVED_SPECIMEN,1969.0,cece4fc2-1fec-4bb5-a335-7252548e3f0b,,CAS,HERP,,['COORDINATE_ROUNDED'],Atelopus
543462678,"Atelopus spurrelli Boulenger, 1914",Atelopus spurrelli,4.553883,-77.004317,Choco Dept.,,PRESERVED_SPECIMEN,1969.0,cece4fc2-1fec-4bb5-a335-7252548e3f0b,,CAS,HERP,,['COORDINATE_ROUNDED'],Atelopus
543462679,"Atelopus spurrelli Boulenger, 1914",Atelopus spurrelli,4.553883,-77.004317,Choco Dept.,,PRESERVED_SPECIMEN,1969.0,cece4fc2-1fec-4bb5-a335-7252548e3f0b,,CAS,HERP,,['COORDINATE_ROUNDED'],Atelopus
543462680,"Atelopus spurrelli Boulenger, 1914",Atelopus spurrelli,4.553883,-77.004317,Choco Dept.,,PRESERVED_SPECIMEN,1969.0,cece4fc2-1fec-4bb5-a335-7252548e3f0b,,CAS,HERP,,['COORDINATE_ROUNDED'],Atelopus
543462681,"Atelopus spurrelli Boulenger, 1914",Atelopus spurrelli,4.553883,-77.004317,Choco Dept.,,PRESERVED_SPECIMEN,1969.0,cece4fc2-1fec-4bb5-a335-7252548e3f0b,,CAS,HERP,,['COORDINATE_ROUNDED'],Atelopus
543462682,"Atelopus spurrelli Boulenger, 1914",Atelopus spurrelli,4.553883,-77.004317,Choco Dept.,,PRESERVED_SPECIMEN,1969.0,cece4fc2-1fec-4bb5-a335-7252548e3f0b,,CAS,HERP,,['COORDINATE_ROUNDED'],Atelopus
543462684,"Atelopus spurrelli Boulenger, 1914",Atelopus spurrelli,4.553883,-77.004317,Choco Dept.,,PRESERVED_SPECIMEN,1969.0,cece4fc2-1fec-4bb5-a335-7252548e3f0b,,CAS,HERP,,['COORDINATE_ROUNDED'],Atelopus
543462685,"Atelopus spurrelli Boulenger, 1914",Atelopus spurrelli,4.553883,-77.004317,Choco Dept.,,PRESERVED_SPECIMEN,1969.0,cece4fc2-1fec-4bb5-a335-7252548e3f0b,,CAS,HERP,,['COORDINATE_ROUNDED'],Atelopus
543462686,"Atelopus spurrelli Boulenger, 1914",Atelopus spurrelli,4.553883,-77.004317,Choco Dept.,,PRESERVED_SPECIMEN,1969.0,cece4fc2-1fec-4bb5-a335-7252548e3f0b,,CAS,HERP,,['COORDINATE_ROUNDED'],Atelopus
543462687,"Atelopus spurrelli Boulenger, 1914",Atelopus spurrelli,4.553883,-77.004317,Choco Dept.,,PRESERVED_SPECIMEN,1969.0,cece4fc2-1fec-4bb5-a335-7252548e3f0b,,CAS,HERP,,['COORDINATE_ROUNDED'],Atelopus
543462688,"Atelopus spurrelli Boulenger, 1914",Atelopus spurrelli,4.553883,-77.004317,Choco Dept.,,PRESERVED_SPECIMEN,1969.0,cece4fc2-1fec-4bb5-a335-7252548e3f0b,,CAS,HERP,,['COORDINATE_ROUNDED'],Atelopus
543462689,"Atelopus spurrelli Boulenger, 1914",Atelopus spurrelli,4.553883,-77.004317,Choco Dept.,,PRESERVED_SPECIMEN,1969.0,cece4fc2-1fec-4bb5-a335-7252548e3f0b,,CAS,HERP,,['COORDINATE_ROUNDED'],Atelopus
543462690,"Atelopus spurrelli Boulenger, 1914",Atelopus spurrelli,4.553883,-77.004317,Choco Dept.,,PRESERVED_SPECIMEN,1969.0,cece4fc2-1fec-4bb5-a335-7252548e3f0b,,CAS,HERP,,['COORDINATE_ROUNDED'],Atelopus
543462691,"Atelopus spurrelli Boulenger, 1914",Atelopus spurrelli,4.553883,-77.004317,Choco Dept.,,PRESERVED_SPECIMEN,1969.0,cece4fc2-1fec-4bb5-a335-7252548e3f0b,,CAS,HERP,,['COORDINATE_ROUNDED'],Atelopus
543462692,"Atelopus spurrelli Boulenger, 1914",Atelopus spurrelli,4.553883,-77.004317,Choco Dept.,,PRESERVED_SPECIMEN,1969.0,cece4fc2-1fec-4bb5-a335-7252548e3f0b,,CAS,HERP,,['COORDINATE_ROUNDED'],Atelopus
543462693,"Atelopus spurrelli Boulenger, 1914",Atelopus spurrelli,4.553883,-77.004317,Choco Dept.,,PRESERVED_SPECIMEN,1969.0,cece4fc2-1fec-4bb5-a335-7252548e3f0b,,CAS,HERP,,['COORDINATE_ROUNDED'],Atelopus
543462695,"Atelopus spurrelli Boulenger, 1914",Atelopus spurrelli,4.553883,-77.004317,Choco Dept.,,PRESERVED_SPECIMEN,1969.0,cece4fc2-1fec-4bb5-a335-7252548e3f0b,,CAS,HERP,,['COORDINATE_ROUNDED'],Atelopus
543462696,"Atelopus spurrelli Boulenger, 1914",Atelopus spurrelli,4.553883,-77.004317,Choco Dept.,,PRESERVED_SPECIMEN,1969.0,cece4fc2-1fec-4bb5-a335-7252548e3f0b,,CAS,HERP,,['COORDINATE_ROUNDED'],Atelopus
543462697,"Atelopus spurrelli Boulenger, 1914",Atelopus spurrelli,4.553883,-77.004317,Choco Dept.,,PRESERVED_SPECIMEN,1969.0,cece4fc2-1fec-4bb5-a335-7252548e3f0b,,CAS,HERP,,['COORDINATE_ROUNDED'],Atelopus
543462698,"Atelopus spurrelli Boulenger, 1914",Atelopus spurrelli,4.553883,-77.004317,Choco Dept.,,PRESERVED_SPECIMEN,1969.0,cece4fc2-1fec-4bb5-a335-7252548e3f0b,,CAS,HERP,,['COORDINATE_ROUNDED'],Atelopus
543462699,"Atelopus spurrelli Boulenger, 1914",Atelopus spurrelli,4.553883,-77.004317,Choco Dept.,,PRESERVED_SPECIMEN,1969.0,cece4fc2-1fec-4bb5-a335-7252548e3f0b,,CAS,HERP,,['COORDINATE_ROUNDED'],Atelopus
543462700,"Atelopus spurrelli Boulenger, 1914",Atelopus spurrelli,4.553883,-77.004317,Choco Dept.,,PRESERVED_SPECIMEN,1969.0,cece4fc2-1fec-4bb5-a335-7252548e3f0b,,CAS,HERP,,['COORDINATE_ROUNDED'],Atelopus
543462701,"Atelopus spurrelli Boulenger, 1914",Atelopus spurrelli,4.553883,-77.004317,Choco Dept.,,PRESERVED_SPECIMEN,1969.0,cece4fc2-1fec-4bb5-a335-7252548e3f0b,,CAS,HERP,,['COORDINATE_ROUNDED'],Atelopus
543462702,"Atelopus spurrelli Boulenger, 1914",Atelopus spurrelli,4.553883,-77.004317,Choco Dept.,,PRESERVED_SPECIMEN,1969.0,cece4fc2-1fec-4bb5-a335-7252548e3f0b,,CAS,HERP,,['COORDINATE_ROUNDED'],Atelopus
543462703,"Atelopus spurrelli Boulenger, 1914",Atelopus spurrelli,4.553883,-77.004317,Choco Dept.,,PRESERVED_SPECIMEN,1969.0,cece4fc2-1fec-4bb5-a335-7252548e3f0b,,CAS,HERP,,['COORDINATE_ROUNDED'],Atelopus
543462704,"Atelopus spurrelli Boulenger, 1914",Atelopus spurrelli,4.553883,-77.004317,Choco Dept.,,PRESERVED_SPECIMEN,1969.0,cece4fc2-1fec-4bb5-a335-7252548e3f0b,,CAS,HERP,,['COORDINATE_ROUNDED'],Atelopus
543462707,"Atelopus spurrelli Boulenger, 1914",Atelopus spurrelli,4.553883,-77.004317,Choco Dept.,,PRESERVED_SPECIMEN,1969.0,cece4fc2-1fec-4bb5-a335-7252548e3f0b,,CAS,HERP,,['COORDINATE_ROUNDED'],Atelopus
543462708,"Atelopus spurrelli Boulenger, 1914",Atelopus spurrelli,4.553883,-77.004317,Choco Dept.,,PRESERVED_SPECIMEN,1969.0,cece4fc2-1fec-4bb5-a335-7252548e3f0b,,CAS,HERP,,['COORDINATE_ROUNDED'],Atelopus
543462709,"Atelopus spurrelli Boulenger, 1914",Atelopus spurrelli,4.553883,-77.004317,Choco Dept.,,PRESERVED_SPECIMEN,1969.0,cece4fc2-1fec-4bb5-a335-7252548e3f0b,,CAS,HERP,,['COORDINATE_ROUNDED'],Atelopus
543462710,"Atelopus spurrelli Boulenger, 1914",Atelopus spurrelli,4.553883,-77.004317,Choco Dept.,,PRESERVED_SPECIMEN,1969.0,cece4fc2-1fec-4bb5-a335-7252548e3f0b,,CAS,HERP,,['COORDINATE_ROUNDED'],Atelopus
543462711,"Atelopus spurrelli Boulenger, 1914",Atelopus spurrelli,4.553883,-77.004317,Choco Dept.,,PRESERVED_SPECIMEN,1969.0,cece4fc2-1fec-4bb5-a335-7252548e3f0b,,CAS,HERP,,['COORDINATE_ROUNDED'],Atelopus
543462712,"Atelopus spurrelli Boulenger, 1914",Atelopus spurrelli,4.553883,-77.004317,Choco Dept.,,PRESERVED_SPECIMEN,1969.0,cece4fc2-1fec-4bb5-a335-7252548e3f0b,,CAS,HERP,,['COORDINATE_ROUNDED'],Atelopus
543462713,"Atelopus spurrelli Boulenger, 1914",Atelopus spurrelli,4.553883,-77.004317,Choco Dept.,,PRESERVED_SPECIMEN,1969.0,cece4fc2-1fec-4bb5-a335-7252548e3f0b,,CAS,HERP,,['COORDINATE_ROUNDED'],Atelopus
543462714,"Atelopus spurrelli Boulenger, 1914",Atelopus spurrelli,4.553883,-77.004317,Choco Dept.,,PRESERVED_SPECIMEN,1969.0,cece4fc2-1fec-4bb5-a335-7252548e3f0b,,CAS,HERP,,['COORDINATE_ROUNDED'],Atelopus
543462715,"Atelopus spurrelli Boulenger, 1914",Atelopus spurrelli,4.553883,-77.004317,Choco Dept.,,PRESERVED_SPECIMEN,1969.0,cece4fc2-1fec-4bb5-a335-7252548e3f0b,,CAS,HERP,,['COORDINATE_ROUNDED'],Atelopus
543462716,"Atelopus spurrelli Boulenger, 1914",Atelopus spurrelli,4.553883,-77.004317,Choco Dept.,,PRESERVED_SPECIMEN,1969.0,cece4fc2-1fec-4bb5-a335-7252548e3f0b,,CAS,HERP,,['COORDINATE_ROUNDED'],Atelopus
543462718,"Atelopus spurrelli Boulenger, 1914",Atelopus spurrelli,4.553883,-77.004317,Choco Dept.,,PRESERVED_SPECIMEN,1969.0,cece4fc2-1fec-4bb5-a335-7252548e3f0b,,CAS,HERP,,['COORDINATE_ROUNDED'],Atelopus
543462719,"Atelopus spurrelli Boulenger, 1914",Atelopus spurrelli,4.553883,-77.004317,Choco Dept.,,PRESERVED_SPECIMEN,1969.0,cece4fc2-1fec-4bb5-a335-7252548e3f0b,,CAS,HERP,,['COORDINATE_ROUNDED'],Atelopus
543462720,"Atelopus spurrelli Boulenger, 1914",Atelopus spurrelli,4.553883,-77.004317,Choco Dept.,,PRESERVED_SPECIMEN,1969.0,cece4fc2-1fec-4bb5-a335-7252548e3f0b,,CAS,HERP,,['COORDINATE_ROUNDED'],Atelopus
543462721,"Atelopus spurrelli Boulenger, 1914",Atelopus spurrelli,4.553883,-77.004317,Choco Dept.,,PRESERVED_SPECIMEN,1969.0,cece4fc2-1fec-4bb5-a335-7252548e3f0b,,CAS,HERP,,['COORDINATE_ROUNDED'],Atelopus
543462722,"Atelopus spurrelli Boulenger, 1914",Atelopus spurrelli,4.553883,-77.004317,Choco Dept.,,PRESERVED_SPECIMEN,1969.0,cece4fc2-1fec-4bb5-a335-7252548e3f0b,,CAS,HERP,,['COORDINATE_ROUNDED'],Atelopus
543462723,"Atelopus spurrelli Boulenger, 1914",Atelopus spurrelli,4.553883,-77.004317,Choco Dept.,,PRESERVED_SPECIMEN,1969.0,cece4fc2-1fec-4bb5-a335-7252548e3f0b,,CAS,HERP,,['COORDINATE_ROUNDED'],Atelopus
543462724,"Atelopus spurrelli Boulenger, 1914",Atelopus spurrelli,4.553883,-77.004317,Choco Dept.,,PRESERVED_SPECIMEN,1969.0,cece4fc2-1fec-4bb5-a335-7252548e3f0b,,CAS,HERP,,['COORDINATE_ROUNDED'],Atelopus
543462725,"Atelopus spurrelli Boulenger, 1914",Atelopus spurrelli,4.553883,-77.004317,Choco Dept.,,PRESERVED_SPECIMEN,1969.0,cece4fc2-1fec-4bb5-a335-7252548e3f0b,,CAS,HERP,,['COORDINATE_ROUNDED'],Atelopus
543462726,"Atelopus spurrelli Boulenger, 1914",Atelopus spurrelli,4.553883,-77.004317,Choco Dept.,,PRESERVED_SPECIMEN,1969.0,cece4fc2-1fec-4bb5-a335-7252548e3f0b,,CAS,HERP,,['COORDINATE_ROUNDED'],Atelopus
543462727,"Atelopus spurrelli Boulenger, 1914",Atelopus spurrelli,4.553883,-77.004317,Choco Dept.,,PRESERVED_SPECIMEN,1969.0,cece4fc2-1fec-4bb5-a335-7252548e3f0b,,CAS,HERP,,['COORDINATE_ROUNDED'],Atelopus
543463093,"Atelopus spurrelli Boulenger, 1914",Atelopus spurrelli,4.553883,-77.004317,Choco Dept.,,PRESERVED_SPECIMEN,1969.0,cece4fc2-1fec-4bb5-a335-7252548e3f0b,,CAS,HERP,,['COORDINATE_ROUNDED'],Atelopus
1912816389,"Atelopus ebenoides Rivero, 1963",Atelopus ebenoides,2.51744,-76.34253,Cauca,,PRESERVED_SPECIMEN,1969.0,b01bffc2-67b0-4441-806d-65c2cff690b5,Datos sistematizados por Expedición por la historia - ColombiaBio,Universidad Nacional de Colombia (UNAL),ICN-MHN-Anf,,"['INSTITUTION_MATCH_FUZZY', 'COLLECTION_MATCH_FUZZY']",Atelopus
1912816397,"Atelopus ebenoides Rivero, 1963",Atelopus ebenoides,2.51744,-76.34253,Cauca,,PRESERVED_SPECIMEN,1969.0,b01bffc2-67b0-4441-806d-65c2cff690b5,Datos sistematizados por Expedición por la historia - ColombiaBio,Universidad Nacional de Colombia (UNAL),ICN-MHN-Anf,,"['INSTITUTION_MATCH_FUZZY', 'COLLECTION_MATCH_FUZZY']",Atelopus
1912816407,"Atelopus ebenoides Rivero, 1963",Atelopus ebenoides,2.51744,-76.34253,Cauca,,PRESERVED_SPECIMEN,1969.0,b01bffc2-67b0-4441-806d-65c2cff690b5,Datos sistematizados por Expedición por la historia - ColombiaBio,Universidad Nacional de Colombia (UNAL),ICN-MHN-Anf,,"['INSTITUTION_MATCH_FUZZY', 'COLLECTION_MATCH_FUZZY']",Atelopus
1912816411,"Atelopus ebenoides Rivero, 1963",Atelopus ebenoides,2.51744,-76.34253,Cauca,,PRESERVED_SPECIMEN,1969.0,b01bffc2-67b0-4441-806d-65c2cff690b5,Datos sistematizados por Expedición por la historia - ColombiaBio,Universidad Nacional de Colombia (UNAL),ICN-MHN-Anf,,"['INSTITUTION_MATCH_FUZZY', 'COLLECTION_MATCH_FUZZY']",Atelopus
1912816422,"Atelopus ebenoides Rivero, 1963",Atelopus ebenoides,2.51744,-76.34253,Cauca,,PRESERVED_SPECIMEN,1969.0,b01bffc2-67b0-4441-806d-65c2cff690b5,Datos sistematizados por Expedición por la historia - ColombiaBio,Universidad Nacional de Colombia (UNAL),ICN-MHN-Anf,,"['INSTITUTION_MATCH_FUZZY', 'COLLECTION_MATCH_FUZZY']",Atelopus
1315033898,"Atelopus laetissimus Ruiz-Carranza, Ardila-Robayo & Hernández-Camacho, 1994",Atelopus laetissimus,11.1124,-74.07,Magdalena,,PRESERVED_SPECIMEN,1969.0,b01bffc2-67b0-4441-806d-65c2cff690b5,,Universidad Nacional de Colombia (UNAL),ICN-MHN-Anf,1955.0,"['INSTITUTION_MATCH_FUZZY', 'COLLECTION_MATCH_FUZZY']",Atelopus
1315033934,"Atelopus laetissimus Ruiz-Carranza, Ardila-Robayo & Hernández-Camacho, 1994",Atelopus laetissimus,11.1124,-74.07,Magdalena,,PRESERVED_SPECIMEN,1969.0,b01bffc2-67b0-4441-806d-65c2cff690b5,,Universidad Nacional de Colombia (UNAL),ICN-MHN-Anf,1955.0,"['INSTITUTION_MATCH_FUZZY', 'COLLECTION_MATCH_FUZZY']",Atelopus
2650648677,"Atelopus Duméril & Bibron, 1841",,4.576933,-74.01168,"Bogotá, D.C.",,PRESERVED_SPECIMEN,1969.0,b25cc2e7-36aa-41ff-aa2a-441b12c6d423,,Pontificia Universidad Javeriana (PUJ),MPUJ-ANFB,1756.0,"['INSTITUTION_MATCH_FUZZY', 'COLLECTION_MATCH_FUZZY']",Atelopus
2640763762,"Atelopus ebenoides Rivero, 1963",Atelopus ebenoides,5.66667,-73.0,Boyacá,,PRESERVED_SPECIMEN,1968.0,5f19459c-0da2-4d2a-8180-87a917410b07,Colección de ranas del Museo de La Salle,Universidad de La Salle (La Salle),MLS-ran,,"['INSTITUTION_MATCH_FUZZY', 'COLLECTION_MATCH_FUZZY']",Atelopus
543463317,"Atelopus spurrelli Boulenger, 1914",Atelopus spurrelli,4.553883,-77.004317,Choco Dept.,,PRESERVED_SPECIMEN,1968.0,cece4fc2-1fec-4bb5-a335-7252548e3f0b,,CAS,HERP,,['COORDINATE_ROUNDED'],Atelopus
543463318,"Atelopus spurrelli Boulenger, 1914",Atelopus spurrelli,4.553883,-77.004317,Choco Dept.,,PRESERVED_SPECIMEN,1968.0,cece4fc2-1fec-4bb5-a335-7252548e3f0b,,CAS,HERP,,['COORDINATE_ROUNDED'],Atelopus
2640764001,"Atelopus ebenoides Rivero, 1963",Atelopus ebenoides,5.66667,-73.0,Boyacá,,PRESERVED_SPECIMEN,1968.0,5f19459c-0da2-4d2a-8180-87a917410b07,Colección de ranas del Museo de La Salle,Universidad de La Salle (La Salle),MLS-ran,,"['INSTITUTION_MATCH_FUZZY', 'COLLECTION_MATCH_FUZZY']",Atelopus
476786220,"Atelopus ignescens (Cornalia, 1849)",Atelopus ignescens,4.70957,-73.88411,Cundinamarca,,PRESERVED_SPECIMEN,1965.0,4bfac3ea-8763-4f4b-a71a-76a6f5f243d3,,MCZ,Herp,8167.0,"['INSTITUTION_MATCH_FUZZY', 'COLLECTION_MATCH_FUZZY']",Atelopus
476786221,"Atelopus ignescens (Cornalia, 1849)",Atelopus ignescens,4.70957,-73.88411,Cundinamarca,,PRESERVED_SPECIMEN,1965.0,4bfac3ea-8763-4f4b-a71a-76a6f5f243d3,,MCZ,Herp,8167.0,"['INSTITUTION_MATCH_FUZZY', 'COLLECTION_MATCH_FUZZY']",Atelopus
476786319,"Atelopus ignescens (Cornalia, 1849)",Atelopus ignescens,4.70957,-73.88411,Cundinamarca,,PRESERVED_SPECIMEN,1965.0,4bfac3ea-8763-4f4b-a71a-76a6f5f243d3,,MCZ,Herp,8167.0,"['INSTITUTION_MATCH_FUZZY', 'COLLECTION_MATCH_FUZZY']",Atelopus
476803175,"Atelopus ignescens (Cornalia, 1849)",Atelopus ignescens,4.70957,-73.88411,Cundinamarca,,PRESERVED_SPECIMEN,1965.0,4bfac3ea-8763-4f4b-a71a-76a6f5f243d3,,MCZ,Herp,8167.0,"['INSTITUTION_MATCH_FUZZY', 'COLLECTION_MATCH_FUZZY']",Atelopus
2640763682,"Atelopus ebenoides Rivero, 1963",Atelopus ebenoides,5.66667,-73.0,Boyacá,,PRESERVED_SPECIMEN,1965.0,5f19459c-0da2-4d2a-8180-87a917410b07,Colección de ranas del Museo de La Salle,Universidad de La Salle (La Salle),MLS-ran,,"['INSTITUTION_MATCH_FUZZY', 'COLLECTION_MATCH_FUZZY']",Atelopus
2640763683,"Atelopus ebenoides Rivero, 1963",Atelopus ebenoides,5.66667,-73.0,Boyacá,,PRESERVED_SPECIMEN,1965.0,5f19459c-0da2-4d2a-8180-87a917410b07,Colección de ranas del Museo de La Salle,Universidad de La Salle (La Salle),MLS-ran,,"['INSTITUTION_MATCH_FUZZY', 'COLLECTION_MATCH_FUZZY']",Atelopus
2640763684,"Atelopus ebenoides Rivero, 1963",Atelopus ebenoides,5.66667,-73.0,Boyacá,,PRESERVED_SPECIMEN,1965.0,5f19459c-0da2-4d2a-8180-87a917410b07,Colección de ranas del Museo de La Salle,Universidad de La Salle (La Salle),MLS-ran,,"['INSTITUTION_MATCH_FUZZY', 'COLLECTION_MATCH_FUZZY']",Atelopus
1987037173,"Atelopus Duméril & Bibron, 1841",,3.726109,-76.019926,Valle del cauca,,PRESERVED_SPECIMEN,1965.0,8e479b8f-ac16-4bed-a11a-bc7e27c31663,"University of Michigan Museum of Zoology, Division of Reptiles & Amphibians",UMMZ,UMMZ-Herps,6490.0,"['CONTINENT_INVALID', 'CONTINENT_DERIVED_FROM_COORDINATES']",Atelopus
1987174553,"Atelopus varius (Lichtenstein & Martens, 1856)",Atelopus varius,3.726109,-76.019926,Valle del cauca,,PRESERVED_SPECIMEN,1965.0,8e479b8f-ac16-4bed-a11a-bc7e27c31663,"University of Michigan Museum of Zoology, Division of Reptiles & Amphibians",UMMZ,UMMZ-Herps,6490.0,"['CONTINENT_INVALID', 'CONTINENT_DERIVED_FROM_COORDINATES']",Atelopus
1987070167,"Atelopus ignescens (Cornalia, 1849)",Atelopus ignescens,1.177124,-77.197345,Narino,,PRESERVED_SPECIMEN,1965.0,8e479b8f-ac16-4bed-a11a-bc7e27c31663,"University of Michigan Museum of Zoology, Division of Reptiles & Amphibians",UMMZ,UMMZ-Herps,11444.0,"['CONTINENT_INVALID', 'CONTINENT_DERIVED_FROM_COORDINATES']",Atelopus
543706687,"Atelopus Duméril & Bibron, 1841",,4.563483,-73.997864,,,PRESERVED_SPECIMEN,1964.0,cece4fc2-1fec-4bb5-a335-7252548e3f0b,,CAS,SUA,,['COORDINATE_ROUNDED'],Atelopus
2640763663,"Atelopus ebenoides Rivero, 1963",Atelopus ebenoides,5.66667,-73.0,Boyacá,,PRESERVED_SPECIMEN,1963.0,5f19459c-0da2-4d2a-8180-87a917410b07,Colección de ranas del Museo de La Salle,Universidad de La Salle (La Salle),MLS-ran,,"['INSTITUTION_MATCH_FUZZY', 'COLLECTION_MATCH_FUZZY']",Atelopus
2640763668,"Atelopus ebenoides Rivero, 1963",Atelopus ebenoides,5.66667,-73.0,Boyacá,,PRESERVED_SPECIMEN,1963.0,5f19459c-0da2-4d2a-8180-87a917410b07,Colección de ranas del Museo de La Salle,Universidad de La Salle (La Salle),MLS-ran,,"['INSTITUTION_MATCH_FUZZY', 'COLLECTION_MATCH_FUZZY']",Atelopus
2640763670,"Atelopus ebenoides Rivero, 1963",Atelopus ebenoides,5.66667,-73.0,Boyacá,,PRESERVED_SPECIMEN,1963.0,5f19459c-0da2-4d2a-8180-87a917410b07,Colección de ranas del Museo de La Salle,Universidad de La Salle (La Salle),MLS-ran,,"['INSTITUTION_MATCH_FUZZY', 'COLLECTION_MATCH_FUZZY']",Atelopus
2640763671,"Atelopus ebenoides Rivero, 1963",Atelopus ebenoides,5.66667,-73.0,Boyacá,,PRESERVED_SPECIMEN,1963.0,5f19459c-0da2-4d2a-8180-87a917410b07,Colección de ranas del Museo de La Salle,Universidad de La Salle (La Salle),MLS-ran,,"['INSTITUTION_MATCH_FUZZY', 'COLLECTION_MATCH_FUZZY']",Atelopus
2640764068,"Atelopus ebenoides Rivero, 1963",Atelopus ebenoides,5.66667,-73.0,Boyacá,,PRESERVED_SPECIMEN,1963.0,5f19459c-0da2-4d2a-8180-87a917410b07,Colección de ranas del Museo de La Salle,Universidad de La Salle (La Salle),MLS-ran,,"['INSTITUTION_MATCH_FUZZY', 'COLLECTION_MATCH_FUZZY']",Atelopus
1318173573,"Atelopus carrikeri Ruthven, 1916",Atelopus carrikeri,10.88,-73.45,Magdalena,,PRESERVED_SPECIMEN,1961.0,821cc27a-e3bb-4bc5-ac34-89ada245069d,NMNH Extant Biology,USNM,HERP,,"['GEODETIC_DATUM_ASSUMED_WGS84', 'OCCURRENCE_STATUS_INFERRED_FROM_INDIVIDUAL_COUNT']",Atelopus
1320085954,"Atelopus carrikeri Ruthven, 1916",Atelopus carrikeri,10.88,-73.45,Magdalena,,PRESERVED_SPECIMEN,1961.0,821cc27a-e3bb-4bc5-ac34-89ada245069d,NMNH Extant Biology,USNM,HERP,,"['GEODETIC_DATUM_ASSUMED_WGS84', 'OCCURRENCE_STATUS_INFERRED_FROM_INDIVIDUAL_COUNT']",Atelopus
476580858,"Atelopus ignescens (Cornalia, 1849)",Atelopus ignescens,1.2,-77.2833,Narino,,PRESERVED_SPECIMEN,1960.0,4bfac3ea-8763-4f4b-a71a-76a6f5f243d3,,MCZ,Herp,6500.0,"['INSTITUTION_MATCH_FUZZY', 'COLLECTION_MATCH_FUZZY']",Atelopus
476580859,"Atelopus ignescens (Cornalia, 1849)",Atelopus ignescens,1.16154,-77.15537,Narino,,PRESERVED_SPECIMEN,1960.0,4bfac3ea-8763-4f4b-a71a-76a6f5f243d3,,MCZ,Herp,1055.0,"['INSTITUTION_MATCH_FUZZY', 'COLLECTION_MATCH_FUZZY']",Atelopus
2640763986,"Atelopus spurrelli Boulenger, 1914",Atelopus spurrelli,5.76075,-76.83701,Chocó,,PRESERVED_SPECIMEN,1950.0,5f19459c-0da2-4d2a-8180-87a917410b07,Colección de ranas del Museo de La Salle,Universidad de La Salle (La Salle),MLS-ran,,"['INSTITUTION_MATCH_FUZZY', 'COLLECTION_MATCH_FUZZY']",Atelopus
2640763181,"Atelopus farci Lynch, 1993",Atelopus farci,4.89432,-74.4438,Cundinamarca,,PRESERVED_SPECIMEN,1947.0,5f19459c-0da2-4d2a-8180-87a917410b07,Colección de ranas del Museo de La Salle,Universidad de La Salle (La Salle),MLS-ran,,"['INSTITUTION_MATCH_FUZZY', 'COLLECTION_MATCH_FUZZY']",Atelopus
2640763831,"Atelopus farci Lynch, 1993",Atelopus farci,4.89432,-74.4438,Cundinamarca,,PRESERVED_SPECIMEN,1947.0,5f19459c-0da2-4d2a-8180-87a917410b07,Colección de ranas del Museo de La Salle,Universidad de La Salle (La Salle),MLS-ran,,"['INSTITUTION_MATCH_FUZZY', 'COLLECTION_MATCH_FUZZY']",Atelopus
4994968811,"Atelopus elegans (Boulenger, 1882)",Atelopus elegans,2.53108,-77.08848,Cauca,,PRESERVED_SPECIMEN,1946.0,64be02e0-0c64-11dd-84d1-b8a03c50a862,,NRM,NRM-Herps,,"['GEODETIC_DATUM_ASSUMED_WGS84', 'CONTINENT_DERIVED_FROM_COORDINATES', 'OCCURRENCE_STATUS_INFERRED_FROM_INDIVIDUAL_COUNT', 'COLLECTION_MATCH_NONE', 'INSTITUTION_MATCH_FUZZY']",Atelopus
476477518,"Atelopus ignescens (Cornalia, 1849)",Atelopus ignescens,0.96106,-77.73148,,,PRESERVED_SPECIMEN,1940.0,4bfac3ea-8763-4f4b-a71a-76a6f5f243d3,,MCZ,Herp,1126.0,"['INSTITUTION_MATCH_FUZZY', 'COLLECTION_MATCH_FUZZY']",Atelopus
476478537,"Atelopus ignescens (Cornalia, 1849)",Atelopus ignescens,0.96106,-77.73148,,,PRESERVED_SPECIMEN,1940.0,4bfac3ea-8763-4f4b-a71a-76a6f5f243d3,,MCZ,Herp,1126.0,"['INSTITUTION_MATCH_FUZZY', 'COLLECTION_MATCH_FUZZY']",Atelopus
476573575,"Atelopus ignescens (Cornalia, 1849)",Atelopus ignescens,0.96106,-77.73148,,,PRESERVED_SPECIMEN,1940.0,4bfac3ea-8763-4f4b-a71a-76a6f5f243d3,,MCZ,Herp,1126.0,"['INSTITUTION_MATCH_FUZZY', 'COLLECTION_MATCH_FUZZY']",Atelopus
476573576,"Atelopus ignescens (Cornalia, 1849)",Atelopus ignescens,0.96106,-77.73148,,,PRESERVED_SPECIMEN,1940.0,4bfac3ea-8763-4f4b-a71a-76a6f5f243d3,,MCZ,Herp,1126.0,"['INSTITUTION_MATCH_FUZZY', 'COLLECTION_MATCH_FUZZY']",Atelopus
476573577,"Atelopus ignescens (Cornalia, 1849)",Atelopus ignescens,0.96106,-77.73148,,,PRESERVED_SPECIMEN,1940.0,4bfac3ea-8763-4f4b-a71a-76a6f5f243d3,,MCZ,Herp,1126.0,"['INSTITUTION_MATCH_FUZZY', 'COLLECTION_MATCH_FUZZY']",Atelopus
476573578,"Atelopus ignescens (Cornalia, 1849)",Atelopus ignescens,0.96106,-77.73148,,,PRESERVED_SPECIMEN,1940.0,4bfac3ea-8763-4f4b-a71a-76a6f5f243d3,,MCZ,Herp,1126.0,"['INSTITUTION_MATCH_FUZZY', 'COLLECTION_MATCH_FUZZY']",Atelopus
1987124749,"Atelopus carrikeri Ruthven, 1916",Atelopus carrikeri,10.716667,-73.65,Magdalena,,PRESERVED_SPECIMEN,1939.0,8e479b8f-ac16-4bed-a11a-bc7e27c31663,"University of Michigan Museum of Zoology, Division of Reptiles & Amphibians",UMMZ,UMMZ-Herps,3036.0,"['CONTINENT_INVALID', 'CONTINENT_DERIVED_FROM_COORDINATES']",Atelopus
2239884,"Atelopus ignescens (Cornalia, 1849)",Atelopus ignescens,2.32697,-76.4541,Cauca,,PRESERVED_SPECIMEN,1939.0,64be02e0-0c64-11dd-84d1-b8a03c50a862,,NRM,NRM-Herps,,"['GEODETIC_DATUM_ASSUMED_WGS84', 'CONTINENT_DERIVED_FROM_COORDINATES', 'OCCURRENCE_STATUS_INFERRED_FROM_INDIVIDUAL_COUNT', 'COLLECTION_MATCH_NONE', 'INSTITUTION_MATCH_FUZZY']",Atelopus
4994968816,"Atelopus ebenoides Rivero, 1963",Atelopus ebenoides,2.32697,-76.4541,Cauca,,PRESERVED_SPECIMEN,1939.0,64be02e0-0c64-11dd-84d1-b8a03c50a862,,NRM,NRM-Herps,,"['GEODETIC_DATUM_ASSUMED_WGS84', 'CONTINENT_DERIVED_FROM_COORDINATES', 'OCCURRENCE_STATUS_INFERRED_FROM_INDIVIDUAL_COUNT', 'COLLECTION_MATCH_NONE', 'INSTITUTION_MATCH_FUZZY']",Atelopus
543706189,"Atelopus elegans (Boulenger, 1882)",Atelopus elegans,2.946653,-78.193219,Cauca Dept.,,PRESERVED_SPECIMEN,1938.0,cece4fc2-1fec-4bb5-a335-7252548e3f0b,,CAS,SUA,,['COORDINATE_ROUNDED'],Atelopus
543706200,"Atelopus elegans (Boulenger, 1882)",Atelopus elegans,2.946653,-78.193219,Cauca Dept.,,PRESERVED_SPECIMEN,1938.0,cece4fc2-1fec-4bb5-a335-7252548e3f0b,,CAS,SUA,,['COORDINATE_ROUNDED'],Atelopus
543706211,"Atelopus elegans (Boulenger, 1882)",Atelopus elegans,2.946653,-78.193219,Cauca Dept.,,PRESERVED_SPECIMEN,1938.0,cece4fc2-1fec-4bb5-a335-7252548e3f0b,,CAS,SUA,,['COORDINATE_ROUNDED'],Atelopus
543706222,"Atelopus elegans (Boulenger, 1882)",Atelopus elegans,2.946653,-78.193219,Cauca Dept.,,PRESERVED_SPECIMEN,1938.0,cece4fc2-1fec-4bb5-a335-7252548e3f0b,,CAS,SUA,,['COORDINATE_ROUNDED'],Atelopus
543706233,"Atelopus elegans (Boulenger, 1882)",Atelopus elegans,2.946653,-78.193219,Cauca Dept.,,PRESERVED_SPECIMEN,1938.0,cece4fc2-1fec-4bb5-a335-7252548e3f0b,,CAS,SUA,,['COORDINATE_ROUNDED'],Atelopus
543706244,"Atelopus elegans (Boulenger, 1882)",Atelopus elegans,2.946653,-78.193219,Cauca Dept.,,PRESERVED_SPECIMEN,1938.0,cece4fc2-1fec-4bb5-a335-7252548e3f0b,,CAS,SUA,,['COORDINATE_ROUNDED'],Atelopus
543706255,"Atelopus elegans (Boulenger, 1882)",Atelopus elegans,2.946653,-78.193219,Cauca Dept.,,PRESERVED_SPECIMEN,1938.0,cece4fc2-1fec-4bb5-a335-7252548e3f0b,,CAS,SUA,,['COORDINATE_ROUNDED'],Atelopus
543706266,"Atelopus elegans (Boulenger, 1882)",Atelopus elegans,2.946653,-78.193219,Cauca Dept.,,PRESERVED_SPECIMEN,1938.0,cece4fc2-1fec-4bb5-a335-7252548e3f0b,,CAS,SUA,,['COORDINATE_ROUNDED'],Atelopus
543706278,"Atelopus elegans (Boulenger, 1882)",Atelopus elegans,2.946653,-78.193219,Cauca Dept.,,PRESERVED_SPECIMEN,1938.0,cece4fc2-1fec-4bb5-a335-7252548e3f0b,,CAS,SUA,,['COORDINATE_ROUNDED'],Atelopus
543706289,"Atelopus elegans (Boulenger, 1882)",Atelopus elegans,2.946653,-78.193219,Cauca Dept.,,PRESERVED_SPECIMEN,1938.0,cece4fc2-1fec-4bb5-a335-7252548e3f0b,,CAS,SUA,,['COORDINATE_ROUNDED'],Atelopus
543706300,"Atelopus elegans (Boulenger, 1882)",Atelopus elegans,2.946653,-78.193219,Cauca Dept.,,PRESERVED_SPECIMEN,1938.0,cece4fc2-1fec-4bb5-a335-7252548e3f0b,,CAS,SUA,,['COORDINATE_ROUNDED'],Atelopus
543706311,"Atelopus elegans (Boulenger, 1882)",Atelopus elegans,2.946653,-78.193219,Cauca Dept.,,PRESERVED_SPECIMEN,1938.0,cece4fc2-1fec-4bb5-a335-7252548e3f0b,,CAS,SUA,,['COORDINATE_ROUNDED'],Atelopus
543706322,"Atelopus elegans (Boulenger, 1882)",Atelopus elegans,2.946653,-78.193219,Cauca Dept.,,PRESERVED_SPECIMEN,1938.0,cece4fc2-1fec-4bb5-a335-7252548e3f0b,,CAS,SUA,,['COORDINATE_ROUNDED'],Atelopus
543706333,"Atelopus elegans (Boulenger, 1882)",Atelopus elegans,2.946653,-78.193219,Cauca Dept.,,PRESERVED_SPECIMEN,1938.0,cece4fc2-1fec-4bb5-a335-7252548e3f0b,,CAS,SUA,,['COORDINATE_ROUNDED'],Atelopus
543706344,"Atelopus elegans (Boulenger, 1882)",Atelopus elegans,2.946653,-78.193219,Cauca Dept.,,PRESERVED_SPECIMEN,1938.0,cece4fc2-1fec-4bb5-a335-7252548e3f0b,,CAS,SUA,,['COORDINATE_ROUNDED'],Atelopus
543708406,"Atelopus spurrelli Boulenger, 1914",Atelopus spurrelli,6.006381,-77.335867,Choco Dept.,,PRESERVED_SPECIMEN,1938.0,cece4fc2-1fec-4bb5-a335-7252548e3f0b,,CAS,SUA,,[],Atelopus
2240658,"Atelopus longibrachius Rivero, 1963",Atelopus longibrachius,2.48007,-77.4467,Cauca,,PRESERVED_SPECIMEN,1938.0,64be02e0-0c64-11dd-84d1-b8a03c50a862,,NRM,NRM-Herps,,"['GEODETIC_DATUM_ASSUMED_WGS84', 'CONTINENT_DERIVED_FROM_COORDINATES', 'OCCURRENCE_STATUS_INFERRED_FROM_INDIVIDUAL_COUNT', 'COLLECTION_MATCH_NONE', 'INSTITUTION_MATCH_FUZZY']",Atelopus
2240880,"Atelopus longibrachius Rivero, 1963",Atelopus longibrachius,2.48007,-77.4467,Cauca,,PRESERVED_SPECIMEN,1938.0,64be02e0-0c64-11dd-84d1-b8a03c50a862,,NRM,NRM-Herps,,"['GEODETIC_DATUM_ASSUMED_WGS84', 'CONTINENT_DERIVED_FROM_COORDINATES', 'OCCURRENCE_STATUS_INFERRED_FROM_INDIVIDUAL_COUNT', 'COLLECTION_MATCH_NONE', 'INSTITUTION_MATCH_FUZZY']",Atelopus
2240659,"Atelopus longibrachius Rivero, 1963",Atelopus longibrachius,2.48007,-77.4467,Cauca,,PRESERVED_SPECIMEN,1938.0,64be02e0-0c64-11dd-84d1-b8a03c50a862,,NRM,NRM-Herps,,"['GEODETIC_DATUM_ASSUMED_WGS84', 'CONTINENT_DERIVED_FROM_COORDINATES', 'OCCURRENCE_STATUS_INFERRED_FROM_INDIVIDUAL_COUNT', 'COLLECTION_MATCH_NONE', 'INSTITUTION_MATCH_FUZZY']",Atelopus
4994956933,"Atelopus elegans (Boulenger, 1882)",Atelopus elegans,2.46432,-77.07461,Cauca,,PRESERVED_SPECIMEN,1936.0,64be02e0-0c64-11dd-84d1-b8a03c50a862,,NRM,NRM-Herps,,"['GEODETIC_DATUM_ASSUMED_WGS84', 'CONTINENT_DERIVED_FROM_COORDINATES', 'OCCURRENCE_STATUS_INFERRED_FROM_INDIVIDUAL_COUNT', 'COLLECTION_MATCH_NONE', 'INSTITUTION_MATCH_FUZZY']",Atelopus
4994956932,"Atelopus elegans (Boulenger, 1882)",Atelopus elegans,2.46439,-77.07988,Cauca,,PRESERVED_SPECIMEN,1936.0,64be02e0-0c64-11dd-84d1-b8a03c50a862,,NRM,NRM-Herps,,"['GEODETIC_DATUM_ASSUMED_WGS84', 'CONTINENT_DERIVED_FROM_COORDINATES', 'OCCURRENCE_STATUS_INFERRED_FROM_INDIVIDUAL_COUNT', 'COLLECTION_MATCH_NONE', 'INSTITUTION_MATCH_FUZZY']",Atelopus
2240677,"Atelopus longirostris Cope, 1868",Atelopus longirostris,2.45057,-76.81275,,,PRESERVED_SPECIMEN,1935.0,64be02e0-0c64-11dd-84d1-b8a03c50a862,,NRM,NRM-Herps,,"['GEODETIC_DATUM_ASSUMED_WGS84', 'CONTINENT_DERIVED_FROM_COORDINATES', 'OCCURRENCE_STATUS_INFERRED_FROM_INDIVIDUAL_COUNT', 'COLLECTION_MATCH_NONE', 'INSTITUTION_MATCH_FUZZY']",Atelopus
4994956927,"Atelopus elegans (Boulenger, 1882)",Atelopus elegans,2.45057,-76.81275,,,PRESERVED_SPECIMEN,1935.0,64be02e0-0c64-11dd-84d1-b8a03c50a862,,NRM,NRM-Herps,,"['GEODETIC_DATUM_ASSUMED_WGS84', 'CONTINENT_DERIVED_FROM_COORDINATES', 'OCCURRENCE_STATUS_INFERRED_FROM_INDIVIDUAL_COUNT', 'COLLECTION_MATCH_NONE', 'INSTITUTION_MATCH_FUZZY']",Atelopus
476553840,"Atelopus ignescens (Cornalia, 1849)",Atelopus ignescens,6.43717,-73.18535,,,PRESERVED_SPECIMEN,1929.0,4bfac3ea-8763-4f4b-a71a-76a6f5f243d3,,MCZ,Herp,3556.0,"['INSTITUTION_MATCH_FUZZY', 'COLLECTION_MATCH_FUZZY']",Atelopus
476553841,"Atelopus ignescens (Cornalia, 1849)",Atelopus ignescens,6.43717,-73.18535,,,PRESERVED_SPECIMEN,1929.0,4bfac3ea-8763-4f4b-a71a-76a6f5f243d3,,MCZ,Herp,3556.0,"['INSTITUTION_MATCH_FUZZY', 'COLLECTION_MATCH_FUZZY']",Atelopus
1987075753,"Atelopus Duméril & Bibron, 1841",,10.905013,-74.173003,Magdalena,,PRESERVED_SPECIMEN,1928.0,8e479b8f-ac16-4bed-a11a-bc7e27c31663,"University of Michigan Museum of Zoology, Division of Reptiles & Amphibians",UMMZ,UMMZ-Herps,3036.0,"['CONTINENT_INVALID', 'CONTINENT_DERIVED_FROM_COORDINATES']",Atelopus
1987117618,"Atelopus Duméril & Bibron, 1841",,10.905013,-74.173003,Magdalena,,PRESERVED_SPECIMEN,1928.0,8e479b8f-ac16-4bed-a11a-bc7e27c31663,"University of Michigan Museum of Zoology, Division of Reptiles & Amphibians",UMMZ,UMMZ-Herps,3036.0,"['CONTINENT_INVALID', 'CONTINENT_DERIVED_FROM_COORDINATES']",Atelopus
1987210004,"Atelopus Duméril & Bibron, 1841",,10.905013,-74.173003,Magdalena,,PRESERVED_SPECIMEN,1928.0,8e479b8f-ac16-4bed-a11a-bc7e27c31663,"University of Michigan Museum of Zoology, Division of Reptiles & Amphibians",UMMZ,UMMZ-Herps,3036.0,"['CONTINENT_INVALID', 'CONTINENT_DERIVED_FROM_COORDINATES']",Atelopus
1987095121,"Atelopus ignescens (Cornalia, 1849)",Atelopus ignescens,10.85801,-73.704277,Magdalena,,PRESERVED_SPECIMEN,1925.0,8e479b8f-ac16-4bed-a11a-bc7e27c31663,"University of Michigan Museum of Zoology, Division of Reptiles & Amphibians",UMMZ,UMMZ-Herps,8699.0,"['CONTINENT_INVALID', 'CONTINENT_DERIVED_FROM_COORDINATES']",Atelopus
1987046100,"Atelopus walkeri Rivero, 1963",Atelopus walkeri,11.110594,-74.035081,Magdalena,,PRESERVED_SPECIMEN,1920.0,8e479b8f-ac16-4bed-a11a-bc7e27c31663,"University of Michigan Museum of Zoology, Division of Reptiles & Amphibians",UMMZ,UMMZ-Herps,8504.0,"['CONTINENT_INVALID', 'CONTINENT_DERIVED_FROM_COORDINATES']",Atelopus
1987065871,"Atelopus walkeri Rivero, 1963",Atelopus walkeri,11.110594,-74.035081,Magdalena,,PRESERVED_SPECIMEN,1920.0,8e479b8f-ac16-4bed-a11a-bc7e27c31663,"University of Michigan Museum of Zoology, Division of Reptiles & Amphibians",UMMZ,UMMZ-Herps,8504.0,"['CONTINENT_INVALID', 'CONTINENT_DERIVED_FROM_COORDINATES']",Atelopus
1987082434,"Atelopus walkeri Rivero, 1963",Atelopus walkeri,11.110594,-74.035081,Magdalena,,PRESERVED_SPECIMEN,1920.0,8e479b8f-ac16-4bed-a11a-bc7e27c31663,"University of Michigan Museum of Zoology, Division of Reptiles & Amphibians",UMMZ,UMMZ-Herps,8504.0,"['CONTINENT_INVALID', 'CONTINENT_DERIVED_FROM_COORDINATES']",Atelopus
1987089828,"Atelopus ignescens (Cornalia, 1849)",Atelopus ignescens,10.841913,-73.937691,Magdalena,,PRESERVED_SPECIMEN,1920.0,8e479b8f-ac16-4bed-a11a-bc7e27c31663,"University of Michigan Museum of Zoology, Division of Reptiles & Amphibians",UMMZ,UMMZ-Herps,47364.0,"['CONTINENT_INVALID', 'CONTINENT_DERIVED_FROM_COORDINATES']",Atelopus
1987102501,"Atelopus ignescens (Cornalia, 1849)",Atelopus ignescens,10.841913,-73.937691,Magdalena,,PRESERVED_SPECIMEN,1920.0,8e479b8f-ac16-4bed-a11a-bc7e27c31663,"University of Michigan Museum of Zoology, Division of Reptiles & Amphibians",UMMZ,UMMZ-Herps,47364.0,"['CONTINENT_INVALID', 'CONTINENT_DERIVED_FROM_COORDINATES']",Atelopus
1987107503,"Atelopus ignescens (Cornalia, 1849)",Atelopus ignescens,10.841913,-73.937691,Magdalena,,PRESERVED_SPECIMEN,1920.0,8e479b8f-ac16-4bed-a11a-bc7e27c31663,"University of Michigan Museum of Zoology, Division of Reptiles & Amphibians",UMMZ,UMMZ-Herps,47364.0,"['CONTINENT_INVALID', 'CONTINENT_DERIVED_FROM_COORDINATES']",Atelopus
1987153833,"Atelopus walkeri Rivero, 1963",Atelopus walkeri,11.110594,-74.035081,Magdalena,,PRESERVED_SPECIMEN,1920.0,8e479b8f-ac16-4bed-a11a-bc7e27c31663,"University of Michigan Museum of Zoology, Division of Reptiles & Amphibians",UMMZ,UMMZ-Herps,8504.0,"['CONTINENT_INVALID', 'CONTINENT_DERIVED_FROM_COORDINATES']",Atelopus
1987163060,"Atelopus ignescens (Cornalia, 1849)",Atelopus ignescens,10.841913,-73.937691,Magdalena,,PRESERVED_SPECIMEN,1920.0,8e479b8f-ac16-4bed-a11a-bc7e27c31663,"University of Michigan Museum of Zoology, Division of Reptiles & Amphibians",UMMZ,UMMZ-Herps,47364.0,"['CONTINENT_INVALID', 'CONTINENT_DERIVED_FROM_COORDINATES']",Atelopus
1987180495,"Atelopus walkeri Rivero, 1963",Atelopus walkeri,11.110594,-74.035081,Magdalena,,PRESERVED_SPECIMEN,1920.0,8e479b8f-ac16-4bed-a11a-bc7e27c31663,"University of Michigan Museum of Zoology, Division of Reptiles & Amphibians",UMMZ,UMMZ-Herps,8504.0,"['CONTINENT_INVALID', 'CONTINENT_DERIVED_FROM_COORDINATES']",Atelopus
1987200552,"Atelopus ignescens (Cornalia, 1849)",Atelopus ignescens,10.841913,-73.937691,Magdalena,,PRESERVED_SPECIMEN,1920.0,8e479b8f-ac16-4bed-a11a-bc7e27c31663,"University of Michigan Museum of Zoology, Division of Reptiles & Amphibians",UMMZ,UMMZ-Herps,47364.0,"['CONTINENT_INVALID', 'CONTINENT_DERIVED_FROM_COORDINATES']",Atelopus
1987222098,"Atelopus walkeri Rivero, 1963",Atelopus walkeri,11.110594,-74.035081,Magdalena,,PRESERVED_SPECIMEN,1920.0,8e479b8f-ac16-4bed-a11a-bc7e27c31663,"University of Michigan Museum of Zoology, Division of Reptiles & Amphibians",UMMZ,UMMZ-Herps,8504.0,"['CONTINENT_INVALID', 'CONTINENT_DERIVED_FROM_COORDINATES']",Atelopus
476573552,"Atelopus carrikeri Ruthven, 1916",Atelopus carrikeri,11.23034,-73.68502,Magdalena,,PRESERVED_SPECIMEN,1914.0,4bfac3ea-8763-4f4b-a71a-76a6f5f243d3,,MCZ,Herp,1265.0,"['INSTITUTION_MATCH_FUZZY', 'COLLECTION_MATCH_FUZZY']",Atelopus
1987044191,"Atelopus walkeri Rivero, 1963",Atelopus walkeri,11.224013,-73.237967,Guajira,,PRESERVED_SPECIMEN,1914.0,8e479b8f-ac16-4bed-a11a-bc7e27c31663,"University of Michigan Museum of Zoology, Division of Reptiles & Amphibians",UMMZ,UMMZ-Herps,1912.0,"['CONTINENT_INVALID', 'CONTINENT_DERIVED_FROM_COORDINATES']",Atelopus
1987046101,"Atelopus carrikeri Ruthven, 1916",Atelopus carrikeri,10.933333,-73.616667,Guajira,,PRESERVED_SPECIMEN,1914.0,8e479b8f-ac16-4bed-a11a-bc7e27c31663,"University of Michigan Museum of Zoology, Division of Reptiles & Amphibians",UMMZ,UMMZ-Herps,4513.0,"['CONTINENT_INVALID', 'CONTINENT_DERIVED_FROM_COORDINATES']",Atelopus
1987053900,"Atelopus carrikeri Ruthven, 1916",Atelopus carrikeri,10.933333,-73.616667,Guajira,,PRESERVED_SPECIMEN,1914.0,8e479b8f-ac16-4bed-a11a-bc7e27c31663,"University of Michigan Museum of Zoology, Division of Reptiles & Amphibians",UMMZ,UMMZ-Herps,4513.0,"['CONTINENT_INVALID', 'CONTINENT_DERIVED_FROM_COORDINATES']",Atelopus
1987054074,"Atelopus walkeri Rivero, 1963",Atelopus walkeri,10.982825,-73.785872,Guajira,,PRESERVED_SPECIMEN,1914.0,8e479b8f-ac16-4bed-a11a-bc7e27c31663,"University of Michigan Museum of Zoology, Division of Reptiles & Amphibians",UMMZ,UMMZ-Herps,5316.0,"['CONTINENT_INVALID', 'CONTINENT_DERIVED_FROM_COORDINATES']",Atelopus
1987065649,"Atelopus carrikeri Ruthven, 1916",Atelopus carrikeri,10.933333,-73.616667,Guajira,,PRESERVED_SPECIMEN,1914.0,8e479b8f-ac16-4bed-a11a-bc7e27c31663,"University of Michigan Museum of Zoology, Division of Reptiles & Amphibians",UMMZ,UMMZ-Herps,4513.0,"['CONTINENT_INVALID', 'CONTINENT_DERIVED_FROM_COORDINATES']",Atelopus
1987066218,"Atelopus carrikeri Ruthven, 1916",Atelopus carrikeri,10.933333,-73.616667,Guajira,,PRESERVED_SPECIMEN,1914.0,8e479b8f-ac16-4bed-a11a-bc7e27c31663,"University of Michigan Museum of Zoology, Division of Reptiles & Amphibians",UMMZ,UMMZ-Herps,4513.0,"['CONTINENT_INVALID', 'CONTINENT_DERIVED_FROM_COORDINATES']",Atelopus
1987072162,"Atelopus varius (Lichtenstein & Martens, 1856)",Atelopus varius,10.982825,-73.785872,Guajira,,PRESERVED_SPECIMEN,1914.0,8e479b8f-ac16-4bed-a11a-bc7e27c31663,"University of Michigan Museum of Zoology, Division of Reptiles & Amphibians",UMMZ,UMMZ-Herps,5316.0,"['CONTINENT_INVALID', 'CONTINENT_DERIVED_FROM_COORDINATES']",Atelopus
1987097973,"Atelopus carrikeri Ruthven, 1916",Atelopus carrikeri,10.933333,-73.616667,Guajira,,PRESERVED_SPECIMEN,1914.0,8e479b8f-ac16-4bed-a11a-bc7e27c31663,"University of Michigan Museum of Zoology, Division of Reptiles & Amphibians",UMMZ,UMMZ-Herps,4513.0,"['CONTINENT_INVALID', 'CONTINENT_DERIVED_FROM_COORDINATES']",Atelopus
1987103890,"Atelopus walkeri Rivero, 1963",Atelopus walkeri,10.982825,-73.785872,Guajira,,PRESERVED_SPECIMEN,1914.0,8e479b8f-ac16-4bed-a11a-bc7e27c31663,"University of Michigan Museum of Zoology, Division of Reptiles & Amphibians",UMMZ,UMMZ-Herps,5316.0,"['CONTINENT_INVALID', 'CONTINENT_DERIVED_FROM_COORDINATES']",Atelopus
1987129243,"Atelopus carrikeri Ruthven, 1916",Atelopus carrikeri,10.933333,-73.616667,Guajira,,PRESERVED_SPECIMEN,1914.0,8e479b8f-ac16-4bed-a11a-bc7e27c31663,"University of Michigan Museum of Zoology, Division of Reptiles & Amphibians",UMMZ,UMMZ-Herps,4513.0,"['CONTINENT_INVALID', 'CONTINENT_DERIVED_FROM_COORDINATES']",Atelopus
1987133438,"Atelopus walkeri Rivero, 1963",Atelopus walkeri,11.224013,-73.237967,Guajira,,PRESERVED_SPECIMEN,1914.0,8e479b8f-ac16-4bed-a11a-bc7e27c31663,"University of Michigan Museum of Zoology, Division of Reptiles & Amphibians",UMMZ,UMMZ-Herps,1912.0,"['CONTINENT_INVALID', 'CONTINENT_DERIVED_FROM_COORDINATES']",Atelopus
1987153949,"Atelopus walkeri Rivero, 1963",Atelopus walkeri,10.982825,-73.785872,Guajira,,PRESERVED_SPECIMEN,1914.0,8e479b8f-ac16-4bed-a11a-bc7e27c31663,"University of Michigan Museum of Zoology, Division of Reptiles & Amphibians",UMMZ,UMMZ-Herps,5316.0,"['CONTINENT_INVALID', 'CONTINENT_DERIVED_FROM_COORDINATES']",Atelopus
1987167639,"Atelopus walkeri Rivero, 1963",Atelopus walkeri,11.224013,-73.237967,Guajira,,PRESERVED_SPECIMEN,1914.0,8e479b8f-ac16-4bed-a11a-bc7e27c31663,"University of Michigan Museum of Zoology, Division of Reptiles & Amphibians",UMMZ,UMMZ-Herps,1912.0,"['CONTINENT_INVALID', 'CONTINENT_DERIVED_FROM_COORDINATES']",Atelopus
1987168191,"Atelopus walkeri Rivero, 1963",Atelopus walkeri,11.224013,-73.237967,Guajira,,PRESERVED_SPECIMEN,1914.0,8e479b8f-ac16-4bed-a11a-bc7e27c31663,"University of Michigan Museum of Zoology, Division of Reptiles & Amphibians",UMMZ,UMMZ-Herps,1912.0,"['CONTINENT_INVALID', 'CONTINENT_DERIVED_FROM_COORDINATES']",Atelopus
1987168850,"Atelopus walkeri Rivero, 1963",Atelopus walkeri,10.982825,-73.785872,Guajira,,PRESERVED_SPECIMEN,1914.0,8e479b8f-ac16-4bed-a11a-bc7e27c31663,"University of Michigan Museum of Zoology, Division of Reptiles & Amphibians",UMMZ,UMMZ-Herps,5316.0,"['CONTINENT_INVALID', 'CONTINENT_DERIVED_FROM_COORDINATES']",Atelopus
1987189177,"Atelopus carrikeri Ruthven, 1916",Atelopus carrikeri,10.933333,-73.616667,Guajira,,PRESERVED_SPECIMEN,1914.0,8e479b8f-ac16-4bed-a11a-bc7e27c31663,"University of Michigan Museum of Zoology, Division of Reptiles & Amphibians",UMMZ,UMMZ-Herps,4513.0,"['CONTINENT_INVALID', 'CONTINENT_DERIVED_FROM_COORDINATES']",Atelopus
1987199481,"Atelopus varius (Lichtenstein & Martens, 1856)",Atelopus varius,10.982825,-73.785872,Guajira,,PRESERVED_SPECIMEN,1914.0,8e479b8f-ac16-4bed-a11a-bc7e27c31663,"University of Michigan Museum of Zoology, Division of Reptiles & Amphibians",UMMZ,UMMZ-Herps,5316.0,"['CONTINENT_INVALID', 'CONTINENT_DERIVED_FROM_COORDINATES']",Atelopus
1987207461,"Atelopus varius (Lichtenstein & Martens, 1856)",Atelopus varius,10.982825,-73.785872,Guajira,,PRESERVED_SPECIMEN,1914.0,8e479b8f-ac16-4bed-a11a-bc7e27c31663,"University of Michigan Museum of Zoology, Division of Reptiles & Amphibians",UMMZ,UMMZ-Herps,5316.0,"['CONTINENT_INVALID', 'CONTINENT_DERIVED_FROM_COORDINATES']",Atelopus
1987225641,"Atelopus carrikeri Ruthven, 1916",Atelopus carrikeri,10.933333,-73.616667,Guajira,,PRESERVED_SPECIMEN,1914.0,8e479b8f-ac16-4bed-a11a-bc7e27c31663,"University of Michigan Museum of Zoology, Division of Reptiles & Amphibians",UMMZ,UMMZ-Herps,4513.0,"['CONTINENT_INVALID', 'CONTINENT_DERIVED_FROM_COORDINATES']",Atelopus
543641997,"Atelopus ignescens (Cornalia, 1849)",Atelopus ignescens,1.052386,-77.611322,Narino Dept.,,PRESERVED_SPECIMEN,1913.0,cece4fc2-1fec-4bb5-a335-7252548e3f0b,,CAS,HERP,,['COORDINATE_ROUNDED'],Atelopus
543641998,"Atelopus ignescens (Cornalia, 1849)",Atelopus ignescens,1.052386,-77.611322,Narino Dept.,,PRESERVED_SPECIMEN,1913.0,cece4fc2-1fec-4bb5-a335-7252548e3f0b,,CAS,HERP,,['COORDINATE_ROUNDED'],Atelopus
543664071,"Atelopus ignescens (Cornalia, 1849)",Atelopus ignescens,1.052386,-77.611322,Cauca Dept.,,PRESERVED_SPECIMEN,1913.0,cece4fc2-1fec-4bb5-a335-7252548e3f0b,,CAS,HERP,,['COORDINATE_ROUNDED'],Atelopus
543664072,"Atelopus ignescens (Cornalia, 1849)",Atelopus ignescens,1.052386,-77.611322,Cauca Dept.,,PRESERVED_SPECIMEN,1913.0,cece4fc2-1fec-4bb5-a335-7252548e3f0b,,CAS,HERP,,['COORDINATE_ROUNDED'],Atelopus
543664073,"Atelopus ignescens (Cornalia, 1849)",Atelopus ignescens,1.052386,-77.611322,Cauca Dept.,,PRESERVED_SPECIMEN,1913.0,cece4fc2-1fec-4bb5-a335-7252548e3f0b,,CAS,HERP,,['COORDINATE_ROUNDED'],Atelopus
543664074,"Atelopus ignescens (Cornalia, 1849)",Atelopus ignescens,1.052386,-77.611322,Cauca Dept.,,PRESERVED_SPECIMEN,1913.0,cece4fc2-1fec-4bb5-a335-7252548e3f0b,,CAS,HERP,,['COORDINATE_ROUNDED'],Atelopus
543664075,"Atelopus ignescens (Cornalia, 1849)",Atelopus ignescens,1.052386,-77.611322,Cauca Dept.,,PRESERVED_SPECIMEN,1913.0,cece4fc2-1fec-4bb5-a335-7252548e3f0b,,CAS,HERP,,['COORDINATE_ROUNDED'],Atelopus
543664076,"Atelopus ignescens (Cornalia, 1849)",Atelopus ignescens,1.052386,-77.611322,Cauca Dept.,,PRESERVED_SPECIMEN,1913.0,cece4fc2-1fec-4bb5-a335-7252548e3f0b,,CAS,HERP,,['COORDINATE_ROUNDED'],Atelopus
543664078,"Atelopus ignescens (Cornalia, 1849)",Atelopus ignescens,1.052386,-77.611322,Cauca Dept.,,PRESERVED_SPECIMEN,1913.0,cece4fc2-1fec-4bb5-a335-7252548e3f0b,,CAS,HERP,,['COORDINATE_ROUNDED'],Atelopus
543664079,"Atelopus ignescens (Cornalia, 1849)",Atelopus ignescens,1.052386,-77.611322,Cauca Dept.,,PRESERVED_SPECIMEN,1913.0,cece4fc2-1fec-4bb5-a335-7252548e3f0b,,CAS,HERP,,['COORDINATE_ROUNDED'],Atelopus
543664080,"Atelopus ignescens (Cornalia, 1849)",Atelopus ignescens,1.052386,-77.611322,Cauca Dept.,,PRESERVED_SPECIMEN,1913.0,cece4fc2-1fec-4bb5-a335-7252548e3f0b,,CAS,HERP,,['COORDINATE_ROUNDED'],Atelopus
543664081,"Atelopus ignescens (Cornalia, 1849)",Atelopus ignescens,1.052386,-77.611322,Cauca Dept.,,PRESERVED_SPECIMEN,1913.0,cece4fc2-1fec-4bb5-a335-7252548e3f0b,,CAS,HERP,,['COORDINATE_ROUNDED'],Atelopus
1987138921,"Atelopus ignescens (Cornalia, 1849)",Atelopus ignescens,1.052858,-77.611814,Narino,,PRESERVED_SPECIMEN,1913.0,8e479b8f-ac16-4bed-a11a-bc7e27c31663,"University of Michigan Museum of Zoology, Division of Reptiles & Amphibians",UMMZ,UMMZ-Herps,6481.0,"['CONTINENT_INVALID', 'CONTINENT_DERIVED_FROM_COORDINATES']",Atelopus
1987157786,"Atelopus ignescens (Cornalia, 1849)",Atelopus ignescens,1.054239,-77.605402,Narino,,PRESERVED_SPECIMEN,1913.0,8e479b8f-ac16-4bed-a11a-bc7e27c31663,"University of Michigan Museum of Zoology, Division of Reptiles & Amphibians",UMMZ,UMMZ-Herps,8730.0,"['CONTINENT_INVALID', 'CONTINENT_DERIVED_FROM_COORDINATES']",Atelopus
1987112487,"Atelopus gracilis Barbour, 1905",Atelopus elegans,2.966997,-78.183985,Cauca,,PRESERVED_SPECIMEN,1904.0,8e479b8f-ac16-4bed-a11a-bc7e27c31663,"University of Michigan Museum of Zoology, Division of Reptiles & Amphibians",UMMZ,UMMZ-Herps,5961.0,"['CONTINENT_INVALID', 'CONTINENT_DERIVED_FROM_COORDINATES']",Atelopus
476541385,"Atelopus elegans (Boulenger, 1882)",Atelopus elegans,2.96766,-78.19279,,,PRESERVED_SPECIMEN,,4bfac3ea-8763-4f4b-a71a-76a6f5f243d3,,MCZ,Herp,6611.0,"['INSTITUTION_MATCH_FUZZY', 'COLLECTION_MATCH_FUZZY']",Atelopus
730258898,"Atelopus sernai Ruiz-Carranza & Osorno-Muñoz, 1994",Atelopus sernai,6.605557,-75.666699,Antioquia,,HUMAN_OBSERVATION,,371b386a-d67b-4646-897e-a27cc1101067,Fauna reportada en la jurisdicción de Corantioquia,Corantioquia,Corantioquia- Anfib.,,"['COORDINATE_ROUNDED', 'GEODETIC_DATUM_ASSUMED_WGS84']",Atelopus
786365703,"Atelopus arsyecue Rueda-Almonacid, 1994",Atelopus arsyecue,10.566667,-73.616667,Magdalena,,PRESERVED_SPECIMEN,,76dd8f0d-2daa-4a69-9fcd-55e04230334a,,CM,Herps,,"['COORDINATE_ROUNDED', 'INSTITUTION_MATCH_FUZZY', 'COLLECTION_MATCH_FUZZY']",Atelopus
786365713,"Atelopus arsyecue Rueda-Almonacid, 1994",Atelopus arsyecue,10.566667,-73.616667,Magdalena,,PRESERVED_SPECIMEN,,76dd8f0d-2daa-4a69-9fcd-55e04230334a,,CM,Herps,,"['COORDINATE_ROUNDED', 'INSTITUTION_MATCH_FUZZY', 'COLLECTION_MATCH_FUZZY']",Atelopus
786365718,"Atelopus carrikeri Ruthven, 1916",Atelopus carrikeri,10.566667,-73.616667,Magdalena,,PRESERVED_SPECIMEN,,76dd8f0d-2daa-4a69-9fcd-55e04230334a,,CM,Herps,,"['COORDINATE_ROUNDED', 'INSTITUTION_MATCH_FUZZY', 'COLLECTION_MATCH_FUZZY']",Atelopus
920161417,"Atelopus spurrelli Boulenger, 1914",Atelopus spurrelli,5.77119,-77.22171,Chocó,Nuquí,PRESERVED_SPECIMEN,,2de2f65e-7031-4844-a461-687b8c197689,Colección Científica de Referencia Zoológica del Chocó - Herpetología,Universidad Tecnológica del Chocó (UTCH),COLZOOCH-H,,"['OCCURRENCE_STATUS_INFERRED_FROM_INDIVIDUAL_COUNT', 'INSTITUTION_MATCH_FUZZY']",Atelopus
1078948099,"Atelopus famelicus Rivero & Morales, 1995",Atelopus famelicus,3.860162,-76.419212,Valle del Cauca,,PRESERVED_SPECIMEN,,aca3452a-0a90-431a-936c-8240ae367911,Colección de Anfibios y Reptiles Departamento de Biología Universidad del Valle,Universidad del Valle,UVC,3652.0,"['RECORDED_DATE_MISMATCH', 'INSTITUTION_MATCH_FUZZY', 'COLLECTION_MATCH_FUZZY']",Atelopus
1078948107,"Atelopus famelicus Rivero & Morales, 1995",Atelopus famelicus,3.860162,-76.419212,Valle del Cauca,,PRESERVED_SPECIMEN,,aca3452a-0a90-431a-936c-8240ae367911,Colección de Anfibios y Reptiles Departamento de Biología Universidad del Valle,Universidad del Valle,UVC,3652.0,"['RECORDED_DATE_MISMATCH', 'INSTITUTION_MATCH_FUZZY', 'COLLECTION_MATCH_FUZZY']",Atelopus
1078948169,"Atelopus spurrelli Boulenger, 1914",Atelopus spurrelli,3.983336,-76.949966,Valle del Cauca,Bajo Calima,PRESERVED_SPECIMEN,,aca3452a-0a90-431a-936c-8240ae367911,Colección de Anfibios y Reptiles Departamento de Biología Universidad del Valle,Universidad del Valle,UVC,4250.0,"['INSTITUTION_MATCH_FUZZY', 'COLLECTION_MATCH_FUZZY']",Atelopus
1078948182,"Atelopus spurrelli Boulenger, 1914",Atelopus spurrelli,3.983336,-76.949966,Valle del Cauca,Bajo Calima,PRESERVED_SPECIMEN,,aca3452a-0a90-431a-936c-8240ae367911,Colección de Anfibios y Reptiles Departamento de Biología Universidad del Valle,Universidad del Valle,UVC,4250.0,"['INSTITUTION_MATCH_FUZZY', 'COLLECTION_MATCH_FUZZY']",Atelopus
1078948205,"Atelopus spurrelli Boulenger, 1914",Atelopus spurrelli,3.983336,-76.949966,Valle del Cauca,Bajo Calima,PRESERVED_SPECIMEN,,aca3452a-0a90-431a-936c-8240ae367911,Colección de Anfibios y Reptiles Departamento de Biología Universidad del Valle,Universidad del Valle,UVC,4250.0,"['INSTITUTION_MATCH_FUZZY', 'COLLECTION_MATCH_FUZZY']",Atelopus
1315033630,"Atelopus sonsonensis Vélez-Rodriguez & Ruiz-Carranza, 1997",Atelopus sonsonensis,5.77406,-75.153,Antioquia,,PRESERVED_SPECIMEN,,b01bffc2-67b0-4441-806d-65c2cff690b5,,Universidad Nacional de Colombia (UNAL),ICN-MHN-Anf,800.0,"['INSTITUTION_MATCH_FUZZY', 'COLLECTION_MATCH_FUZZY']",Atelopus
1315033646,"Atelopus sernai Ruiz-Carranza & Osorno-Muñoz, 1994",Atelopus sernai,6.33187,-75.6596,Antioquia,,PRESERVED_SPECIMEN,,b01bffc2-67b0-4441-806d-65c2cff690b5,,Universidad Nacional de Colombia (UNAL),ICN-MHN-Anf,480.0,"['INSTITUTION_MATCH_FUZZY', 'COLLECTION_MATCH_FUZZY']",Atelopus
1315033661,"Atelopus sernai Ruiz-Carranza & Osorno-Muñoz, 1994",Atelopus sernai,6.33187,-75.6596,Antioquia,,PRESERVED_SPECIMEN,,b01bffc2-67b0-4441-806d-65c2cff690b5,,Universidad Nacional de Colombia (UNAL),ICN-MHN-Anf,480.0,"['INSTITUTION_MATCH_FUZZY', 'COLLECTION_MATCH_FUZZY']",Atelopus
1315033669,"Atelopus sernai Ruiz-Carranza & Osorno-Muñoz, 1994",Atelopus sernai,6.33187,-75.6596,Antioquia,,PRESERVED_SPECIMEN,,b01bffc2-67b0-4441-806d-65c2cff690b5,,Universidad Nacional de Colombia (UNAL),ICN-MHN-Anf,480.0,"['INSTITUTION_MATCH_FUZZY', 'COLLECTION_MATCH_FUZZY']",Atelopus
1315033676,"Atelopus Duméril & Bibron, 1841",,5.08288,-75.282,Tolima,,PRESERVED_SPECIMEN,,b01bffc2-67b0-4441-806d-65c2cff690b5,,Universidad Nacional de Colombia (UNAL),ICN-MHN-Anf,1000.0,"['INSTITUTION_MATCH_FUZZY', 'COLLECTION_MATCH_FUZZY']",Atelopus
1315033681,"Atelopus Duméril & Bibron, 1841",,4.62783,-75.4556,Quindío,,PRESERVED_SPECIMEN,,b01bffc2-67b0-4441-806d-65c2cff690b5,,Universidad Nacional de Colombia (UNAL),ICN-MHN-Anf,1178.33,"['INSTITUTION_MATCH_FUZZY', 'COLLECTION_MATCH_FUZZY']",Atelopus
1315033695,"Atelopus Duméril & Bibron, 1841",,4.62783,-75.4556,Quindío,,PRESERVED_SPECIMEN,,b01bffc2-67b0-4441-806d-65c2cff690b5,,Universidad Nacional de Colombia (UNAL),ICN-MHN-Anf,1178.33,"['INSTITUTION_MATCH_FUZZY', 'COLLECTION_MATCH_FUZZY']",Atelopus
1315033698,"Atelopus Duméril & Bibron, 1841",,4.62783,-75.4556,Quindío,,PRESERVED_SPECIMEN,,b01bffc2-67b0-4441-806d-65c2cff690b5,,Universidad Nacional de Colombia (UNAL),ICN-MHN-Anf,1178.33,"['INSTITUTION_MATCH_FUZZY', 'COLLECTION_MATCH_FUZZY']",Atelopus
1315033699,"Atelopus Duméril & Bibron, 1841",,5.08288,-75.282,Tolima,,PRESERVED_SPECIMEN,,b01bffc2-67b0-4441-806d-65c2cff690b5,,Universidad Nacional de Colombia (UNAL),ICN-MHN-Anf,1000.0,"['INSTITUTION_MATCH_FUZZY', 'COLLECTION_MATCH_FUZZY']",Atelopus
1315033708,"Atelopus Duméril & Bibron, 1841",,5.70135,-75.2521,Antioquia,,PRESERVED_SPECIMEN,,b01bffc2-67b0-4441-806d-65c2cff690b5,,Universidad Nacional de Colombia (UNAL),ICN-MHN-Anf,750.0,"['INSTITUTION_MATCH_FUZZY', 'COLLECTION_MATCH_FUZZY']",Atelopus
1315033709,"Atelopus Duméril & Bibron, 1841",,5.08288,-75.282,Tolima,,PRESERVED_SPECIMEN,,b01bffc2-67b0-4441-806d-65c2cff690b5,,Universidad Nacional de Colombia (UNAL),ICN-MHN-Anf,1000.0,"['INSTITUTION_MATCH_FUZZY', 'COLLECTION_MATCH_FUZZY']",Atelopus
1315033715,"Atelopus sernai Ruiz-Carranza & Osorno-Muñoz, 1994",Atelopus sernai,6.33187,-75.6596,Antioquia,,PRESERVED_SPECIMEN,,b01bffc2-67b0-4441-806d-65c2cff690b5,,Universidad Nacional de Colombia (UNAL),ICN-MHN-Anf,480.0,"['INSTITUTION_MATCH_FUZZY', 'COLLECTION_MATCH_FUZZY']",Atelopus
1315033717,"Atelopus Duméril & Bibron, 1841",,5.50446,-75.1784,Caldas,,PRESERVED_SPECIMEN,,b01bffc2-67b0-4441-806d-65c2cff690b5,,Universidad Nacional de Colombia (UNAL),ICN-MHN-Anf,1283.0,"['INSTITUTION_MATCH_FUZZY', 'COLLECTION_MATCH_FUZZY']",Atelopus
1315033721,"Atelopus subornatus Werner, 1899",Atelopus subornatus,4.26161,-74.2733,Cundinamarca,,PRESERVED_SPECIMEN,,b01bffc2-67b0-4441-806d-65c2cff690b5,,Universidad Nacional de Colombia (UNAL),ICN-MHN-Anf,350.0,"['INSTITUTION_MATCH_FUZZY', 'COLLECTION_MATCH_FUZZY']",Atelopus
1315033722,"Atelopus Duméril & Bibron, 1841",,5.08288,-75.282,Tolima,,PRESERVED_SPECIMEN,,b01bffc2-67b0-4441-806d-65c2cff690b5,,Universidad Nacional de Colombia (UNAL),ICN-MHN-Anf,1000.0,"['INSTITUTION_MATCH_FUZZY', 'COLLECTION_MATCH_FUZZY']",Atelopus
1315033724,"Atelopus Duméril & Bibron, 1841",,4.62783,-75.4556,Quindío,,PRESERVED_SPECIMEN,,b01bffc2-67b0-4441-806d-65c2cff690b5,,Universidad Nacional de Colombia (UNAL),ICN-MHN-Anf,1178.33,"['INSTITUTION_MATCH_FUZZY', 'COLLECTION_MATCH_FUZZY']",Atelopus
1315033726,"Atelopus subornatus Werner, 1899",Atelopus subornatus,4.26161,-74.2733,Cundinamarca,,PRESERVED_SPECIMEN,,b01bffc2-67b0-4441-806d-65c2cff690b5,,Universidad Nacional de Colombia (UNAL),ICN-MHN-Anf,350.0,"['INSTITUTION_MATCH_FUZZY', 'COLLECTION_MATCH_FUZZY']",Atelopus
1315033750,"Atelopus Duméril & Bibron, 1841",,4.62783,-75.4556,Quindío,,PRESERVED_SPECIMEN,,b01bffc2-67b0-4441-806d-65c2cff690b5,,Universidad Nacional de Colombia (UNAL),ICN-MHN-Anf,1178.33,"['INSTITUTION_MATCH_FUZZY', 'COLLECTION_MATCH_FUZZY']",Atelopus
1315033767,"Atelopus subornatus Werner, 1899",Atelopus subornatus,4.26161,-74.2733,Cundinamarca,,PRESERVED_SPECIMEN,,b01bffc2-67b0-4441-806d-65c2cff690b5,,Universidad Nacional de Colombia (UNAL),ICN-MHN-Anf,350.0,"['INSTITUTION_MATCH_FUZZY', 'COLLECTION_MATCH_FUZZY']",Atelopus
1315033774,"Atelopus Duméril & Bibron, 1841",,4.56416,-73.6956,Cundinamarca,,PRESERVED_SPECIMEN,,b01bffc2-67b0-4441-806d-65c2cff690b5,,Universidad Nacional de Colombia (UNAL),ICN-MHN-Anf,24569.0,"['INSTITUTION_MATCH_FUZZY', 'COLLECTION_MATCH_FUZZY']",Atelopus
1315033777,"Atelopus Duméril & Bibron, 1841",,4.62783,-75.4556,Quindío,,PRESERVED_SPECIMEN,,b01bffc2-67b0-4441-806d-65c2cff690b5,,Universidad Nacional de Colombia (UNAL),ICN-MHN-Anf,1178.33,"['INSTITUTION_MATCH_FUZZY', 'COLLECTION_MATCH_FUZZY']",Atelopus
1315033778,"Atelopus Duméril & Bibron, 1841",,4.62783,-75.4556,Quindío,,PRESERVED_SPECIMEN,,b01bffc2-67b0-4441-806d-65c2cff690b5,,Universidad Nacional de Colombia (UNAL),ICN-MHN-Anf,1178.33,"['INSTITUTION_MATCH_FUZZY', 'COLLECTION_MATCH_FUZZY']",Atelopus
1315033783,"Atelopus walkeri Rivero, 1963",Atelopus walkeri,11.1227,-74.0517,Magdalena,,PRESERVED_SPECIMEN,,b01bffc2-67b0-4441-806d-65c2cff690b5,,Universidad Nacional de Colombia (UNAL),ICN-MHN-Anf,797.0,"['INSTITUTION_MATCH_FUZZY', 'COLLECTION_MATCH_FUZZY']",Atelopus
1315033795,"Atelopus Duméril & Bibron, 1841",,5.50446,-75.1784,Caldas,,PRESERVED_SPECIMEN,,b01bffc2-67b0-4441-806d-65c2cff690b5,,Universidad Nacional de Colombia (UNAL),ICN-MHN-Anf,1283.0,"['INSTITUTION_MATCH_FUZZY', 'COLLECTION_MATCH_FUZZY']",Atelopus
1315033806,"Atelopus walkeri Rivero, 1963",Atelopus walkeri,11.1107,-74.0451,Magdalena,,PRESERVED_SPECIMEN,,b01bffc2-67b0-4441-806d-65c2cff690b5,,Universidad Nacional de Colombia (UNAL),ICN-MHN-Anf,3563.0,"['INSTITUTION_MATCH_FUZZY', 'COLLECTION_MATCH_FUZZY']",Atelopus
1315033818,"Atelopus walkeri Rivero, 1963",Atelopus walkeri,11.1227,-74.0517,Magdalena,,PRESERVED_SPECIMEN,,b01bffc2-67b0-4441-806d-65c2cff690b5,,Universidad Nacional de Colombia (UNAL),ICN-MHN-Anf,797.0,"['INSTITUTION_MATCH_FUZZY', 'COLLECTION_MATCH_FUZZY']",Atelopus
1315033821,"Atelopus walkeri Rivero, 1963",Atelopus walkeri,11.1227,-74.0517,Magdalena,,PRESERVED_SPECIMEN,,b01bffc2-67b0-4441-806d-65c2cff690b5,,Universidad Nacional de Colombia (UNAL),ICN-MHN-Anf,797.0,"['INSTITUTION_MATCH_FUZZY', 'COLLECTION_MATCH_FUZZY']",Atelopus
1315033825,"Atelopus subornatus Werner, 1899",Atelopus subornatus,4.26161,-74.2733,Cundinamarca,,PRESERVED_SPECIMEN,,b01bffc2-67b0-4441-806d-65c2cff690b5,,Universidad Nacional de Colombia (UNAL),ICN-MHN-Anf,350.0,"['INSTITUTION_MATCH_FUZZY', 'COLLECTION_MATCH_FUZZY']",Atelopus
1315033829,"Atelopus walkeri Rivero, 1963",Atelopus walkeri,11.1227,-74.0517,Magdalena,,PRESERVED_SPECIMEN,,b01bffc2-67b0-4441-806d-65c2cff690b5,,Universidad Nacional de Colombia (UNAL),ICN-MHN-Anf,797.0,"['INSTITUTION_MATCH_FUZZY', 'COLLECTION_MATCH_FUZZY']",Atelopus
1315033845,"Atelopus walkeri Rivero, 1963",Atelopus walkeri,11.1227,-74.0517,Magdalena,,PRESERVED_SPECIMEN,,b01bffc2-67b0-4441-806d-65c2cff690b5,,Universidad Nacional de Colombia (UNAL),ICN-MHN-Anf,797.0,"['INSTITUTION_MATCH_FUZZY', 'COLLECTION_MATCH_FUZZY']",Atelopus
1315033875,"Atelopus walkeri Rivero, 1963",Atelopus walkeri,11.1227,-74.0517,Magdalena,,PRESERVED_SPECIMEN,,b01bffc2-67b0-4441-806d-65c2cff690b5,,Universidad Nacional de Colombia (UNAL),ICN-MHN-Anf,797.0,"['INSTITUTION_MATCH_FUZZY', 'COLLECTION_MATCH_FUZZY']",Atelopus
1315033890,"Atelopus walkeri Rivero, 1963",Atelopus walkeri,11.1227,-74.0517,Magdalena,,PRESERVED_SPECIMEN,,b01bffc2-67b0-4441-806d-65c2cff690b5,,Universidad Nacional de Colombia (UNAL),ICN-MHN-Anf,797.0,"['INSTITUTION_MATCH_FUZZY', 'COLLECTION_MATCH_FUZZY']",Atelopus
1315033903,"Atelopus minutulus Ruiz-Carranza, Hernández-Camacho & Ardila-Robayo, 1988",Atelopus minutulus,4.17287,-73.816,Meta,,PRESERVED_SPECIMEN,,b01bffc2-67b0-4441-806d-65c2cff690b5,,Universidad Nacional de Colombia (UNAL),ICN-MHN-Anf,1538.0,"['INSTITUTION_MATCH_FUZZY', 'COLLECTION_MATCH_FUZZY']",Atelopus
1315033914,"Atelopus minutulus Ruiz-Carranza, Hernández-Camacho & Ardila-Robayo, 1988",Atelopus minutulus,4.17287,-73.816,Meta,,PRESERVED_SPECIMEN,,b01bffc2-67b0-4441-806d-65c2cff690b5,,Universidad Nacional de Colombia (UNAL),ICN-MHN-Anf,1538.0,"['INSTITUTION_MATCH_FUZZY', 'COLLECTION_MATCH_FUZZY']",Atelopus
1315033936,"Atelopus mandingues Osorno-Muñoz, Ardila-Robayo & Ruiz-Carranza, 2001",Atelopus mandingues,4.56401,-73.6832,Cundinamarca,,PRESERVED_SPECIMEN,,b01bffc2-67b0-4441-806d-65c2cff690b5,,Universidad Nacional de Colombia (UNAL),ICN-MHN-Anf,300.0,"['INSTITUTION_MATCH_FUZZY', 'COLLECTION_MATCH_FUZZY']",Atelopus
1315033942,"Atelopus minutulus Ruiz-Carranza, Hernández-Camacho & Ardila-Robayo, 1988",Atelopus minutulus,4.17287,-73.816,Meta,,PRESERVED_SPECIMEN,,b01bffc2-67b0-4441-806d-65c2cff690b5,,Universidad Nacional de Colombia (UNAL),ICN-MHN-Anf,1538.0,"['INSTITUTION_MATCH_FUZZY', 'COLLECTION_MATCH_FUZZY']",Atelopus
1315033946,"Atelopus minutulus Ruiz-Carranza, Hernández-Camacho & Ardila-Robayo, 1988",Atelopus minutulus,4.17287,-73.816,Meta,,PRESERVED_SPECIMEN,,b01bffc2-67b0-4441-806d-65c2cff690b5,,Universidad Nacional de Colombia (UNAL),ICN-MHN-Anf,1538.0,"['INSTITUTION_MATCH_FUZZY', 'COLLECTION_MATCH_FUZZY']",Atelopus
1315033954,"Atelopus minutulus Ruiz-Carranza, Hernández-Camacho & Ardila-Robayo, 1988",Atelopus minutulus,4.17287,-73.816,Meta,,PRESERVED_SPECIMEN,,b01bffc2-67b0-4441-806d-65c2cff690b5,,Universidad Nacional de Colombia (UNAL),ICN-MHN-Anf,1538.0,"['INSTITUTION_MATCH_FUZZY', 'COLLECTION_MATCH_FUZZY']",Atelopus
1315033961,"Atelopus minutulus Ruiz-Carranza, Hernández-Camacho & Ardila-Robayo, 1988",Atelopus minutulus,4.17287,-73.816,Meta,,PRESERVED_SPECIMEN,,b01bffc2-67b0-4441-806d-65c2cff690b5,,Universidad Nacional de Colombia (UNAL),ICN-MHN-Anf,1538.0,"['INSTITUTION_MATCH_FUZZY', 'COLLECTION_MATCH_FUZZY']",Atelopus
1315033966,"Atelopus leoperezii Ruiz-Carranza, Ardila-Robayo & Hernández-Camacho, 1994",Atelopus carrikeri,10.9075,-73.9263,Magdalena,,PRESERVED_SPECIMEN,,b01bffc2-67b0-4441-806d-65c2cff690b5,,Universidad Nacional de Colombia (UNAL),ICN-MHN-Anf,2543.0,"['INSTITUTION_MATCH_FUZZY', 'COLLECTION_MATCH_FUZZY']",Atelopus
1315033973,"Atelopus minutulus Ruiz-Carranza, Hernández-Camacho & Ardila-Robayo, 1988",Atelopus minutulus,4.17287,-73.816,Meta,,PRESERVED_SPECIMEN,,b01bffc2-67b0-4441-806d-65c2cff690b5,,Universidad Nacional de Colombia (UNAL),ICN-MHN-Anf,1538.0,"['INSTITUTION_MATCH_FUZZY', 'COLLECTION_MATCH_FUZZY']",Atelopus
1315033977,"Atelopus mandingues Osorno-Muñoz, Ardila-Robayo & Ruiz-Carranza, 2001",Atelopus mandingues,4.56401,-73.6832,Cundinamarca,,PRESERVED_SPECIMEN,,b01bffc2-67b0-4441-806d-65c2cff690b5,,Universidad Nacional de Colombia (UNAL),ICN-MHN-Anf,300.0,"['INSTITUTION_MATCH_FUZZY', 'COLLECTION_MATCH_FUZZY']",Atelopus
1315033978,"Atelopus minutulus Ruiz-Carranza, Hernández-Camacho & Ardila-Robayo, 1988",Atelopus minutulus,4.17287,-73.816,Meta,,PRESERVED_SPECIMEN,,b01bffc2-67b0-4441-806d-65c2cff690b5,,Universidad Nacional de Colombia (UNAL),ICN-MHN-Anf,1538.0,"['INSTITUTION_MATCH_FUZZY', 'COLLECTION_MATCH_FUZZY']",Atelopus
1315033984,"Atelopus leoperezii Ruiz-Carranza, Ardila-Robayo & Hernández-Camacho, 1994",Atelopus carrikeri,10.9075,-73.9263,Magdalena,,PRESERVED_SPECIMEN,,b01bffc2-67b0-4441-806d-65c2cff690b5,,Universidad Nacional de Colombia (UNAL),ICN-MHN-Anf,2543.0,"['INSTITUTION_MATCH_FUZZY', 'COLLECTION_MATCH_FUZZY']",Atelopus
1315033993,"Atelopus minutulus Ruiz-Carranza, Hernández-Camacho & Ardila-Robayo, 1988",Atelopus minutulus,4.17287,-73.816,Meta,,PRESERVED_SPECIMEN,,b01bffc2-67b0-4441-806d-65c2cff690b5,,Universidad Nacional de Colombia (UNAL),ICN-MHN-Anf,1538.0,"['INSTITUTION_MATCH_FUZZY', 'COLLECTION_MATCH_FUZZY']",Atelopus
1315033994,"Atelopus nahumae Ruiz-Carranza, Ardila-Robayo & Hernández-Camacho, 1994",Atelopus nahumae,11.1227,-74.0517,Magdalena,,PRESERVED_SPECIMEN,,b01bffc2-67b0-4441-806d-65c2cff690b5,,Universidad Nacional de Colombia (UNAL),ICN-MHN-Anf,797.0,"['INSTITUTION_MATCH_FUZZY', 'COLLECTION_MATCH_FUZZY']",Atelopus
1315033996,"Atelopus leoperezii Ruiz-Carranza, Ardila-Robayo & Hernández-Camacho, 1994",Atelopus carrikeri,10.9075,-73.9263,Magdalena,,PRESERVED_SPECIMEN,,b01bffc2-67b0-4441-806d-65c2cff690b5,,Universidad Nacional de Colombia (UNAL),ICN-MHN-Anf,2543.0,"['INSTITUTION_MATCH_FUZZY', 'COLLECTION_MATCH_FUZZY']",Atelopus
1315034011,"Atelopus minutulus Ruiz-Carranza, Hernández-Camacho & Ardila-Robayo, 1988",Atelopus minutulus,4.17287,-73.816,Meta,,PRESERVED_SPECIMEN,,b01bffc2-67b0-4441-806d-65c2cff690b5,,Universidad Nacional de Colombia (UNAL),ICN-MHN-Anf,1538.0,"['INSTITUTION_MATCH_FUZZY', 'COLLECTION_MATCH_FUZZY']",Atelopus
1315034014,"Atelopus minutulus Ruiz-Carranza, Hernández-Camacho & Ardila-Robayo, 1988",Atelopus minutulus,4.17287,-73.816,Meta,,PRESERVED_SPECIMEN,,b01bffc2-67b0-4441-806d-65c2cff690b5,,Universidad Nacional de Colombia (UNAL),ICN-MHN-Anf,1538.0,"['INSTITUTION_MATCH_FUZZY', 'COLLECTION_MATCH_FUZZY']",Atelopus
1315034022,"Atelopus nicefori Rivero, 1963",Atelopus nicefori,6.37786,-76.0692,Antioquia,,PRESERVED_SPECIMEN,,b01bffc2-67b0-4441-806d-65c2cff690b5,,Universidad Nacional de Colombia (UNAL),ICN-MHN-Anf,360.0,"['INSTITUTION_MATCH_FUZZY', 'COLLECTION_MATCH_FUZZY']",Atelopus
1315034029,"Atelopus nahumae Ruiz-Carranza, Ardila-Robayo & Hernández-Camacho, 1994",Atelopus nahumae,11.1227,-74.0517,Magdalena,,PRESERVED_SPECIMEN,,b01bffc2-67b0-4441-806d-65c2cff690b5,,Universidad Nacional de Colombia (UNAL),ICN-MHN-Anf,797.0,"['INSTITUTION_MATCH_FUZZY', 'COLLECTION_MATCH_FUZZY']",Atelopus
1315034047,"Atelopus nicefori Rivero, 1963",Atelopus nicefori,6.37791,-76.0703,Antioquia,,PRESERVED_SPECIMEN,,b01bffc2-67b0-4441-806d-65c2cff690b5,,Universidad Nacional de Colombia (UNAL),ICN-MHN-Anf,360.0,"['INSTITUTION_MATCH_FUZZY', 'COLLECTION_MATCH_FUZZY']",Atelopus
1315034054,"Atelopus minutulus Ruiz-Carranza, Hernández-Camacho & Ardila-Robayo, 1988",Atelopus minutulus,4.17287,-73.816,Meta,,PRESERVED_SPECIMEN,,b01bffc2-67b0-4441-806d-65c2cff690b5,,Universidad Nacional de Colombia (UNAL),ICN-MHN-Anf,1538.0,"['INSTITUTION_MATCH_FUZZY', 'COLLECTION_MATCH_FUZZY']",Atelopus
1315034062,"Atelopus nahumae Ruiz-Carranza, Ardila-Robayo & Hernández-Camacho, 1994",Atelopus nahumae,11.1227,-74.0517,Magdalena,,PRESERVED_SPECIMEN,,b01bffc2-67b0-4441-806d-65c2cff690b5,,Universidad Nacional de Colombia (UNAL),ICN-MHN-Anf,797.0,"['INSTITUTION_MATCH_FUZZY', 'COLLECTION_MATCH_FUZZY']",Atelopus
1315034074,"Atelopus nicefori Rivero, 1963",Atelopus nicefori,6.37791,-76.0703,Antioquia,,PRESERVED_SPECIMEN,,b01bffc2-67b0-4441-806d-65c2cff690b5,,Universidad Nacional de Colombia (UNAL),ICN-MHN-Anf,360.0,"['INSTITUTION_MATCH_FUZZY', 'COLLECTION_MATCH_FUZZY']",Atelopus
1315034076,"Atelopus nicefori Rivero, 1963",Atelopus nicefori,6.37791,-76.0703,Antioquia,,PRESERVED_SPECIMEN,,b01bffc2-67b0-4441-806d-65c2cff690b5,,Universidad Nacional de Colombia (UNAL),ICN-MHN-Anf,360.0,"['INSTITUTION_MATCH_FUZZY', 'COLLECTION_MATCH_FUZZY']",Atelopus
1315034077,"Atelopus nicefori Rivero, 1963",Atelopus nicefori,6.37791,-76.0703,Antioquia,,PRESERVED_SPECIMEN,,b01bffc2-67b0-4441-806d-65c2cff690b5,,Universidad Nacional de Colombia (UNAL),ICN-MHN-Anf,360.0,"['INSTITUTION_MATCH_FUZZY', 'COLLECTION_MATCH_FUZZY']",Atelopus
1315034078,"Atelopus nicefori Rivero, 1963",Atelopus nicefori,6.39657,-76.0512,Antioquia,,PRESERVED_SPECIMEN,,b01bffc2-67b0-4441-806d-65c2cff690b5,,Universidad Nacional de Colombia (UNAL),ICN-MHN-Anf,4072.0,"['INSTITUTION_MATCH_FUZZY', 'COLLECTION_MATCH_FUZZY']",Atelopus
1315034086,"Atelopus nahumae Ruiz-Carranza, Ardila-Robayo & Hernández-Camacho, 1994",Atelopus nahumae,11.1227,-74.0517,Magdalena,,PRESERVED_SPECIMEN,,b01bffc2-67b0-4441-806d-65c2cff690b5,,Universidad Nacional de Colombia (UNAL),ICN-MHN-Anf,797.0,"['INSTITUTION_MATCH_FUZZY', 'COLLECTION_MATCH_FUZZY']",Atelopus
1315034098,"Atelopus nicefori Rivero, 1963",Atelopus nicefori,6.37786,-76.0692,Antioquia,,PRESERVED_SPECIMEN,,b01bffc2-67b0-4441-806d-65c2cff690b5,,Universidad Nacional de Colombia (UNAL),ICN-MHN-Anf,360.0,"['INSTITUTION_MATCH_FUZZY', 'COLLECTION_MATCH_FUZZY']",Atelopus
1315034114,"Atelopus nicefori Rivero, 1963",Atelopus nicefori,6.37791,-76.0703,Antioquia,,PRESERVED_SPECIMEN,,b01bffc2-67b0-4441-806d-65c2cff690b5,,Universidad Nacional de Colombia (UNAL),ICN-MHN-Anf,360.0,"['INSTITUTION_MATCH_FUZZY', 'COLLECTION_MATCH_FUZZY']",Atelopus
1315034126,"Atelopus nicefori Rivero, 1963",Atelopus nicefori,6.37791,-76.0703,Antioquia,,PRESERVED_SPECIMEN,,b01bffc2-67b0-4441-806d-65c2cff690b5,,Universidad Nacional de Colombia (UNAL),ICN-MHN-Anf,360.0,"['INSTITUTION_MATCH_FUZZY', 'COLLECTION_MATCH_FUZZY']",Atelopus
1315034148,"Atelopus nicefori Rivero, 1963",Atelopus nicefori,6.37791,-76.0703,Antioquia,,PRESERVED_SPECIMEN,,b01bffc2-67b0-4441-806d-65c2cff690b5,,Universidad Nacional de Colombia (UNAL),ICN-MHN-Anf,360.0,"['INSTITUTION_MATCH_FUZZY', 'COLLECTION_MATCH_FUZZY']",Atelopus
1315034149,"Atelopus nahumae Ruiz-Carranza, Ardila-Robayo & Hernández-Camacho, 1994",Atelopus nahumae,11.1227,-74.0517,Magdalena,,PRESERVED_SPECIMEN,,b01bffc2-67b0-4441-806d-65c2cff690b5,,Universidad Nacional de Colombia (UNAL),ICN-MHN-Anf,797.0,"['INSTITUTION_MATCH_FUZZY', 'COLLECTION_MATCH_FUZZY']",Atelopus
1315035043,"Atelopus carauta Ruiz-Carranza & Hernández-Camacho, 1978",Atelopus carauta,6.74833,-76.3338,Antioquia,,PRESERVED_SPECIMEN,,b01bffc2-67b0-4441-806d-65c2cff690b5,,Universidad Nacional de Colombia (UNAL),ICN-MHN-Anf,900.0,"['INSTITUTION_MATCH_FUZZY', 'COLLECTION_MATCH_FUZZY']",Atelopus
1315035069,"Atelopus carauta Ruiz-Carranza & Hernández-Camacho, 1978",Atelopus carauta,6.74833,-76.3338,Antioquia,,PRESERVED_SPECIMEN,,b01bffc2-67b0-4441-806d-65c2cff690b5,,Universidad Nacional de Colombia (UNAL),ICN-MHN-Anf,900.0,"['INSTITUTION_MATCH_FUZZY', 'COLLECTION_MATCH_FUZZY']",Atelopus
1315035081,"Atelopus carauta Ruiz-Carranza & Hernández-Camacho, 1978",Atelopus carauta,6.75973,-76.3061,Antioquia,,PRESERVED_SPECIMEN,,b01bffc2-67b0-4441-806d-65c2cff690b5,,Universidad Nacional de Colombia (UNAL),ICN-MHN-Anf,900.0,"['INSTITUTION_MATCH_FUZZY', 'COLLECTION_MATCH_FUZZY']",Atelopus
1315035086,"Atelopus carauta Ruiz-Carranza & Hernández-Camacho, 1978",Atelopus carauta,6.75973,-76.3061,Antioquia,,PRESERVED_SPECIMEN,,b01bffc2-67b0-4441-806d-65c2cff690b5,,Universidad Nacional de Colombia (UNAL),ICN-MHN-Anf,900.0,"['INSTITUTION_MATCH_FUZZY', 'COLLECTION_MATCH_FUZZY']",Atelopus
1315035100,"Atelopus carauta Ruiz-Carranza & Hernández-Camacho, 1978",Atelopus carauta,6.75973,-76.3061,Antioquia,,PRESERVED_SPECIMEN,,b01bffc2-67b0-4441-806d-65c2cff690b5,,Universidad Nacional de Colombia (UNAL),ICN-MHN-Anf,900.0,"['INSTITUTION_MATCH_FUZZY', 'COLLECTION_MATCH_FUZZY']",Atelopus
1315035120,"Atelopus carauta Ruiz-Carranza & Hernández-Camacho, 1978",Atelopus carauta,6.74833,-76.3338,Antioquia,,PRESERVED_SPECIMEN,,b01bffc2-67b0-4441-806d-65c2cff690b5,,Universidad Nacional de Colombia (UNAL),ICN-MHN-Anf,900.0,"['INSTITUTION_MATCH_FUZZY', 'COLLECTION_MATCH_FUZZY']",Atelopus
1315035124,"Atelopus ebenoides Rivero, 1963",Atelopus ebenoides,5.48228,-73.0884,Boyacá,,PRESERVED_SPECIMEN,,b01bffc2-67b0-4441-806d-65c2cff690b5,,Universidad Nacional de Colombia (UNAL),ICN-MHN-Anf,2669.0,"['INSTITUTION_MATCH_FUZZY', 'COLLECTION_MATCH_FUZZY']",Atelopus
1315035157,"Atelopus carrikeri Ruthven, 1916",Atelopus carrikeri,10.6383,-73.6383,Magdalena,,PRESERVED_SPECIMEN,,b01bffc2-67b0-4441-806d-65c2cff690b5,,Universidad Nacional de Colombia (UNAL),ICN-MHN-Anf,1821.0,"['INSTITUTION_MATCH_FUZZY', 'COLLECTION_MATCH_FUZZY']",Atelopus
1987031851,"Atelopus gracilis Barbour, 1905",Atelopus elegans,2.96734,-78.183298,Cauca,,PRESERVED_SPECIMEN,,8e479b8f-ac16-4bed-a11a-bc7e27c31663,"University of Michigan Museum of Zoology, Division of Reptiles & Amphibians",UMMZ,UMMZ-Herps,6089.0,"['CONTINENT_INVALID', 'CONTINENT_DERIVED_FROM_COORDINATES']",Atelopus
1987229149,"Atelopus gracilis Barbour, 1905",Atelopus elegans,2.96734,-78.183298,Cauca,,PRESERVED_SPECIMEN,,8e479b8f-ac16-4bed-a11a-bc7e27c31663,"University of Michigan Museum of Zoology, Division of Reptiles & Amphibians",UMMZ,UMMZ-Herps,6089.0,"['CONTINENT_INVALID', 'CONTINENT_DERIVED_FROM_COORDINATES']",Atelopus
2640762457,"Atelopus varius (Lichtenstein & Martens, 1856)",Atelopus varius,4.76896,-75.72222,Risaralda,,PRESERVED_SPECIMEN,,5f19459c-0da2-4d2a-8180-87a917410b07,Colección de ranas del Museo de La Salle,Universidad de La Salle (La Salle),MLS-ran,,"['INSTITUTION_MATCH_FUZZY', 'COLLECTION_MATCH_FUZZY']",Atelopus
2640762462,"Atelopus varius (Lichtenstein & Martens, 1856)",Atelopus varius,4.76896,-75.72222,Risaralda,,PRESERVED_SPECIMEN,,5f19459c-0da2-4d2a-8180-87a917410b07,Colección de ranas del Museo de La Salle,Universidad de La Salle (La Salle),MLS-ran,,"['INSTITUTION_MATCH_FUZZY', 'COLLECTION_MATCH_FUZZY']",Atelopus
2640763830,"Atelopus varius (Lichtenstein & Martens, 1856)",Atelopus varius,4.5,-75.66667,Quindío,,PRESERVED_SPECIMEN,,5f19459c-0da2-4d2a-8180-87a917410b07,Colección de ranas del Museo de La Salle,Universidad de La Salle (La Salle),MLS-ran,,"['INSTITUTION_MATCH_FUZZY', 'COLLECTION_MATCH_FUZZY']",Atelopus
2640763832,"Atelopus elegans (Boulenger, 1882)",Atelopus elegans,2.5,-76.83333,Cauca,,PRESERVED_SPECIMEN,,5f19459c-0da2-4d2a-8180-87a917410b07,Colección de ranas del Museo de La Salle,Universidad de La Salle (La Salle),MLS-ran,,"['INSTITUTION_MATCH_FUZZY', 'COLLECTION_MATCH_FUZZY']",Atelopus
2640763833,"Atelopus spurrelli Boulenger, 1914",Atelopus spurrelli,3.5,-73.0,Meta,,PRESERVED_SPECIMEN,,5f19459c-0da2-4d2a-8180-87a917410b07,Colección de ranas del Museo de La Salle,Universidad de La Salle (La Salle),MLS-ran,,"['INSTITUTION_MATCH_FUZZY', 'COLLECTION_MATCH_FUZZY']",Atelopus
2640763835,"Atelopus pedimarmoratus Rivero, 1963",Atelopus pedimarmoratus,4.66667,-73.5,Cundinamarca,,PRESERVED_SPECIMEN,,5f19459c-0da2-4d2a-8180-87a917410b07,Colección de ranas del Museo de La Salle,Universidad de La Salle (La Salle),MLS-ran,,"['INSTITUTION_MATCH_FUZZY', 'COLLECTION_MATCH_FUZZY']",Atelopus
3349305764,"Atelopus Duméril & Bibron, 1841",,8.62,-77.37,,,PRESERVED_SPECIMEN,,d8cd16ba-bb74-4420-821e-083f2bac17c2,,,,,"['GEODETIC_DATUM_ASSUMED_WGS84', 'CONTINENT_DERIVED_FROM_COORDINATES', 'TAXON_MATCH_HIGHERRANK', 'TAXON_CONCEPT_ID_NOT_FOUND', 'TAXON_ID_NOT_FOUND']",Atelopus
3349436537,"Atelopus Duméril & Bibron, 1841",,8.62,-77.37,,,PRESERVED_SPECIMEN,,d8cd16ba-bb74-4420-821e-083f2bac17c2,,,,,"['GEODETIC_DATUM_ASSUMED_WGS84', 'CONTINENT_DERIVED_FROM_COORDINATES', 'TAXON_MATCH_HIGHERRANK', 'TAXON_CONCEPT_ID_NOT_FOUND', 'TAXON_ID_NOT_FOUND']",Atelopus
3351835792,"Atelopus elegans (Boulenger, 1882)",Atelopus elegans,2.97,-78.19,,,PRESERVED_SPECIMEN,,d8cd16ba-bb74-4420-821e-083f2bac17c2,,,,,"['GEODETIC_DATUM_ASSUMED_WGS84', 'CONTINENT_DERIVED_FROM_COORDINATES', 'TAXON_CONCEPT_ID_NOT_FOUND', 'TAXON_ID_NOT_FOUND']",Atelopus
3441419893,"Atelopus Duméril & Bibron, 1841",,8.616934,-77.36664,,,MATERIAL_SAMPLE,,040c5662-da76-4782-a48e-cdea1892d14c,,"Mined from GenBank, NCBI",,,"['GEODETIC_DATUM_ASSUMED_WGS84', 'CONTINENT_DERIVED_FROM_COORDINATES', 'TAXON_MATCH_HIGHERRANK', 'INSTITUTION_MATCH_NONE']",Atelopus
3441444829,"Atelopus laetissimus Ruiz-Carranza, Ardila-Robayo & Hernández-Camacho, 1994",Atelopus laetissimus,11.0,-73.5,,,MATERIAL_SAMPLE,,040c5662-da76-4782-a48e-cdea1892d14c,,"Mined from GenBank, NCBI",,,"['GEODETIC_DATUM_ASSUMED_WGS84', 'CONTINENT_DERIVED_FROM_COORDINATES', 'INSTITUTION_MATCH_NONE']",Atelopus
3442470854,"Atelopus elegans (Boulenger, 1882)",Atelopus elegans,2.96833,-78.1866,,,MATERIAL_SAMPLE,,040c5662-da76-4782-a48e-cdea1892d14c,,"Mined from GenBank, NCBI",,,"['GEODETIC_DATUM_ASSUMED_WGS84', 'CONTINENT_DERIVED_FROM_COORDINATES', 'INSTITUTION_MATCH_NONE']",Atelopus
3442510855,"Atelopus elegans (Boulenger, 1882)",Atelopus elegans,2.968333,-78.18663,,,MATERIAL_SAMPLE,,040c5662-da76-4782-a48e-cdea1892d14c,,"Mined from GenBank, NCBI",,,"['GEODETIC_DATUM_ASSUMED_WGS84', 'CONTINENT_DERIVED_FROM_COORDINATES', 'INSTITUTION_MATCH_NONE']",Atelopus
3442517893,"Atelopus Duméril & Bibron, 1841",,8.616934,-77.36664,,,MATERIAL_SAMPLE,,040c5662-da76-4782-a48e-cdea1892d14c,,"Mined from GenBank, NCBI",,,"['GEODETIC_DATUM_ASSUMED_WGS84', 'CONTINENT_DERIVED_FROM_COORDINATES', 'TAXON_MATCH_HIGHERRANK', 'INSTITUTION_MATCH_NONE']",Atelopus
3987277476,"Atelopus laetissimus Ruiz-Carranza, Ardila-Robayo & Hernández-Camacho, 1994",Atelopus laetissimus,11.0,-73.5,,,PRESERVED_SPECIMEN,,d8cd16ba-bb74-4420-821e-083f2bac17c2,,,,,"['GEODETIC_DATUM_ASSUMED_WGS84', 'CONTINENT_DERIVED_FROM_COORDINATES', 'TAXON_CONCEPT_ID_NOT_FOUND', 'TAXON_ID_NOT_FOUND']",Atelopus
4005823566,"Atelopus elegans (Boulenger, 1882)",Atelopus elegans,2.97,-78.19,,,PRESERVED_SPECIMEN,,d8cd16ba-bb74-4420-821e-083f2bac17c2,,,,,"['GEODETIC_DATUM_ASSUMED_WGS84', 'CONTINENT_DERIVED_FROM_COORDINATES', 'TAXON_CONCEPT_ID_NOT_FOUND', 'TAXON_ID_NOT_FOUND']",Atelopus
4912433204,"Atelopus elegans (Boulenger, 1882)",Atelopus elegans,2.962344,-78.18517,Valle del Cauca,,MATERIAL_SAMPLE,,7b20c426-defe-45ff-82a2-bb00141e1e8f,Bioweb,QCAZ,QCAZA,,"['COORDINATE_ROUNDED', 'CONTINENT_INVALID', 'CONTINENT_DERIVED_FROM_COORDINATES', 'TAXON_ID_NOT_FOUND']",Atelopus
4912433210,"Atelopus elegans (Boulenger, 1882)",Atelopus elegans,2.962344,-78.18517,Valle del Cauca,,MATERIAL_SAMPLE,,7b20c426-defe-45ff-82a2-bb00141e1e8f,Bioweb,QCAZ,QCAZA,,"['COORDINATE_ROUNDED', 'CONTINENT_INVALID', 'CONTINENT_DERIVED_FROM_COORDINATES', 'TAXON_ID_NOT_FOUND']",Atelopus
4912433211,"Atelopus elegans (Boulenger, 1882)",Atelopus elegans,2.962344,-78.18517,Valle del Cauca,,MATERIAL_SAMPLE,,7b20c426-defe-45ff-82a2-bb00141e1e8f,Bioweb,QCAZ,QCAZA,,"['COORDINATE_ROUNDED', 'CONTINENT_INVALID', 'CONTINENT_DERIVED_FROM_COORDINATES', 'TAXON_ID_NOT_FOUND']",Atelopus
4955538210,"Atelopus muisca Rueda-Almonacid & Hoyos, 1992",Atelopus muisca,4.609167,-73.718333,Cundinamarca,,PRESERVED_SPECIMEN,,94dce9c1-e2f0-45cb-a77b-8e5caa871a41,,Instituto de Investigación de Recursos Biológicos Alexander von Humboldt (IAvH),IAvH-Am,,"['COORDINATE_ROUNDED', 'INSTITUTION_MATCH_FUZZY']",Atelopus
4955538212,"Atelopus muisca Rueda-Almonacid & Hoyos, 1992",Atelopus muisca,4.609167,-73.718333,Cundinamarca,,PRESERVED_SPECIMEN,,94dce9c1-e2f0-45cb-a77b-8e5caa871a41,,Instituto de Investigación de Recursos Biológicos Alexander von Humboldt (IAvH),IAvH-Am,,"['COORDINATE_ROUNDED', 'INSTITUTION_MATCH_FUZZY']",Atelopus
4979129649,"Atelopus ardila Coloma, Duellman, Almendáriz, Ron, Terán-Valdez & Guayasamin, 2010",Atelopus ardila,1.256086,-77.378144,Nariño,,MACHINE_OBSERVATION,,94687f6b-6723-46a3-90d8-5a06b843291c,,Instituto de Investigación de Recursos Biológicos Alexander von Humboldt (IAvH),IAvH-CSA,,['COORDINATE_ROUNDED'],Atelopus
5106163417,"Atelopus spumarius Cope, 1871",Atelopus spumarius,0.549434,-76.305498,Putumayo,,HUMAN_OBSERVATION,,7d6ffd39-a900-4dc0-af1b-f8b983e5d443,"Modificación de licencia ambiental global otorgada mediante la resolución 2531 de 2009, modificada por la resolución 0107 de 2011, modificada por la resolución 0513 de 2015; en sentido de ampliar el área de interés de la zona norte del bloque Platanillo e incluir otras actividades",GeoPark Colombia S.A.S. (GeoPark),,,[],Atelopus
5106163709,"Atelopus spumarius Cope, 1871",Atelopus spumarius,0.556405,-76.304012,Putumayo,,HUMAN_OBSERVATION,,7d6ffd39-a900-4dc0-af1b-f8b983e5d443,"Modificación de licencia ambiental global otorgada mediante la resolución 2531 de 2009, modificada por la resolución 0107 de 2011, modificada por la resolución 0513 de 2015; en sentido de ampliar el área de interés de la zona norte del bloque Platanillo e incluir otras actividades",GeoPark Colombia S.A.S. (GeoPark),,,[],Atelopus
5106163722,"Atelopus spumarius Cope, 1871",Atelopus spumarius,0.556405,-76.304012,Putumayo,,HUMAN_OBSERVATION,,7d6ffd39-a900-4dc0-af1b-f8b983e5d443,"Modificación de licencia ambiental global otorgada mediante la resolución 2531 de 2009, modificada por la resolución 0107 de 2011, modificada por la resolución 0513 de 2015; en sentido de ampliar el área de interés de la zona norte del bloque Platanillo e incluir otras actividades",GeoPark Colombia S.A.S. (GeoPark),,,[],Atelopus
5106163775,"Atelopus spumarius Cope, 1871",Atelopus spumarius,0.552693,-76.309866,Putumayo,,HUMAN_OBSERVATION,,7d6ffd39-a900-4dc0-af1b-f8b983e5d443,"Modificación de licencia ambiental global otorgada mediante la resolución 2531 de 2009, modificada por la resolución 0107 de 2011, modificada por la resolución 0513 de 2015; en sentido de ampliar el área de interés de la zona norte del bloque Platanillo e incluir otras actividades",GeoPark Colombia S.A.S. (GeoPark),,,[],Atelopus
5106163784,"Atelopus spumarius Cope, 1871",Atelopus spumarius,0.552693,-76.309866,Putumayo,,HUMAN_OBSERVATION,,7d6ffd39-a900-4dc0-af1b-f8b983e5d443,"Modificación de licencia ambiental global otorgada mediante la resolución 2531 de 2009, modificada por la resolución 0107 de 2011, modificada por la resolución 0513 de 2015; en sentido de ampliar el área de interés de la zona norte del bloque Platanillo e incluir otras actividades",GeoPark Colombia S.A.S. (GeoPark),,,[],Atelopus
